field_id,dominant_class,classified_fraction,extensive_fraction,mid_fraction,intensive_fraction
49001,extensive,1,0.6057110024565516,0.3942889975434483,0
49002,extensive,1,0.7699221361587026,0.23007786384129733,0
575003,mid,1,1.9656744149224066e-4,0.8368949660636577,0.16290846649485013
575004,mid,1,0,0.7801032535836927,0.2198967464163073
575007,mid,1,0.026584965288110142,0.9698779731267382,0.003537061585151686
575010,mid,1,0,0.6593655876514648,0.3406344123485352
575011,mid,1,0.016206133598898387,0.9837938664011017,0
575012,mid,1,0,1,0
575013,intensive,1,0,0.02022669559821416,0.9797733044017858
575015,intensive,1,0,0.15858488876404916,0.8414151112359508
575016,mid,1,0.06758378223430792,0.9324162177656921,0
575017,mid,1,0.18366075698302708,0.8163392430169729,0
575018,mid,1,0.3490424293035214,0.6509575706964786,0
575019,extensive,1,0.6032028736407757,0.39679712635922426,0
575022,extensive,1,1,0,0
575023,extensive,1,0.8137820944553508,0.18621790554464923,0
575024,mid,1,0.25202464003438296,0.747975359965617,0
572001,mid,1,0.20688563713759522,0.7931143628624048,0
572004,extensive,1,0.7341576631789964,0.26584233682100356,0
572005,extensive,1,0.687393755215813,0.312606244784187,0
572006,extensive,1,0.7852983969869923,0.2147016030130076,0
572007,mid,1,0.11320605962574419,0.8867939403742559,0
572008,mid,1,0.16180525201769844,0.8381947479823015,0
572012,mid,1,2.0492239899246427e-4,0.9997950776010075,0
578002,mid,1,0.03637248066460892,0.8913129173337418,0.07231460200164923
578003,mid,1,5.59809222586698e-4,0.8883969649586893,0.11104322581872403
578004,mid,1,0.07175562938086985,0.9282443706191301,0
578006,intensive,1,0,0.39034313147758554,0.6096568685224145
578009,extensive,1,0.5876080899343123,0.41239191006568765,0
578011,extensive,1,0.6190714847176417,0.38092851528235827,0
578012,extensive,1,0.5754824721076472,0.4245175278923527,0
578014,intensive,1,3.1878901354739323e-4,0.32546016515623244,0.6742210458302201
578015,mid,1,0.36801192794176085,0.6319880720582391,0
578018,mid,1,0.18329007280136045,0.8167099271986396,0
578019,extensive,1,0.5412342348003539,0.45876576519964607,0
578020,extensive,1,0.5938694294215545,0.4061305705784455,0
578021,intensive,1,0,0.17742218155111614,0.8225778184488839
578024,extensive,1,0.7321529744024534,0.2678470255975466,0
578025,mid,1,0.07246277600557269,0.8083041531718149,0.11923307082261243
578026,intensive,1,0,0.05394736063134317,0.9460526393686568
578027,intensive,1,0,0.058878511641166996,0.941121488358833
578028,mid,1,0.22642212570890635,0.7735778742910937,0
578029,intensive,1,0,0.4374146040414909,0.5625853959585091
578030,intensive,1,0,0,1
578034,intensive,1,0,0.3819334928835793,0.6180665071164206
578036,intensive,1,0,0.12925079486480406,0.8707492051351959
566002,intensive,1,0,0.12818925976470474,0.8718107402352953
566003,intensive,1,0,0.14914972851121058,0.8508502714887894
566009,mid,1,0.004402902335091522,0.8258585776060314,0.16973852005887707
566011,intensive,1,0.0032082744931967275,0.49764666280276754,0.4991450627040357
566018,extensive,1,0.5028378724913901,0.4886685458457481,0.008493581662861797
563018,mid,1,0.41460736182914093,0.5853926381708591,0
563019,mid,1,0,0.9886210816856231,0.011378918314376924
563020,mid,1,0,0.9924922133727776,0.0075077866272224405
563021,mid,1,0,1,0
563023,mid,1,0,1,0
563024,mid,1,0,1,0
576001,mid,1,0.0030192791921031135,0.9969807208078969,0
576002,mid,1,0.02807112699151073,0.9719288730084893,0
576004,intensive,1,0,0.30339153312838213,0.6966084668716179
576005,mid,1,0.3554669583033997,0.6445330416966003,0
576007,intensive,1,0.008120450967124743,0.48066582986855305,0.5112137191643222
576009,mid,1,0.00414690730713298,0.995853092692867,0
576010,intensive,1,0,0.24887733647748658,0.7511226635225134
576013,mid,1,0,0.8261112727715674,0.17388872722843268
576014,intensive,1,0,0.2099886364001229,0.7900113635998771
576015,intensive,1,8.357885807071893e-4,0.21516333590785183,0.7840008755114409
576018,mid,1,0.0018479601875396648,0.6896990618423537,0.30845297797010657
576019,mid,1,0.1755899799661919,0.824410020033808,0
568001,extensive,1,0.9122562199732761,0.08774378002672388,0
568002,mid,1,0.05854726678486574,0.6896327867020106,0.2518199465131237
568003,mid,1,0.13824619500363858,0.86175380499636145,0
568009,mid,1,0.16108562840375376,0.8389143715962463,0
568010,extensive,1,0.7173416225291638,0.2826583774708362,0
568013,mid,1,0.37349278612568215,0.6265072138743178,0
568014,mid,1,0.27126991164923786,0.7287300883507621,0
568016,mid,1,0.20871653855221436,0.7912834614477856,0
568017,mid,1,0.07171578310565845,0.9282842168943416,0
568018,mid,1,0.45257303307278857,0.5474269669272115,0
568021,extensive,1,0.9451346745105433,0.05486532548945664,0
568022,extensive,1,0.6213321273314548,0.37866787266854524,0
568025,mid,1,0.04188979351606193,0.9581102064839381,0
568026,extensive,1,0.8073217715075762,0.19267822849242383,0
568027,extensive,1,0.9742889990653073,0.02571100093469268,0
568029,mid,1,0.3197808613187282,0.6802191386812718,0
568032,extensive,1,0.6336026604992879,0.36639733950071207,0
573002,mid,1,0,0.6568287065568228,0.3431712934431772
573003,intensive,1,0,0.26318492465749616,0.7368150753425039
573007,intensive,1,0.019532028058010364,0.3300283771050815,0.6504395948369082
573017,mid,1,0,0.6791139446068645,0.3208860553931355
565004,intensive,1,0,0.16697527159992523,0.8330247284000748
565009,intensive,1,1.9725816773706705e-5,0.2031334273202981,0.7968468468629282
565012,mid,1,0.48043552071286655,0.5195644792871335,0
570002,mid,1,0,0.8563323230030195,0.14366767699698052
570003,mid,1,0,0.997639985135492,0.0023600148645080313
570005,mid,1,0.013991668458798307,0.710952978828908,0.2750553527122937
570007,intensive,1,4.212728856098878e-5,0.33214243609939575,0.6678154366120432
570008,mid,1,0,0.5459790358325927,0.4540209641674073
570011,intensive,1,6.777607123400364e-5,0.2195911847429862,0.7803410391857798
570012,extensive,1,0.5363968894186689,0.463603110581331,0
570016,mid,1,0.3503010209024265,0.6496989790975735,0
570018,mid,1,0.012608233622712002,0.987391766377288,0
570019,mid,1,0.10645480772308845,0.893030317046912,5.148752299995237e-4
570022,extensive,1,0.5714725976221537,0.4285274023778462,0
570023,mid,1,0.47764778836778055,0.5223522116322195,0
570024,mid,1,0.011027906030983681,0.5597450214183626,0.4292270725506538
570025,intensive,1,0.026549180203767616,0.13860689974404247,0.8348439200521899
570026,mid,1,0.21757373067882427,0.7824262693211758,0
570027,mid,1,0.02390788722971434,0.5540274725944957,0.42206464017578993
570028,mid,1,0.043131888522322734,0.615528295379245,0.3413398160984323
570032,mid,1,0,0.6334850587471813,0.36651494125281875
570033,mid,1,0,0.954898565333926,0.04510143466607393
570034,intensive,1,0,0.18057718918354798,0.8194228108164521
570037,mid,1,0.3564107046896199,0.6435337061844367,5.558912594336764e-5
570038,intensive,1,0.011503212672306478,0.19247792388434018,0.7960188634433534
570040,mid,1,0,0.6474708539951927,0.35252914600480734
570043,mid,1,0.32947830368100817,0.6464608752271221,0.02406082109186967
564007,extensive,1,0.6799600767314923,0.3200399232685077,0
564009,mid,1,0.10744089001554458,0.8925591099844554,0
564010,mid,1,0.2762605500499301,0.7237394499500699,0
564011,mid,1,0.25231176861433185,0.7476882313856682,0
564013,extensive,1,0.7317252916977673,0.26827470830223266,0
564015,intensive,1,0.18796987085375602,0.2644269388051785,0.5476031903410655
564016,mid,1,0,1,0
564020,mid,1,0.004555234648553062,0.7696941059725879,0.22575065937885908
564021,intensive,1,0,0.4539860767468096,0.5460139232531904
564022,mid,1,0,0.8584987489838453,0.1415012510161547
564032,mid,1,0,0.9744271302525427,0.025572869747457302
564033,intensive,1,0,0.16668352251344626,0.8333164774865537
564038,mid,1,0,0.8723696101085494,0.12763038989145062
564043,mid,1,0.0649196042915851,0.935080395708415,0
564044,mid,1,0,0.8568070686696095,0.14319293133039043
567001,intensive,1,0,0.1117692852092472,0.8882307147907528
567003,intensive,1,0,0.2149622347524841,0.7850377652475159
567006,intensive,1,0,0.09555178961142506,0.9044482103885749
567007,intensive,1,0,0.10515551348088814,0.8948444865191119
567008,mid,1,0,0.6465346318872511,0.3534653681127488
567009,mid,1,0,0.945259584362781,0.054740415637218966
567013,mid,1,0.009152305237037393,0.5461768120455955,0.44467088271736704
567016,mid,1,0,1,0
567017,mid,1,0.01297385383127104,0.987026146168729,0
567018,mid,1,0,1,0
567019,mid,1,0.0019621309891752177,0.9980378690108248,0
567021,mid,1,0,1,0
567022,mid,1,0.21168761830527522,0.7883123816947248,0
567023,mid,1,0.23575478437435551,0.7642452156256445,0
567025,mid,1,0.03456346479175745,0.9461461629931853,0.01929037221505725
577001,mid,1,0.20599823090568326,0.7940017690943167,0
577002,mid,1,0.01871352651382915,0.9812864734861708,0
577003,mid,1,0.012373222160032853,0.6431181663995658,0.3445086114404014
577005,mid,1,0,0.8068006125051986,0.19319938749480134
577006,mid,1,0.1641977505168055,0.8358022494831945,0
577007,mid,1,0,0.9741354802130813,0.025864519786918762
577008,mid,1,0,0.8409490621218605,0.15905093787813948
577009,mid,1,0,0.6455523209766425,0.35444767902335755
577010,intensive,1,0,0.4724111549278715,0.5275888450721284
577011,mid,1,0,0.5750891954240914,0.4249108045759085
577012,mid,1,0.042189606141166694,0.9578103938588333,0
577013,mid,1,0.11477308849404659,0.8852269115059535,0
577014,mid,1,0.16061404358034795,0.8393859564196521,0
577015,intensive,1,0,0.4759786943052469,0.524021305694753
577016,mid,1,0,1,0
577017,mid,1,0.097123725685044,0.902876274314956,0
577018,mid,1,0.03650311022636145,0.9634968897736386,0
577020,mid,1,0.12755648341157833,0.8724435165884217,0
577021,mid,1,0.40931353029340317,0.5501030448551194,0.040583424851477465
577022,mid,1,0,0.7074228629493148,0.2925771370506852
577023,mid,1,0,1,0
79014,extensive,1,0.8777950665543215,0.12220493344567845,0
79015,extensive,1,0.9400221680336979,0.05997783196630213,0
79016,extensive,1,0.5138200507063891,0.4861799492936109,0
79017,mid,1,0.12445960418630629,0.8755403958136937,0
79018,mid,1,0.2114665971386119,0.7885334028613881,0
79020,extensive,1,0.8464155368752366,0.15358446312476337,0
79021,extensive,1,0.6801335927527377,0.3198664072472623,0
79022,extensive,1,0.9999089868582615,9.101314173857824e-5,0
79023,extensive,1,0.9765462464140049,0.023453753585995128,0
79024,extensive,1,0.9486376524339893,0.05136234756601067,0
79025,extensive,1,0.7183300685836079,0.281669931416392,0
79027,extensive,1,0.5810852953312643,0.41891470466873576,0
574001,mid,1,0,0.972042152346074,0.027957847653925998
574007,mid,1,0,0.9998691209691558,1.3087903084416786e-4
574003,mid,1,0.27406864986601376,0.675878264969797,0.050053085164189284
574009,mid,1,0.016672984187674475,0.6847993860206478,0.29852762979167774
574010,extensive,1,0.7157841769683368,0.2842158230316632,0
574011,mid,1,0,0.9153858771972293,0.08461412280277067
574020,intensive,1,0.006759465562781368,0.49483107242401525,0.49840946201320335
574021,intensive,1,0.006701127971699495,0.49558156793602065,0.4977173040922799
571006,mid,1,0.01967896310963529,0.9803210368903648,0
571009,mid,1,0.019909070354651514,0.9800909296453485,0
571019,mid,1,9.324695363237633e-4,0.9990675304636762,0
571023,mid,1,6.886501243167322e-4,0.9785168520996415,0.0207944977760418
571025,mid,1,0,1,0
571028,mid,1,0.010681378690899688,0.9893186213091003,0
571030,mid,1,0,1,0
571032,mid,1,2.406275759537746e-4,0.8766911459950909,0.12306822642895528
571033,intensive,1,0.0010048827555960253,0.44912074759578297,0.549874369648621
571036,intensive,1,0,0.06952564439570774,0.9304743556042923
571039,intensive,1,0,0.391788780406905,0.608211219593095
571001,mid,1,0.3342851578966951,0.6657148421033049,0
571042,intensive,1,0.02062897031659933,0.20332991884030602,0.7760411108430947
571043,mid,1,0.173305065865539,0.8266949341344609,0
571044,mid,1,0,1,0
569003,mid,1,0,0.5974780307570079,0.4025219692429921
569004,mid,1,0.13159334894854427,0.857386129894817,0.011020521156638739
569008,mid,1,0,0.7692571328234551,0.23074286717654488
569014,mid,1,0.2755412562949146,0.7244587437050855,0
569017,mid,1,0.09813637233341566,0.9018636276665843,0
569018,mid,1,0.26980160750485566,0.7301974729557424,9.195394018651887e-7
569020,mid,1,0.3851727814397187,0.6148272185602813,0
569021,mid,1,0.3065964776913602,0.6934035223086398,0
569022,mid,1,0.04757830304645903,0.9136743308827746,0.03874736607076638
569024,extensive,1,0.5009243618236979,0.49907563817630207,0
569025,mid,1,0.08723189062452749,0.8983461579109299,0.01442195146454259
569027,mid,1,0.4853100172781885,0.5146899827218114,0
569029,mid,1,0.32691334704607417,0.6730866529539258,0
569031,mid,1,0.06912835377193532,0.9308716462280647,0
569032,mid,1,0.3595284100179776,0.6404715899820224,0
569037,extensive,1,0.7543615344029623,0.24369244702255013,0.00194601857448764
569038,extensive,1,0.5610224557021958,0.4389775442978042,0
569039,extensive,1,0.5878702931126274,0.4121297068873726,0
569040,extensive,1,0.6616943093593316,0.3383056906406684,0
569041,extensive,1,0.6086869001888497,0.3913130998111502,0
569046,extensive,1,0.5199410810962378,0.47702412383688747,0.003034795066874654
172002,mid,1,0.19776028835955403,0.8022397116404459,0
172003,mid,1,0.09525825039740869,0.9047417496025913,0
172004,mid,1,0.27405935789491187,0.7259406421050881,0
172005,mid,1,0.05175087527791362,0.9482491247220863,0
172009,mid,1,0.4254345111861321,0.5745654888138679,0
172010,extensive,1,0.7638159274098425,0.2361840725901575,0
172011,mid,1,0.2731224129006965,0.7268775870993035,0
172012,extensive,1,0.977447602845849,0.022552397154151,0
172013,mid,1,0.4752206905964867,0.5247793094035134,0
172014,mid,1,0.05588919345012993,0.9441108065498701,0
172015,mid,1,0.19324876009320788,0.8067512399067921,0
172016,extensive,1,0.7337220714851772,0.2662779285148228,0
172017,extensive,1,0.91585924286341,0.08414075713658999,0
172019,mid,1,0.027934267397045066,0.9720657326029549,0
172021,mid,1,0.42145969782607373,0.5785403021739263,0
172022,extensive,1,0.5497484774653549,0.45025152253464507,0
172023,extensive,1,0.6872712060011843,0.3127287939988157,0
172024,mid,1,0.03912431640508451,0.9608756835949155,0
172025,extensive,1,0.8664428074752881,0.13355719252471193,0
172026,mid,1,0.2506308443073442,0.7493691556926558,0
172030,mid,1,0.07622207560882809,0.9237779243911719,0
172031,mid,1,0.4493922768430213,0.5506077231569787,0
172032,mid,1,0.1398948194638876,0.8601051805361124,0
172034,extensive,1,0.5909033430121581,0.40909665698784187,0
172035,extensive,1,0.5739820425390498,0.4260179574609501,0
172036,mid,1,0.3859182891155301,0.6140817108844698,0
172038,extensive,1,0.665302947591982,0.3346970524080179,0
172039,extensive,1,0.9215283211592434,0.07847167884075656,0
172040,extensive,1,0.9811817575283218,0.018818242471678147,0
172041,extensive,1,0.9628450261212117,0.037154973878788314,0
172042,extensive,1,0.9509749043368361,0.049025095663163924,0
172044,extensive,1,1,0,0
172045,extensive,1,0.9896223832874782,0.010377616712521794,0
172046,extensive,1,1,0,0
172047,extensive,1,1,0,0
172048,extensive,1,0.8087540890211815,0.1912459109788185,0
172063,extensive,1,0.5204743688086695,0.47952563119133046,0
172050,extensive,1,0.933889445380172,0.066110554619828,0
172051,extensive,1,0.9033451148133101,0.09665488518668987,0
172053,extensive,1,0.9914321908592355,0.008567809140764451,0
172054,extensive,1,0.8813507734788703,0.1186492265211297,0
579002,intensive,1,0,0.4456445314294089,0.5543554685705911
579003,intensive,1,0,0.3284202439747572,0.6715797560252428
579005,intensive,1,0,0.29866104126626697,0.701338958733733
579006,mid,1,0,0.6995964995956321,0.30040350040436786
579008,mid,1,0,0.6739491450512058,0.32605085494879416
579009,mid,1,0,0.6938760191708151,0.3061239808291849
579010,mid,1,0,0.957988428389906,0.04201157161009396
579011,mid,1,0,0.8761028029300211,0.12389719706997894
579012,intensive,1,0,0.34210181379305843,0.6578981862069416
579013,mid,1,0,0.5586945794373915,0.4413054205626084
579014,mid,1,0,1,0
579015,mid,1,0.03886236974160723,0.6722959272824166,0.2888417029759761
579016,intensive,1,0,0.12466288604076263,0.8753371139592374
579019,mid,1,0,0.5728898753117309,0.4271101246882692
579020,mid,1,0.01730640678896975,0.9499875127663434,0.0327060804446868
579022,intensive,1,0.007899263114655865,0.32581211727055964,0.6662886196147845
579023,intensive,1,0,0.1757696473572713,0.8242303526427287
579025,mid,1,0,1,0
579026,mid,1,0.11720834444485614,0.8827916555551438,0
579027,mid,1,0,0.7802365792009974,0.2197634207990026
579028,mid,1,0.03219587253628667,0.9296145174730163,0.03818960999069701
579029,intensive,1,0,0.10536269192482747,0.8946373080751725
579030,mid,1,0.31251499562603924,0.6874850043739608,0
579031,mid,1,0.048125824906493295,0.8375913179582846,0.11428285713522211
579032,mid,1,0.3301014614141819,0.669898538585818,0
579033,extensive,1,0.7340835733329274,0.26591642666707266,0
579034,intensive,1,0.02708850441016213,0.20277492175797412,0.7701365738318637
579035,extensive,1,0.8730708913551906,0.12692910864480947,0
579036,mid,1,0.005579346303018822,0.7378698707720757,0.2565507829249055
579037,extensive,1,0.6261538934681105,0.35465458093864166,0.01919152559324789
579054,extensive,1,0.5185236511980492,0.4814763488019507,0
579039,mid,1,0.06483654229653342,0.7104878897971553,0.22467556790631127
579040,mid,1,0.07052534576295572,0.6580068056731562,0.27146784856388817
579041,mid,1,0.3804925206049309,0.6195074793950691,0
579042,mid,1,0,0.8408999172626157,0.15910008273738427
579043,mid,1,0,0.9602554284381284,0.03974457156187158
579044,mid,1,0.21163704461004737,0.7165100993888067,0.07185285600114595
579045,mid,1,0.15236993914299085,0.7190837712449901,0.12854628961201908
579046,intensive,1,0,0.21682653196454102,0.783173468035459
579047,mid,1,0.4934846923892125,0.5031763401936529,0.003338967417134631
579049,mid,1,0,0.5245764350459616,0.47542356495403837
579050,mid,1,0.1732406447127909,0.567651097679299,0.25910825760791
579051,mid,1,0.027695799124231264,0.5053558538980718,0.46694834697769694
579055,mid,1,0,0.7613449685593452,0.23865503144065486
147003,mid,1,0,0.5831235339596517,0.4168764660403483
147004,mid,1,0,0.8540690026007143,0.14593099739928575
147005,mid,1,0,0.9359328594638893,0.06406714053611078
147006,intensive,1,0,0.2911686961794804,0.7088313038205196
147007,intensive,1,0,0.0817182771257621,0.9182817228742379
147008,intensive,1,0,0.27020275201254124,0.7297972479874587
147009,intensive,1,0,0.36842470750438483,0.6315752924956152
147011,intensive,1,0,0.36510068018568415,0.6348993198143158
147012,intensive,1,0,0.47602891473125547,0.5239710852687445
147013,intensive,1,0.006548528390130794,0.49479502748892545,0.49865644412094373
147015,intensive,1,0,0.26923856952474995,0.73076143047525
147016,mid,1,0,0.5732008047034602,0.42679919529653976
147017,mid,1,0,1,0
134126,extensive,1,0.8273369878386343,0.1726630121613657,0
134127,extensive,1,0.6113000286602425,0.38869997133975753,0
134005,extensive,1,0.854637418282681,0.14536258171731897,0
134006,mid,1,0.06396618602797725,0.9360338139720228,0
134007,mid,1,0.024686726289465766,0.9753132737105342,0
134003,mid,1,0.3886976450905551,0.611302354909445,0
134004,extensive,1,0.6376902974731632,0.3623097025268368,0
134002,extensive,1,0.5677546043530309,0.43224539564696907,0
134008,mid,1,0,0.6142653027156117,0.3857346972843883
134015,mid,1,0.29951575964133487,0.7004842403586652,0
134009,intensive,1,0,0.4105535973602271,0.5894464026397729
134014,mid,1,0.2117474784982625,0.7882525215017375,0
137059,mid,1,0.40170018029768484,0.5982998197023152,0
134017,mid,1,0.12329879207707026,0.8223246538798346,0.05437655404309514
137060,mid,1,0.16393869194445743,0.8360613080555426,0
134013,mid,1,0.08346427275261055,0.9118224843233522,0.004713242924037213
134016,mid,1,0.0531580780574317,0.9200903941466072,0.02675152779596105
134021,mid,1,0.16401903595121162,0.835720921478287,2.6004257050131474e-4
134012,mid,1,0.12420534518472931,0.8533087727384341,0.022485882076836616
137061,mid,1,0.02579294940664209,0.9742070505933579,0
134022,mid,1,0.03768630571735353,0.9623136942826465,0
163071,mid,1,0,0.7802374953247879,0.21976250467521205
134023,mid,1,0.14737218688492565,0.8526278131150743,0
134011,mid,1,0,0.6472370768956061,0.352762923104394
134019,intensive,1,0,0.2612851045019817,0.7387148954980183
134024,mid,1,0.4627352469942812,0.5372647530057189,0
134020,intensive,1,0.019872548160475415,0.3408397114463254,0.6392877403931991
134025,mid,1,0.08188915750934103,0.9054279895297259,0.012682852960933074
134010,mid,1,0.07178732430968666,0.7638171940338022,0.1643954816565111
163101,intensive,1,0,0.4235777293149831,0.5764222706850168
134018,intensive,1,0,0.046037871413174815,0.9539621285868252
163070,intensive,1,0,0.28544608440812763,0.7145539155918723
137048,intensive,1,0.019192334003124267,0.4666740289924969,0.5141336370043789
137062,mid,1,0,0.5551551482512468,0.44484485174875316
163078,mid,1,0.06178998043966394,0.8274762983874229,0.11073372117291322
134031,intensive,1,0,0.2814859157012872,0.7185140842987128
134038,mid,1,0.2179885023520017,0.7759257557522722,0.006085741895726082
137049,intensive,1,0,0.18014816312202442,0.8198518368779756
163100,intensive,1,0,0.39140877724980216,0.6085912227501978
137050,intensive,1,0,0.15595088101690532,0.8440491189830946
134125,mid,1,0,0.7080071214644923,0.2919928785355077
134026,mid,1,0.3942229340381642,0.6057770659618358,0
137051,mid,1,0,0.5145024248880793,0.48549757511192076
134033,mid,1,0,0.5736108596015042,0.42638914039849585
163075,mid,1,0.17206132236948693,0.8146479235177844,0.013290754112728717
163079,intensive,1,0,0.26252960325831803,0.737470396741682
137052,mid,1,0,1,0
163099,intensive,1,0,0.010443825300170358,0.9895561746998296
134131,intensive,1,0,0.4945169430305603,0.5054830569694397
137053,intensive,1,0,0.27738360068379975,0.7226163993162003
134027,mid,1,0.011650377664865102,0.9244523445920428,0.06389727774309209
163074,mid,1,0.01759762344248408,0.7874878939132115,0.19491448264430444
134034,mid,1,0,0.9140041479093224,0.08599585209067766
137063,mid,1,0,0.8343479519423551,0.16565204805764483
163098,intensive,1,0,0,1
137054,intensive,1,0,0.052264661980292365,0.9477353380197077
163069,mid,1,0.0015550685558037307,0.7789195861693596,0.21952534527483658
137045,intensive,1,0,0.4712052893619184,0.5287947106380816
137046,mid,1,0,0.6030407537340269,0.3969592462659731
134035,mid,1,0.12583775674135253,0.8416567831116611,0.03250546014698635
134039,mid,1,0.03332689174942227,0.9666731082505777,0
137055,intensive,1,0,0.26546444044727163,0.7345355595527283
163080,intensive,1,0,0.010280509027963385,0.9897194909720366
137047,mid,1,0,0.8899252214881075,0.11007477851189251
134028,intensive,1,0,0.48518807841531514,0.5148119215846848
163097,intensive,1,0,0.06350271251660364,0.9364972874833963
134124,extensive,1,0.6560381779559864,0.3439618220440136,0
134041,mid,1,0.13922890302485416,0.8607710969751459,0
163076,intensive,1,0.07903997455941571,0.29500806390120177,0.6259519615393825
137064,mid,1,0,0.7739198534161773,0.22608014658382264
163081,intensive,1,0,0,1
163096,intensive,1,0,0.016305081881962346,0.9836949181180377
134040,mid,1,0.0032210774581979905,0.6977639343801378,0.29901498816166416
134042,mid,1,0,0.7546882334873146,0.2453117665126854
163077,intensive,1,0,0,1
137056,intensive,1,0.1761245174714115,0.0645999193473417,0.7592755631812468
137036,intensive,1,0,0.23047251294634682,0.7695274870536531
163095,intensive,1,0,0.07122018109917941,0.9287798189008206
134050,mid,1,0.3483777735597544,0.6516222264402456,0
134051,mid,1,0,0.7328354310851518,0.26716456891484824
137037,intensive,1,0,0.05769697748177655,0.9423030225182234
134043,intensive,1,0,0.3820624124623227,0.6179375875376772
163082,intensive,1,0,0.09453436851935795,0.9054656314806421
137038,intensive,1,0,0.02745448075168348,0.9725455192483166
137057,intensive,1,0,0.1626810546972214,0.8373189453027786
134049,mid,1,0.1073176736676578,0.83726998755364,0.05541233877870213
163068,mid,1,2.0129885656043187e-5,0.5444381087421083,0.45554176137223573
134052,mid,1,0,0.5272594142069531,0.47274058579304695
137039,intensive,1,0,0.08527925000673157,0.9147207499932685
163094,intensive,1,0,0.09648285392141699,0.903517146078583
134059,mid,1,0,0.9596420637286812,0.04035793627131881
163083,mid,1,0.024830977647508787,0.8852392044063152,0.08992981794617606
134044,intensive,1,0,0.3112836874930938,0.6887163125069062
137040,mid,1,0.009467777439221985,0.5776248992580528,0.41290732330272517
163084,mid,1,0.006635981973685288,0.9924678540091958,8.961640171189677e-4
134053,intensive,1,0,0.35476634578650657,0.6452336542134934
137058,intensive,1,0,0.22626250148477003,0.77373749851523
134048,mid,1,0,0.5982722248881422,0.40172777511185775
163067,mid,1,0.11869008246600866,0.5557574240878524,0.3255524934461389
163093,intensive,1,0,0.02362318290934679,0.9763768170906532
134058,mid,1,0,0.9306386134867044,0.06936138651329563
137023,intensive,1,0,0.08785437221013837,0.9121456277898616
163066,mid,1,0.014430983930364369,0.8348777014419356,0.15069131462769997
137041,intensive,1,0.03239170423741732,0.15709615489794973,0.810512140864633
163085,mid,1,0.006210761440000052,0.8986669053433987,0.0951223332166013
134057,intensive,1,0,0.06711475240113894,0.932885247598861
163086,mid,1,3.196126304741308e-4,0.6768256300190997,0.3228547573504262
134047,intensive,1,0,0.4975022932110302,0.5024977067889698
137020,intensive,1,0.20800170950578253,0.39054606331110875,0.4014522271831087
163065,mid,1,0.3652437192896201,0.6347562807103799,0
163050,mid,1,0,0.7254784381372124,0.2745215618627877
137042,intensive,1,0.010608175400018188,0.3521036605445575,0.6372881640554243
163092,intensive,1,0,0.01222354014683789,0.9877764598531621
163091,intensive,1,0,0.2932180096561443,0.7067819903438557
137033,mid,1,0.09552235609308544,0.7791626793985936,0.12531496450832091
137025,intensive,1,0,0.1802658015744955,0.8197341984255045
134046,intensive,1,0,0.40011226274440836,0.5998877372555916
134060,intensive,1,0,0.05574497156476697,0.944255028435233
163104,mid,1,0.49810898638608,0.5015887222236968,3.022913902232945e-4
163087,mid,1,0.04227126244355548,0.9577287375564445,0
163049,intensive,1,0,0.41552591840647995,0.58447408159352
134106,intensive,1,0,0.18192841398370208,0.8180715860162979
163089,mid,1,0,0.9161992653381351,0.08380073466186491
137019,mid,1,0.05241444578861517,0.5782982363313114,0.36928731788007346
163090,intensive,1,0,0,1
163048,mid,1,0,0.9532463515947098,0.04675364840529022
137032,mid,1,0.029259222651322594,0.5541980482971361,0.41654272905154127
137022,mid,1,0.007582382653145948,0.6825491833680588,0.3098684339787952
163063,intensive,1,0,0.3609244372286311,0.6390755627713689
134103,intensive,1,0,0.042844723338957294,0.9571552766610427
134105,intensive,1,0,0,1
134132,intensive,1,0,0.2888653415059676,0.7111346584940325
134062,mid,1,0,0.9001043591007053,0.09989564089929472
134101,intensive,1,0,0.1638020378099372,0.8361979621900628
137031,mid,1,0.10441606022707292,0.7320090123173465,0.1635749274555806
137024,intensive,1,0,0.3445020217673213,0.6554979782326786
134104,intensive,1,0,0.028899638501701838,0.9711003614982981
134102,intensive,1,0,0.10353927304547847,0.8964607269545215
163088,mid,1,0.21339552946769516,0.6382287085349375,0.14837576199736735
134063,mid,1,0,0.6238112219227248,0.37618877807727524
137018,intensive,1,0.03755200078173223,0.25572436302834883,0.706723636189919
163105,intensive,1,7.727880422158971e-4,0.45156563212710044,0.5476615798306836
134097,intensive,1,0,0.03373596116829114,0.9662640388317089
134133,intensive,1,0,0.4675760470845189,0.5324239529154811
137026,mid,1,0,0.7285534186351326,0.2714465813648674
134064,intensive,1,0,0.4827586277510489,0.5172413722489511
137021,intensive,1,0,0.23967198274142168,0.7603280172585783
134099,intensive,1,0,0.19108490172906867,0.8089150982709313
163041,mid,1,0.017827878549709044,0.9300240438527986,0.05214807759749239
137029,extensive,1,0.6054719465455572,0.39452805345444275,0
134066,mid,1,0.09149936843366677,0.9085006315663332,0
163060,intensive,1,0,0.18269757692830696,0.8173024230716931
134123,mid,1,0,0.5172755566948448,0.4827244433051551
163059,mid,1,0,0.8776802881874689,0.12231971181253108
137010,intensive,1,0,0.3644118842596699,0.63558811574033
134100,mid,1,0.06792235823043531,0.8404238840516918,0.09165375771787289
163045,mid,1,0.22675621305555652,0.7636963282587446,0.009547458685698897
163040,mid,1,0.3945754208143746,0.6054233069198667,1.2722657587803272e-6
137011,intensive,1,0.01816323220361443,0.2867766251202781,0.6950601426761075
137030,mid,1,0.15519758133264622,0.8448024186673537,0
137027,mid,1,0.306999622351715,0.6930003776482849,0
134067,mid,1,0.0864257902210454,0.8614176097986456,0.05215659998030903
134129,intensive,1,0,0.009350250100102273,0.9906497498998977
163106,mid,1,0,0.7950091169998907,0.20499088300010926
137028,mid,1,0.45304602583460724,0.5469539741653927,0
163042,mid,1,0.3477522579671425,0.6522477420328575,0
163044,intensive,1,0,0.14250146698736169,0.8574985330126383
163051,mid,1,0,0.5232526886155043,0.4767473113844956
134096,intensive,1,0,0.04374736145195661,0.9562526385480434
163058,mid,1,0.06384522420838705,0.8195309782421651,0.11662379754944786
137013,intensive,1,0,0.22242292458484783,0.7775770754151522
134068,mid,1,0.2692210436662127,0.7160090067928246,0.014769949540962618
163052,intensive,1,0,0.18132809221521576,0.8186719077847843
137009,mid,1,0.17912407642422626,0.771611343718257,0.04926457985751673
163107,intensive,1,0,0.3150127303990327,0.6849872696009673
70052,extensive,1,0.5311946895719072,0.4688053104280928,0
163038,mid,1,0,0.5205632349148256,0.4794367650851744
134098,intensive,1,0,0.05333408499137248,0.9466659150086275
163043,mid,1,0.2373691934736756,0.6073959003634007,0.15523490616292362
70051,extensive,1,1,0,0
70057,mid,1,0.45070323521031125,0.5492967647896887,0
70050,extensive,1,1,0,0
137008,intensive,1,0,0.3752606179518743,0.6247393820481256
163108,mid,1,0.07522291988063254,0.8561747559740879,0.06860232414527964
134070,mid,1,0,0.5565920282903575,0.4434079717096425
70063,mid,1,0.4128175181409057,0.5871824818590943,0
163102,intensive,1,0.017524274584685563,0.3612823832383468,0.6211933421769676
137017,mid,1,0,0.6261023093907455,0.3738976906092545
163056,extensive,1,0.6353171026493891,0.36412116724693183,5.617301036789909e-4
163053,intensive,1,0,0.1894100800540539,0.8105899199459461
134094,intensive,1,0.008618096708788393,0.1674564663503948,0.8239254369408168
137012,intensive,1,0,0.07066136136394775,0.9293386386360523
134082,intensive,1,0,0.49019848421272916,0.5098015157872708
137004,intensive,1,0,0.034663580891604255,0.9653364191083957
163109,mid,1,0.016627825767145523,0.5691291658946885,0.4142430083381659
134093,intensive,1,0.057545231247506934,0.15493945485387586,0.7875153138986172
163037,intensive,1,0,0.06037480186995029,0.9396251981300497
70040,extensive,1,0.5743740592692584,0.42562594073074156,0
137005,intensive,1,0,0.005312958076500112,0.9946870419234999
134072,mid,1,0,0.6835074421948568,0.3164925578051432
163035,intensive,1,0,0.04449358978738654,0.9555064102126135
134083,mid,1,0,0.9159532736032261,0.0840467263967739
137014,intensive,1,0,0.19197489736440554,0.8080251026355945
134128,mid,1,0,0.5744876828515385,0.4255123171484615
70056,mid,1,0.44391670036069875,0.5560832996393013,0
163110,intensive,1,0,0.07864580205486912,0.9213541979451308
70065,mid,1,0.3835050239350115,0.6164949760649885,0
137015,mid,1,0.15451712390565714,0.8454828760943428,0
70049,extensive,1,0.9289393841711135,0.07106061582888641,0
70062,extensive,1,0.971494038283458,0.028505961716541982,0
137006,intensive,1,0,0.14773652762827308,0.852263472371727
134091,mid,1,0.09682246593916176,0.4829006560921376,0.42027687796870067
163061,mid,1,0.27590554432198944,0.7240944556780106,0
70039,extensive,1,0.8693028669187742,0.13069713308122577,0
134081,intensive,1,0,0.20982682086374096,0.7901731791362591
70046,extensive,1,0.8212611148442791,0.17873888515572087,0
163032,intensive,1,0,0.035134572568227176,0.9648654274317728
134073,intensive,1,0,0.08764563952004586,0.9123543604799541
134111,intensive,1,0,0.1652008810638773,0.8347991189361227
163111,intensive,1,0,0.13398725425381128,0.8660127457461887
70045,extensive,1,0.9891177014943584,0.010882298505641552,0
134092,mid,1,0.05853632249463329,0.9414636775053667,0
137007,intensive,1,0,0.16368426082141985,0.8363157391785802
70055,mid,1,0.07102352582647302,0.928976474173527,0
134122,mid,1,0.03558629695550338,0.9644137030444966,0
70064,mid,1,5.078342457694547e-4,0.9994921657542305,0
163036,intensive,1,0,0.3631227761429571,0.6368772238570428
134109,intensive,1,0,0.3771441504568228,0.6228558495431772
137003,mid,1,0,0.7507088634604733,0.24929113653952678
134084,mid,1,0.03533971561871903,0.884718661492895,0.079941622888386
134110,intensive,1,0,0.4521664238821307,0.5478335761178693
70061,extensive,1,0.7153567249482528,0.28464327505174725,0
163112,mid,1,0,0.6437660434703972,0.3562339565296028
163031,intensive,1,0,0.07473692053242771,0.9252630794675722
163017,intensive,1,0.010086400208779505,0.342712237242609,0.6472013625486115
134080,intensive,1,0,0.1357446688532157,0.8642553311467843
134118,intensive,1,0,0.10438576249745539,0.8956142375025447
134121,mid,1,0.05154986012038788,0.6296029873507434,0.3188471525288687
70054,mid,1,0.38021687290492306,0.6197831270950769,0
134079,mid,1,0,0.9892149920364031,0.010785007963596906
134074,mid,1,0.022028035456804426,0.9355408327159233,0.04243113182727236
70038,mid,1,0.05843088048229664,0.9415691195177034,0
163113,mid,1,0,0.9066136195205228,0.09338638047947724
134112,intensive,1,0,0.1449357853578269,0.8550642146421731
163033,intensive,1,0.002636446031839786,0.2238494944746672,0.7735140594934931
70048,mid,1,0.46598733127747743,0.5340126687225226,0
70059,extensive,1,1,0,0
137002,intensive,1,0,0.13253429411126283,0.8674657058887372
163103,mid,1,0.047750608075586516,0.8752454796058228,0.07700391231859066
137001,intensive,1,0,0.03379560052841334,0.9662043994715867
70044,extensive,1,0.542666749555318,0.457333250444682,0
134115,intensive,1,0,0.16803234635293757,0.8319676536470625
163024,extensive,1,0.5431542349521928,0.4568432269356413,2.538112165875604e-6
134085,mid,1,0.022106626663573225,0.7301939797036183,0.2476993936328085
163025,intensive,1,0,0.2548779144957778,0.7451220855042222
134078,intensive,1,0,0.13133374285776062,0.8686662571422393
134117,intensive,1,0,0.08863615160234141,0.9113638483976586
70060,mid,1,0.4862077430300119,0.5137922569699881,0
163030,mid,1,0.005427769335119089,0.7067562103559856,0.2878160203088953
70037,mid,1,0.37810605359317906,0.6218939464068209,0
70058,extensive,1,1,0,0
134108,intensive,1,1.1190837670023344e-4,0.12419452349555629,0.8756935681277435
163018,extensive,1,0.7288058600555136,0.2711761128568084,1.8027087678010155e-5
70036,mid,1,0.26858000723209813,0.7314199927679018,0
70053,extensive,1,0.9861554956700238,0.013844504329976177,0
134086,mid,1,0,0.5805407715426592,0.4194592284573408
163023,extensive,1,0.5523684761660069,0.4476315238339931,0
134090,mid,1,0.11042942355706344,0.6918603382694684,0.1977102381734682
70043,extensive,1,0.9999738327151259,2.616728487417038e-5,0
134113,intensive,1,0,0.17608973977418396,0.823910260225816
70047,extensive,1,0.9883398047769143,0.011660195223085694,0
134114,intensive,1,0,0.16156093936734398,0.838439060632656
134077,intensive,1,0,0,1
134087,mid,1,0,0.7583135531197334,0.24168644688026664
70042,extensive,1,0.8675499495741839,0.13245005042581615,0
150028,intensive,1,0,0.18551140057062893,0.814488599429371
134116,mid,1,0.007094879254414332,0.516784119923454,0.4761210008221317
163026,mid,1,0.4679351404296369,0.5320648595703631,0
163029,mid,1,0,1,0
134075,intensive,1,0,0.0769840024528831,0.9230159975471169
134089,mid,1,0,0.5217971265440856,0.4782028734559144
163019,mid,1,0.4250395424908805,0.571190694130245,0.003769763378874521
150024,intensive,1,0,0.02961677924648669,0.9703832207535134
70041,mid,1,0.30553813251627837,0.6944618674837216,0
134088,mid,1,0,0.9476578226725023,0.05234217732749771
134076,intensive,1,0,0.0505804150243216,0.9494195849756784
150034,intensive,1,0,0.007445507065415228,0.9925544929345848
163028,mid,1,0.008577773159599855,0.969323979759183,0.0220982470812171
163027,mid,1,0.24109634742919636,0.7589036525708036,0
70034,extensive,1,0.594875838962006,0.405124161037994,0
138036,mid,1,0,0.8507552171390982,0.14924478286090184
150026,intensive,1,0.3225484140097638,0.03468821793732467,0.6427633680529115
150035,intensive,1,0,0.06882616445757714,0.9311738355424228
70033,extensive,1,0.7098706784043745,0.29012932159562554,0
138021,mid,1,0,0.98462328879278,0.015376711207219939
138037,intensive,1,0,0.4122938966911837,0.5877061033088163
70032,extensive,1,0.6530912657225799,0.34690873427742003,0
150029,intensive,1,0,0.1893427891528115,0.8106572108471884
163020,intensive,1,0,0.22795795597441532,0.7720420440255847
70031,extensive,1,0.750988937365508,0.249011062634492,0
150037,intensive,1,0,0.14265944542231498,0.857340554577685
70030,extensive,1,0.8332667642454948,0.1667332357545052,0
138029,mid,1,0.12843768794425367,0.8693217888708232,0.002240523184923128
163022,mid,1,0,0.5736076340366559,0.4263923659633441
150027,intensive,1,0,0.3303226360342009,0.6696773639657991
138035,intensive,1,0,0.023961418097873183,0.9760385819021268
70029,extensive,1,0.9610764472471622,0.03892355275283778,0
138054,mid,1,0,0.6677098430868853,0.33229015691311464
163015,mid,1,0.11146431542734522,0.7198981757443771,0.16863750882827763
150002,intensive,1,0,0.005066576189991667,0.9949334238100084
138023,intensive,1,0,0.3983277360123073,0.6016722639876927
70028,mid,1,0.14363800842780516,0.8563619915721948,0
163021,mid,1,0,0.5140789668296173,0.48592103317038277
70025,mid,1,0.20053505135100344,0.7994649486489965,0
163002,intensive,1,0,0.250377429961303,0.7496225700386969
70035,mid,1,0.39539065696337694,0.6046093430366231,0
138030,intensive,1,0,0.07257025335128588,0.9274297466487141
150039,intensive,1,0,0.2541692626352977,0.7458307373647023
163014,mid,1,0.3249894261634432,0.6750105738365568,0
70027,mid,1,0.4985359593535681,0.5014640406464319,0
70026,extensive,1,0.5644383979090422,0.43556160209095784,0
150004,intensive,1,0,0.18486752295189648,0.8151324770481035
150033,mid,1,0,0.9348925145494081,0.06510748545059182
138031,intensive,1,0,0.05272284085294961,0.9472771591470504
150014,mid,1,0,0.7419167610227375,0.25808323897726243
138034,intensive,1,0,0,1
70024,mid,1,0.4983984832347138,0.5016015167652862,0
138020,intensive,1,0,0.28757633523462994,0.71242366476537
138027,mid,1,0.1464458605439715,0.8009893969859853,0.05256474247004329
138032,intensive,1,0,0.09595084796985107,0.9040491520301489
150030,intensive,1,0,0.12529976347126615,0.8747002365287339
163003,mid,1,0,0.996174874454211,0.0038251255457889344
70023,mid,1,0.152386171466022,0.847613828533978,0
150005,intensive,1,0,0.10286881759338148,0.8971311824066185
138041,mid,1,0.020519217198025557,0.6928034077975191,0.2866773750044552
138040,mid,1,0.10935545973169325,0.8860895754748319,0.004554964793474889
138033,intensive,1,0,0.13676322265385443,0.8632367773461456
138022,intensive,1,0,8.527616027331384e-4,0.9991472383972668
138038,intensive,1,0,0.4057219361037007,0.5942780638962992
138028,intensive,1,0,0.12499220687784166,0.8750077931221584
70022,mid,1,0.49218019981048133,0.5078198001895187,0
138039,intensive,1,0,0.36874276392918776,0.6312572360708122
163004,mid,1,0.062430065661526035,0.923578808368307,0.013991125970166995
163001,intensive,1,0.08007600770911341,0.32986226780191163,0.590061724488975
163007,mid,1,0.09523374205697598,0.9047223925410343,4.386540198976993e-5
70021,extensive,1,0.8484592112959892,0.15154078870401075,0
150003,mid,1,0.02172170654248416,0.7422000717749127,0.23607822168260323
70019,mid,1,0.37218548113899536,0.6278145188610047,0
150031,intensive,1,0,0.19356834165388723,0.8064316583461127
150001,mid,1,2.5774847877206613e-4,0.5128568641796675,0.4868853873415605
70020,mid,1,0.16430261242353786,0.8356973875764622,0
138024,intensive,1,0,0.2421542367961583,0.7578457632038417
150032,mid,1,0.0019339060156968414,0.9499584056900587,0.048107688294244416
150038,intensive,1,0,0.21789694000439275,0.7821030599956073
70018,extensive,1,0.9764745873364727,0.023525412663527208,0
163008,mid,1,0.17346257293655368,0.8220704910862986,0.004466935977147755
150006,intensive,1,0,0.4377685435430861,0.562231456456914
150009,mid,1,0,0.9995499130564416,4.5008694355836e-4
163006,mid,1,0.07004893325563254,0.9299510667443674,0
70017,extensive,1,0.9937964324117754,0.006203567588224601,0
138058,mid,1,0.28048271823488113,0.4512557753041937,0.26826150646092517
150013,mid,1,0,0.5467520591643993,0.45324794083560066
150007,intensive,1,0,0.2764398417650882,0.7235601582349118
70016,extensive,1,1,0,0
138042,intensive,1,0,0.4977606631115305,0.5022393368884696
138025,mid,1,0,0.8814246631112559,0.1185753368887441
150015,mid,1,0.4035537178021336,0.5964462821978664,0
150012,mid,1,0,0.6941729075661812,0.3058270924338188
70015,extensive,1,1,0,0
70012,extensive,1,0.8937498825412088,0.1062501174587912,0
70014,extensive,1,1,0,0
138026,intensive,1,0,0.4667043571514701,0.5332956428485299
70013,extensive,1,1,0,0
138019,intensive,1,0.17548497587824177,0.3445461769467588,0.47996884717499944
150011,mid,1,0,0.99938107412385,6.189258761499401e-4
163009,mid,1,0.07848331847130204,0.9021185660019047,0.019398115526793262
138051,intensive,1,0,0.08801621425384953,0.9119837857461505
138052,intensive,1,0,0.13558847119568046,0.8644115288043196
138018,intensive,1,0,0,1
131066,intensive,1,0,0.39418307623667287,0.6058169237633271
138055,intensive,1,0,0,1
70011,extensive,1,0.6876942019738957,0.3123057980261043,0
138053,mid,1,0,0.6595217707619903,0.34047822923800974
131065,intensive,1,0.006008991161528684,0.2567028853774611,0.7372881234610101
150010,mid,1,0.039196941081391073,0.960803058918609,0
150016,mid,1,0.3251125923098327,0.6748874076901673,0
70001,extensive,1,0.9276263656497125,0.07237363435028756,0
138043,mid,1,0,0.7107785857841349,0.2892214142158651
70002,extensive,1,0.8059949452743913,0.1940050547256087,0
70010,extensive,1,0.9708102171213548,0.029189782878645126,0
131064,intensive,1,0.015274461821129959,0.18307082450659545,0.8016547136722746
150017,mid,1,0,1,0
70003,extensive,1,0.8288539171056707,0.17114608289432928,0
163012,intensive,1,4.837749168334459e-4,0.4972350217271934,0.5022812033559731
70009,extensive,1,0.9884351673540178,0.011564832645982211,0
150018,mid,1,0.015940774301880838,0.6504110788394651,0.333648146858654
138017,intensive,1,0.010807765774711264,0.3721537337242438,0.6170385005010449
138050,intensive,1,0,0.30846264242145566,0.6915373575785444
150023,mid,1,0.07169381830312443,0.9283061816968756,0
70004,extensive,1,0.5290845589944879,0.4709154410055121,0
70008,extensive,1,0.7167808975943638,0.2832191024056362,0
138013,intensive,1,0,0.041064058744911175,0.9589359412550889
70005,mid,1,0.38859587599933143,0.6114041240006686,0
131067,intensive,1,0,0.26339403634298586,0.7366059636570141
138049,intensive,1,0,0.22479126622564993,0.7752087337743501
70006,mid,1,0.3229534518356423,0.6770465481643577,0
70007,mid,1,0.45068207107388886,0.5493179289261112,0
131063,intensive,1,0,0.19676218155264932,0.8032378184473506
138014,intensive,1,0,0.06676661515041946,0.9332333848495805
150019,mid,1,0.013048723473675828,0.9321803760073484,0.054770900518975825
163013,mid,1,0.17637067554656516,0.6846728854138351,0.13895643903959973
150022,mid,1,0,1,0
138015,mid,1,0,0.6067055694176007,0.3932944305823993
138044,mid,1,0,0.8594742091956704,0.14052579080432964
138005,mid,1,0.1826391798634991,0.7322374301203892,0.08512339001611172
138048,intensive,1,0.0016240782439910458,0.3905945071276725,0.6077814146283365
138006,intensive,1,0.0014878367397770512,0.3515064764647753,0.6470056867954477
150020,mid,1,0.014946709240854797,0.9637287023235775,0.021324588435567622
138016,mid,1,0,0.972301061367049,0.02769893863295102
138047,mid,1,0,0.5633930156825439,0.43660698431745615
131071,intensive,1,0,0.2118692186448968,0.7881307813551032
138007,intensive,1,0,0.21412038086941956,0.7858796191305805
138008,intensive,1,0,0.18558816619356902,0.814411833806431
131061,intensive,1,0,0.2955580833481873,0.7044419166518128
138009,intensive,1,0,0.010047375347748817,0.9899526246522512
131043,mid,1,0.010607532325008094,0.9893924676749919,0
138010,intensive,1,0,0.09693534808943848,0.9030646519105615
150021,mid,1,0.08136958455177361,0.9186304154482264,0
138046,intensive,1,0,0.4147671571924732,0.5852328428075267
138004,intensive,1,0,0.4291220891452928,0.5708779108547072
138001,mid,1,0,0.55779544245711,0.44220455754289006
131069,intensive,1,0.011900922960685838,0.23545629184171377,0.7526427851976004
131057,intensive,1,0,0.27098295493561164,0.7290170450643884
138045,mid,1,0.04733843959932599,0.8997046398531314,0.05295692054754256
131049,mid,1,0.0758305637951662,0.9241694362048338,0
138002,intensive,1,0,0.30521452722296866,0.6947854727770314
131070,mid,1,0.3197287951350501,0.6791129951485153,0.0011582097164346264
131045,intensive,1,0,0.144217491705748,0.855782508294252
131042,mid,1,0,0.8496883063288962,0.15031169367110375
131051,mid,1,0,0.785562545266101,0.21443745473389894
138003,intensive,1,0,0.3317666215183368,0.6682333784816632
138012,intensive,1,0.010483526145945854,0.34096198894605834,0.6485544849079958
131044,intensive,1,0,0.08917126380936845,0.9108287361906315
131041,mid,1,0.07118192078572155,0.9288180792142785,0
128019,intensive,1,0,0.20071507537449748,0.7992849246255025
128018,intensive,1,0,0.22395505555254058,0.7760449444474594
131040,intensive,1,0,0.4553397880957567,0.5446602119042433
128026,mid,1,0,0.5817906997214957,0.4182093002785043
128083,intensive,1,0,0.09675220564488393,0.903247794355116
131050,mid,1,0,0.7274030682911657,0.27259693170883426
131039,intensive,1,0,0.275549709134429,0.724450290865571
128027,intensive,1,0,0.33240669674824913,0.6675933032517508
131038,intensive,1,0,0.2867341348419397,0.7132658651580602
128028,intensive,1,0,0.16281488018829943,0.8371851198117006
131053,intensive,1,0,0.29283412865342545,0.7071658713465746
131052,mid,1,0,0.8829014022391394,0.11709859776086066
131037,intensive,1,0,0.25531501051718003,0.74468498948282
133042,intensive,1,0,0.3836313833403949,0.6163686166596051
133041,intensive,1,0.0027180292788382904,0.20972874686253246,0.7875532238586292
128048,mid,1,0.3657446624296231,0.6342553375703769,0
128049,extensive,1,0.5963523380306979,0.40364766196930213,0
133040,intensive,1,0.06405553900008243,0.3066728660520051,0.6292715949479125
131014,mid,1,0.0027051274164807963,0.9972948725835192,0
128016,intensive,1,0,0.21439397599450616,0.7856060240054938
133039,mid,1,0.013481035926864579,0.7254477624473628,0.2610712016257727
131034,mid,1,0,0.5455300361680674,0.45446996383193256
128030,intensive,1,0,0.35202768949523955,0.6479723105047605
131028,mid,1,0.15736150896559195,0.842638491034408,0
128050,mid,1,0.03981633385495002,0.96018366614505,0
131027,mid,1,0,0.5788829133646641,0.4211170866353359
128017,intensive,1,0,0.1568448800012948,0.8431551199987052
128025,extensive,1,0.693357810945267,0.306642189054733,0
131035,intensive,1,0,0.29045507508247015,0.7095449249175299
131025,mid,1,0,1,0
133037,intensive,1,0,0.4769835991588155,0.5230164008411845
133038,intensive,1,0,0.32521642253432687,0.6747835774656732
128014,mid,1,7.761529268508158e-4,0.9732996548400142,0.02592419223313491
131026,intensive,1,0,0.0354013674813667,0.9645986325186333
131024,mid,1,0.018626497653090174,0.9759728545787072,0.005400647768202625
131029,intensive,1,0,0.42920021316585083,0.5707997868341492
131031,intensive,1,0,0.4105874601654985,0.5894125398345015
133035,intensive,1,0,0.1968660454283025,0.8031339545716976
133034,intensive,1,0,0.34491456575894813,0.6550854342410518
128024,extensive,1,0.5480161903087353,0.45168842511296003,2.953845783047445e-4
128074,mid,1,0.11841891947011886,0.4772774693805896,0.40430361114929153
133049,intensive,1,0,0.12131198549430916,0.8786880145056909
131032,intensive,1,0,0.31881370413072013,0.6811862958692798
133036,intensive,1,0,0.24070907421734672,0.7592909257826532
128029,mid,1,0,0.7821758903985679,0.2178241096014321
131023,mid,1,0,0.9430525278137291,0.05694747218627095
131030,intensive,1,0,0.08640690802196321,0.9135930919780368
128077,intensive,1,0,0.4564123153567922,0.5435876846432077
128075,intensive,1,0.04639287509993595,0.3425603484120098,0.6110467764880543
128022,intensive,1,0,0.15549349117210434,0.8445065088278957
133033,mid,1,0,0.840415316802406,0.159584683197594
128047,mid,1,0.18498224303637617,0.7228552788948528,0.09216247806877104
133046,intensive,1,0,0.05829601218421142,0.9417039878157886
128076,mid,1,0.17876961164019556,0.7630202795321467,0.05821010882765772
128015,mid,1,0.06256328702358019,0.7630119881177079,0.1744247248587119
131013,intensive,1,0,0.01697834115112554,0.9830216588488745
131015,mid,1,0,0.9778344455984467,0.0221655544015533
128072,intensive,1,4.923104063712778e-4,0.26521934118445045,0.7342883484091782
131017,mid,1,0,0.5219986753212348,0.4780013246787652
128005,intensive,1,0,0.30474757427551086,0.6952524257244891
131018,intensive,1,0,0.2972445252306858,0.7027554747693142
131009,intensive,1,0,0.03141142401092961,0.9685885759890703
133029,mid,1,0.18975262546773355,0.7801829312805149,0.030064443251751602
133045,mid,1,0.20101082779761684,0.7925706960991042,0.006418476103278931
128080,mid,1,0.059445674952337234,0.9008709020742611,0.03968342297340163
128046,intensive,1,0,0.424480515384602,0.575519484615398
128084,intensive,1,0,0.4023147091734309,0.5976852908265692
128006,intensive,1,0,0.3435319029578978,0.6564680970421022
128032,intensive,1,0,0.054836277456826135,0.9451637225431738
128044,mid,1,0,0.7170069057263736,0.2829930942736264
131008,mid,1,0,0.7990344174120741,0.20096558258792588
133028,extensive,1,0.5138141630681804,0.48618583693181955,0
131004,intensive,1,0,0.011546932826280266,0.9884530671737197
133032,mid,1,0,0.7720444584412094,0.2279555415587906
128021,mid,1,0,0.5872373716029451,0.4127626283970549
131012,mid,1,0.026917446758836353,0.7617914066046547,0.2112911466365089
133031,intensive,1,7.870714020988025e-4,0.48256223105211576,0.5166506975457854
130027,intensive,1,0,0.08724378109567127,0.9127562189043287
131010,intensive,1,0,0.1158744057060861,0.8841255942939139
128073,mid,1,0,0.5802978625026909,0.4197021374973091
128023,intensive,1,0,0.13387406907428673,0.8661259309257132
128070,mid,1,0,0.9436219485270679,0.056378051472932046
131019,intensive,1,0,0.17267362857382101,0.827326371426179
128085,intensive,1,0,0.27909711169823975,0.7209028883017602
133050,mid,1,0.4029239774552866,0.5970760225447135,0
128004,intensive,1,0,0.14055223428865035,0.8594477657113496
130028,intensive,1,0,0.0681469517915608,0.9318530482084392
128071,intensive,1,0,0.21793611088400544,0.7820638891159946
128033,intensive,1,0,4.9667705123761155e-5,0.9999503322948763
131011,intensive,1,0,0.05020403798102114,0.9497959620189789
128041,intensive,1,0,5.031133159378136e-4,0.9994968866840622
131007,intensive,1,0,0.09064763902568275,0.9093523609743173
131016,mid,1,0.004498027286065791,0.5846843047627001,0.41081766795123414
133027,mid,1,0.4836430437780557,0.5163569562219443,0
128086,intensive,1,0,0.14184365117894504,0.858156348821055
133051,mid,1,0,0.930723775143848,0.06927622485615205
131005,intensive,1,0,0.10219290836873636,0.8978070916312636
128043,intensive,1,0,0.04725893021400547,0.9527410697859945
128087,mid,1,0,0.7436712067138563,0.25632879328614366
130029,intensive,1,0,0.31246779633174904,0.687532203668251
128008,intensive,1,0,0.1755578075745166,0.8244421924254833
133048,mid,1,0,0.9660176715660229,0.03398232843397709
128066,intensive,1,0,0.07186379623793192,0.9281362037620681
130022,intensive,1,0,0.25905749165213404,0.7409425083478659
131003,intensive,1,0,0.27986317819303747,0.7201368218069625
128034,intensive,1,0,0.302666554765285,0.6973334452347151
128067,intensive,1,0,0.08544189254391217,0.9145581074560878
130023,intensive,1,0,0.2305110777161016,0.7694889222838984
128002,mid,1,0.03818713704977875,0.6222713337485037,0.33954152920171754
128038,intensive,1,0,0.025860574428931023,0.974139425571069
133026,intensive,1,0,0.30240186587724044,0.6975981341227595
128068,intensive,1,0,0,1
133047,intensive,1,0,0.27329431072418914,0.7267056892758109
133007,mid,1,0.23920392940625304,0.760796070593747,0
130024,intensive,1,0,0.2289793789119753,0.7710206210880247
128001,mid,1,0.1914475947429636,0.7804133295861679,0.0281390756708684
133023,intensive,1,0,0.242238857651435,0.757761142348565
128079,intensive,1,0,0.10152664031810694,0.898473359681893
133044,mid,1,0,0.5465659796879456,0.4534340203120544
128063,intensive,1,0,0.3685942677081194,0.6314057322918806
128069,intensive,1,0,0.12393224755054234,0.8760677524494577
128039,intensive,1,0,0.04025751619108032,0.9597424838089197
133024,intensive,1,0,0.1028904655397539,0.8971095344602461
131002,intensive,1,0,0.2625646480290403,0.7374353519709597
131001,intensive,1,0,0.12629511114441036,0.8737048888555896
133018,mid,1,0,0.9716264511138204,0.028373548886179618
133006,mid,1,0.12214407310976079,0.8778559268902392,0
162033,mid,1,0.0068933448700281815,0.9570201150325279,0.03608654009744385
128064,intensive,1,0,0.018829116149170346,0.9811708838508296
133043,intensive,1,0,0.43745382930143023,0.5625461706985698
130017,intensive,1,0,0.02044140540624055,0.9795585945937595
128040,intensive,1,0,0.097360483596353,0.902639516403647
133014,intensive,1,0,0.2321256415003496,0.7678743584996504
162030,mid,1,0.04065487041966964,0.7468979674822948,0.21244716209803557
133016,intensive,1,0,0.3116545861884166,0.6883454138115833
128011,mid,1,0.050687359407248736,0.4895924818373732,0.4597201587553781
162034,mid,1,0.36592411612431924,0.4628284503234339,0.17124743355224686
133022,intensive,1,0,0.1987527614251908,0.8012472385748092
128007,intensive,1,0.04007256422236548,0.3220757064924523,0.6378517292851822
128060,intensive,1,0,0.3100190234986551,0.6899809765013448
128065,intensive,1,0,0,1
133005,mid,1,0.13791855879410994,0.86208144120589,0
162032,mid,1,0.08225530912521661,0.47007699756379634,0.44766769331098705
133021,mid,1,0,0.8374800680921135,0.16251993190788644
162027,mid,1,0.0012545841500167395,0.7845829357926907,0.21416248005729258
128013,intensive,1,0.006109519214866352,0.44812196946478794,0.5457685113203458
130018,intensive,1,0,0.05046310567937496,0.949536894320625
128078,intensive,1,0,0.14873676279477605,0.8512632372052239
128037,mid,1,0.0232178358155844,0.9741668570443868,0.0026153071400288664
162037,mid,1,0,0.5648222187461415,0.43517778125385853
130026,intensive,1,0,0.17756482453745517,0.8224351754625449
128035,intensive,1,0.0050527709754512404,0.4868855836118221,0.5080616454127267
133019,mid,1,0,1,0
128081,mid,1,0.16627691102809308,0.7083957755207033,0.12532731345120354
133011,mid,1,0.027003862549101598,0.7111355593591291,0.26186057809176927
162028,mid,1,0.12465559341193522,0.6420020437660242,0.2333423628220406
133017,mid,1,0,0.8041644189539344,0.19583558104606558
162038,mid,1,0.002734200280979715,0.67997761385654365,0.3172881858624767
128009,intensive,1,0,0.35736534978899126,0.6426346502110087
130019,intensive,1,0,0.13920514784602697,0.860794852153973
128061,intensive,1,0,0.2181033103372149,0.7818966896627851
162029,mid,1,0.4919448024282966,0.5080551975717035,0
162039,intensive,1,0.0033788140860748174,0.4132390491194997,0.5833821367944254
128010,mid,1,0.4218647908376078,0.5781352091623922,0
130011,intensive,1,0,0,1
133013,mid,1,0.4116977523711532,0.5834606618238991,0.004841585804947642
133003,mid,1,0.1015135479907093,0.8984864520092907,0
130020,intensive,1,0,0.011532383034956552,0.9884676169650435
162031,extensive,1,0.8424488462306765,0.1575511537693235,0
128062,intensive,1,0,0.18298883150932088,0.8170111684906791
162041,intensive,1,0,0.3515551242632688,0.6484448757367313
133012,mid,1,0.4378725411840874,0.5621274588159126,0
128036,mid,1,0.12841864133304487,0.8715813586669552,0
128012,intensive,1,0.003876485213056905,0.47705259179411225,0.5190709229928309
133010,mid,1,0.26243618163223636,0.7375638183677636,0
130021,intensive,1,0,0.2122085083973818,0.7877914916026182
128056,intensive,1,0,0.1965084908222735,0.8034915091777265
127009,intensive,1,0,0.33851054054548657,0.6614894594545134
128057,mid,1,0.0011387308717034869,0.9988612691282965,0
133002,mid,1,0.10013624913175148,0.8998637508682485,0
133009,extensive,1,0.6349927826880669,0.36500721731193303,0
162040,intensive,1,0,0.25519838180763604,0.744801618192364
130013,intensive,1,0,0,1
128058,extensive,1,0.5451437753054524,0.4548562246945475,0
162023,intensive,1,0.060093445591833855,0.46950001463365726,0.47040653977450886
128059,mid,1,0.1877462542544408,0.8122537457455592,0
162014,intensive,1,0,0.44910855374863046,0.5508914462513695
162012,intensive,1,0,0.19235011808540822,0.8076498819145917
133001,mid,1,0.4921555149483773,0.5078444850516227,0
162024,mid,1,0.2871187812779885,0.712869058606004,1.2160116007512907e-5
127010,intensive,1,0,0.22921338941536518,0.7707866105846348
128051,intensive,1,0,0.12690289018919673,0.8730971098108032
130007,intensive,1,0,0.21427954612859762,0.7857204538714023
130014,intensive,1,0,0,1
127011,intensive,1,0,0.3731382644127007,0.6268617355872993
130008,intensive,1,0,0.13828511452887304,0.861714885471127
130015,intensive,1,0,0.07548428208023494,0.9245157179197651
162016,intensive,1,0,0.15798891975455986,0.8420110802454401
133008,extensive,1,0.8984691212407097,0.1015308787592903,0
162013,intensive,1,0,0,1
128052,intensive,1,0,0.0977884775672824,0.9022115224327176
127012,intensive,1,0,0.3902016492221079,0.609798350777892
130016,intensive,1,0,0.30899149904773676,0.6910085009522633
162008,intensive,1,0,0.2853348620281343,0.7146651379718657
129065,intensive,1,0,0.35644951687638704,0.643550483123613
162021,intensive,1,0,0.2987640454534147,0.7012359545465854
128053,mid,1,0.008459454075007354,0.7221938081630231,0.2693467377619695
162009,intensive,1,0,0.3065751409623671,0.6934248590376328
127013,intensive,1,0,0.2177949084499104,0.7822050915500895
162015,intensive,1,0,0.006715449771952489,0.9932845502280475
128054,extensive,1,0.5035582103331769,0.4964417896668231,0
129072,intensive,1,0,0.26084528701718335,0.7391547129828167
127014,mid,1,0,0.6011911510050106,0.3988088489949893
162010,intensive,1,0,0.2462759172461158,0.7537240827538843
130009,intensive,1,0,5.665195439212235e-4,0.9994334804560788
128055,mid,1,0.3542557543959875,0.6457442456040126,0
130001,mid,1,0,0.817903175591908,0.1820968244080921
162005,intensive,1,0,0.41484323064238937,0.5851567693576106
162017,intensive,1,0,0.1026717722873869,0.8973282277126131
162018,intensive,1,0,0.07352893113334204,0.926471068866658
129090,mid,1,0,0.6048524044006433,0.3951475955993567
130010,intensive,1,0,0.10359323594200531,0.8964067640579947
129073,intensive,1,0,0.3329359967045934,0.6670640032954066
130002,mid,1,0,1,0
127003,intensive,1,0.062088499431735465,0.3686056158663253,0.5693058847019392
127016,intensive,1,0,0.30522031255347754,0.6947796874465225
129063,intensive,1,0,0.27868703988086974,0.7213129601191303
162011,mid,1,0.03566305524673605,0.5422265643755566,0.4221103803777073
162004,intensive,1,0,0.49299398075909523,0.5070060192409048
127004,intensive,1,0.026183619866961598,0.3778465228781182,0.5959698572549202
127001,mid,1,0.12542865749310386,0.8535169430799596,0.02105439942693649
130003,intensive,1,0,0.37009784338622587,0.6299021566137741
162019,mid,1,0.1303930189830377,0.68700282388207,0.18260415713489225
127007,mid,1,0.31571852715998316,0.6842814728400168,0
130006,intensive,1,0,0.09450849306806824,0.9054915069319317
127021,intensive,1,0,0.2619192296538633,0.7380807703461367
129076,extensive,1,0.5870191598831876,0.4129808401168124,0
129064,intensive,1,0,0.21325205485878324,0.7867479451412168
129066,mid,1,0,0.6034229895487856,0.39657701045121435
127017,mid,1,0,0.7620546805034604,0.2379453194965396
127025,mid,1,0,0.8057876089435098,0.19421239105649024
130004,intensive,1,0,0.10557133753827525,0.8944286624617247
129079,extensive,1,0.9333925833135246,0.06660741668647546,0
162006,intensive,1,0,0.30242238065856475,0.6975776193414353
130005,intensive,1,0,0.26412628768365015,0.7358737123163498
162001,intensive,1,0,0.390665057519203,0.609334942480797
127006,mid,1,0.2815955095430114,0.7184044904569886,0
129053,extensive,1,0.8353658529704796,0.16463414702952045,0
129055,extensive,1,0.874680082340709,0.1253199176592909,0
127018,intensive,1,0,0.18550791701491262,0.8144920829850874
129058,extensive,1,0.8043511276334065,0.19564887236659342,0
129051,mid,1,0.172430046872437,0.6588309257988877,0.16873902732867532
127029,intensive,1,0,0.18810000402798865,0.8118999959720113
162002,intensive,1,0,0.14228276230812198,0.857717237691878
129067,intensive,1,0,0.3678900120652084,0.6321099879347916
127008,mid,1,0.34937741401525557,0.6506225859847444,0
162003,intensive,1,0,0.44638903442908623,0.5536109655709138
127019,intensive,1,0,0.09238204929348913,0.9076179507065109
129052,extensive,1,0.5283673364470953,0.4716326635529046,0
129069,mid,1,0,0.7014831065760639,0.2985168934239361
162007,intensive,1,0.07363645706392824,0.3694218757162802,0.5569416672197915
129054,extensive,1,0.9418274343493163,0.058172565650683704,0
127020,intensive,1,0,0.02051297351221887,0.9794870264877812
129057,extensive,1,0.9981934408664564,0.0018065591335435676,0
127030,intensive,1,0,0.31057049074239124,0.6894295092576088
129048,intensive,1,0.0059835206911244,0.3801857548584189,0.6138307244504567
129080,extensive,1,0.6357796584501161,0.364220341549884,0
160022,mid,1,0.419275107325215,0.580724892674785,0
127022,intensive,1,0,0.07143808898417114,0.9285619110158289
129056,extensive,1,0.674256884994592,0.325743115005408,0
69054,mid,1,0.01164684016321333,0.9867000310706724,0.0016531287661142797
129059,mid,1,0.4938627748368937,0.5061372251631063,0
127023,intensive,1,0,0.11220939162013727,0.8877906083798627
129047,intensive,1,0,0.3244595815309937,0.6755404184690063
129061,extensive,1,0.9875416322923795,0.012458367707620582,0
127024,intensive,1,0,0.001340702084557511,0.9986592979154425
127026,intensive,1,0,0,1
129060,extensive,1,0.9256245912889907,0.07437540871100931,0
69049,intensive,1,0,0.3529668033818932,0.6470331966181069
129062,extensive,1,0.9991300417758072,8.699582241928181e-4,0
129050,mid,1,0.0017538340214291405,0.7746061498723222,0.22364001610624865
69053,intensive,1,0,0.15772447405755696,0.842275525942443
160017,mid,1,0.12314350882262347,0.8768564911773765,0
129040,extensive,1,1,0,0
69050,intensive,1,0.018355098935574677,0.22250980872054169,0.7591350923438837
129039,extensive,1,0.9961555658057851,0.0038444341942148554,0
69057,intensive,1,0,0.24446581045466564,0.7555341895453344
160018,intensive,1,0,0.13810855776276973,0.8618914422372302
160021,intensive,1,0,0.1956934911918497,0.8043065088081502
129032,extensive,1,0.9997762802591641,2.2371974083592122e-4,0
129030,extensive,1,0.9700191337034104,0.02998086629658953,0
160019,intensive,1,0,0,1
129041,extensive,1,1,0,0
69035,mid,1,0.44721874482525287,0.5527812551747472,0
127028,intensive,1,0,0.4554501198469897,0.5445498801530103
160016,mid,1,0.36289495532639005,0.63710504467361,0
129034,extensive,1,1,0,0
160020,intensive,1,0,0.035836439499466584,0.9641635605005334
69052,intensive,1,0,0.036433123811038,0.963566876188962
129031,extensive,1,0.9910872222879238,0.008912777712076238,0
129042,extensive,1,1,0,0
69034,extensive,1,0.7788145865207475,0.2211854134792525,0
129093,extensive,1,1,0,0
160011,mid,1,0.11769773853141609,0.8823022614685839,0
161020,mid,1,0.057656329109416087,0.9423436708905839,0
69036,extensive,1,0.8816007554692764,0.11839924453072362,0
69055,intensive,1,0.0772262009127979,0.16573303338744683,0.7570407656997553
160014,intensive,1,0,0.04390685179100139,0.9560931482089986
129033,extensive,1,0.8396804718301112,0.16031952816988887,0
129043,extensive,1,0.9945518690337627,0.00544813096623729,0
160013,intensive,1,0,0.05392516964507798,0.946074830354922
160012,intensive,1,0,0.12733602049400142,0.8726639795059986
161021,mid,1,0.25384276635434677,0.7461572336456532,0
69058,intensive,1,0,0.18986852934868473,0.8101314706513153
69037,extensive,1,0.824006817389201,0.175993182610799,0
160015,intensive,1,0,0.22257034634767622,0.7774296536523237
129035,extensive,1,1,0,0
161022,mid,1,0.07190780984930403,0.928092190150696,0
69038,mid,1,0.26762037098664004,0.6780961902319894,0.05428343878137054
129092,extensive,1,0.8228270329144255,0.1771729670855745,0
69018,extensive,1,0.5487524858985335,0.45124751410146646,0
69046,mid,1,0.26857875266763936,0.7257265976085362,0.005694649723824402
161023,mid,1,0,1,0
129044,extensive,1,0.9892360949207544,0.010763905079245663,0
69020,extensive,1,1,0,0
129020,extensive,1,0.9035253795092064,0.09647462049079356,0
161024,mid,1,0.09159933222716367,0.9084006677728363,0
129045,extensive,1,1,0,0
69047,extensive,1,0.6606187131217617,0.3228624655453646,0.01651882133287376
69048,extensive,1,0.6128354136781429,0.38716458632185713,0
69039,mid,1,0.40066955099233464,0.5993304490076654,0
69056,intensive,1,2.232556942022807e-4,0.06174986258947618,0.9380268817163215
69022,extensive,1,1,0,0
69040,mid,1,0.15087821489270747,0.8491217851072925,0
161025,mid,1,0.045933503755667925,0.954066496244332,0
160007,mid,1,0.44149794907751916,0.5585020509224808,0
129021,extensive,1,0.8611248786065452,0.13887512139345476,0
69041,extensive,1,0.9237459607824094,0.07625403921759054,0
160008,intensive,1,0,0.09301121170409055,0.9069887882959095
69019,extensive,1,0.7776191480574841,0.22238085194251592,0
69024,extensive,1,0.8554224004706789,0.14457759952932112,0
69042,extensive,1,1,0,0
161015,intensive,1,0,0.12719439434332283,0.8728056056566772
69017,mid,1,0.28024433085497785,0.7197556691450222,0
160010,intensive,1,0,0.1676678360477098,0.8323321639522901
160009,intensive,1,0,0,1
129023,extensive,1,0.8951048956337377,0.10489510436626223,0
69021,extensive,1,1,0,0
129017,mid,1,0.11530154041758693,0.6674363425157206,0.21726211706669243
129015,mid,1,0.08846947247060893,0.9115305275293911,0
129022,extensive,1,0.8765257688061523,0.12347423119384772,0
161028,mid,1,0,0.5951815246776406,0.4048184753223594
129024,mid,1,0.4112003895502018,0.5887996104497982,0
69043,extensive,1,0.7219763301928415,0.27802366980715854,0
69023,extensive,1,0.8972465962679228,0.10275340373207717,0
161029,mid,1,0,0.5348393220821869,0.4651606779178132
161014,intensive,1,0,0.07910885664647255,0.9208911433535275
69044,extensive,1,0.9127063886012919,0.08638635642744527,9.072549712627588e-4
69029,extensive,1,1,0,0
69025,extensive,1,0.5781679718860565,0.42183202811394355,0
69002,extensive,1,0.7233227854802807,0.27667721451971927,0
69026,extensive,1,0.7511543314719102,0.24884566852808976,0
159021,mid,1,0.014870914067380869,0.5106474624934044,0.47448162343921474
69031,extensive,1,1,0,0
129016,mid,1,0.009592004469349984,0.7611697794039156,0.2292382161267344
129018,mid,1,0,0.8295003844753707,0.17049961552462936
69027,extensive,1,1,0,0
161030,intensive,1,0,0.36779106325204575,0.6322089367479542
69045,extensive,1,0.7683686521592344,0.23095049864014444,6.808492006211405e-4
129025,extensive,1,0.9576638903220585,0.042336109677941575,0
161016,intensive,1,0,0.12151720108392523,0.8784827989160747
161031,intensive,1,0,0.28527042407974607,0.714729575920254
160001,intensive,1,0.13383014688266354,0.19344669056959674,0.6727231625477398
69028,extensive,1,0.9764962235544303,0.02350377644556966,0
161010,intensive,1,0,0.22323937013007417,0.7767606298699259
160006,intensive,1,0,0.1620293692793763,0.8379706307206237
129027,extensive,1,0.9983152021898928,0.0016847978101072034,0
160003,intensive,1,0,0.08073126107317243,0.9192687389268276
129019,mid,1,0.011354096031417456,0.9886459039685825,0
129026,extensive,1,1,0,0
161017,intensive,1,0,0.10810478568154923,0.8918952143184508
129086,mid,1,0.18533261465700038,0.8146673853429997,0
69030,extensive,1,1,0,0
161032,intensive,1,0,0.3334191161581486,0.6665808838418514
129087,extensive,1,0.7869779454927348,0.21302205450726516,0
160004,intensive,1,0,0,1
69003,extensive,1,0.8159497884828849,0.18405021151711506,0
129089,extensive,1,1,0,0
159013,intensive,1,0,0.29546827032064366,0.7045317296793564
160005,intensive,1,0,0.1455301816161845,0.8544698183838155
69004,extensive,1,0.9347396593184191,0.0652603406815809,0
69032,extensive,1,1,0,0
69005,extensive,1,1,0,0
129001,mid,1,0,1,0
129029,mid,1,0.0028788590199713532,0.9971211409800287,0
129036,extensive,1,0.7990805010166101,0.2009194989833899,0
159014,intensive,1,0,0.21811105340354534,0.7818889465964547
161018,intensive,1,0,0.11764222094148397,0.882357779058516
161011,intensive,1,0,0.1367441891171309,0.8632558108828691
129009,mid,1,0.1551482588423644,0.5665987234301654,0.27825301772747024
69033,mid,1,0.36827750516175994,0.6317224948382401,0
129002,mid,1,0,0.99992190838525,7.809161475007571e-5
164013,intensive,1,0,0.21879186349028087,0.7812081365097191
69006,extensive,1,0.9997596759434393,2.403240565607453e-4,0
161012,intensive,1,0,0.11067078982305845,0.8893292101769416
164015,intensive,1,0,0.1792124844301373,0.8207875155698627
129010,mid,1,0,0.5488398481000446,0.4511601518999554
161013,intensive,1,0,0.3645435509989596,0.6354564490010405
69014,extensive,1,1,0,0
129088,extensive,1,0.9543506797081867,0.04564932029181333,0
161019,mid,1,0,0.5101721704350461,0.48982782956495385
129003,intensive,1,0,0.3166857496854339,0.683314250314566
129013,mid,1,0.38919718106688733,0.6108028189331126,0
69007,extensive,1,0.9571790428525647,0.04282095714743527,0
164014,intensive,1,0,0.13093693687693328,0.8690630631230667
69015,extensive,1,1,0,0
159011,intensive,1,0,0.3097464248744152,0.6902535751255847
129004,intensive,1,0,0.1785144761229778,0.8214855238770222
164010,intensive,1,0,0.1012004669003157,0.8987995330996843
159015,intensive,1,0.021723524318870036,0.4098167188293532,0.5684597568517767
161006,mid,1,0,0.9552697168139744,0.04473028318602561
69016,extensive,1,0.7297409127415896,0.2702590872584104,0
158017,intensive,1,0,0.24968402882535368,0.7503159711746463
129005,mid,1,0,0.54177668577461,0.4582233142253899
161007,mid,1,0,1,0
129006,mid,1,0.08512296865891414,0.8741565312275894,0.0407205001134965
129014,extensive,1,0.9738938812159103,0.02610611878408974,0
129028,extensive,1,0.6211954463965204,0.3788045536034796,0
164011,mid,1,0.00443576746320608,0.9932492924776148,0.0023149400591791288
161008,mid,1,0,0.9946477984003173,0.00535220159968277
129007,mid,1,0.04730638936787014,0.9526936106321299,0
69010,extensive,1,0.9990046040930093,9.953959069907495e-4,0
69008,extensive,1,0.641147671683884,0.358852328316116,0
164006,intensive,1,0,0.04055690951942656,0.9594430904805734
143035,mid,1,0.34773629984972615,0.6522637001502738,0
159003,mid,1,0,0.6126210273139904,0.3873789726860097
159004,mid,1,0,0.9919938111673466,0.008006188832653416
143038,mid,1,0.11845901255767141,0.8815409874423286,0
129008,extensive,1,0.7529152918536639,0.2470847081463361,0
143034,mid,1,0,1,0
161009,mid,1,0,0.7993218170102179,0.2006781829897821
164007,intensive,1,0,0.019396293589913006,0.980603706410087
158016,mid,1,0,0.69615215418079,0.30384784581921004
158018,intensive,1,0,0.4294544672129668,0.5705455327870331
159018,intensive,1,0.021689627088979032,0.46836961546499556,0.5099407574460254
161001,intensive,1,0,0.30668837996299,0.6933116200370101
143001,intensive,1,0,0.4631057516311129,0.5368942483688871
164008,intensive,1,0,0.22824966266189806,0.7717503373381019
159006,intensive,1,0,0.2535271883113005,0.7464728116886995
164003,intensive,1,0,0,1
159019,intensive,1,0.026883172261857557,0.3483671875197842,0.6247496402183583
69011,extensive,1,0.996571232356861,0.003428767643139072,0
69012,mid,1,0.20799490070736915,0.7920050992926309,0
161002,intensive,1,0,0.13049032759993565,0.8695096724000644
158019,intensive,1,0,0.058163703745218384,0.9418362962547816
157018,extensive,1,0.5601650697070203,0.4398349302929797,0
159002,intensive,1,0,0.24365991987766053,0.7563400801223396
159005,intensive,1,0,0.23115159275046787,0.7688484072495321
143037,mid,1,0,1,0
69013,extensive,1,0.8001558046669509,0.19984419533304904,0
143045,mid,1,0,1,0
164004,intensive,1,0,0,1
143002,extensive,1,0.5004572142950158,0.49954278570498417,0
143020,mid,1,0.10834368141653014,0.8916563185834698,0
159007,intensive,1,0,0.22459405622957546,0.7754059437704245
143021,mid,1,0.026582420196465673,0.9734175798035344,0
69009,extensive,1,0.50864078453377215,0.49135921546622785,0
161003,intensive,1,0,0.05779571334096719,0.9422042866590328
164009,mid,1,0.0175021377382906,0.9824978622617094,0
161004,intensive,1,0,0.46584285165525346,0.5341571483447465
158020,intensive,1,1.4089653038284715e-4,0.1405053008410241,0.8593538026285931
159020,mid,1,0.016956091412184963,0.5161332279920312,0.46691068059578383
164005,intensive,1,0,0.11936714162909734,0.8806328583709027
143003,extensive,1,0.809994930583009,0.19000506941699105,0
159008,intensive,1,0,0.0932807903514249,0.9067192096485751
158011,intensive,1,0,0.19965251013328342,0.8003474898667166
143024,mid,1,0.04580272675789434,0.9541775008039114,1.9772438194294472e-5
98041,intensive,1,0,0.45564906039609465,0.5443509396039053
158021,intensive,1,0.09421445571620865,0.40100870982782616,0.5047768344559652
143017,mid,1,0.057744353730554136,0.9422556462694459,0
157016,mid,1,0.02072393831284373,0.9374080502041708,0.041868011482985454
98042,mid,1,0.08412873146894165,0.6789906745264713,0.23688059400458703
143004,extensive,1,0.8203976566885302,0.17960234331146985,0
157024,extensive,1,0.8397571509160765,0.16024284908392344,0
164002,intensive,1,0.004506752922788079,0.0821119430988549,0.913381303978357
143031,mid,1,0,1,0
98043,mid,1,0.15170442379893997,0.84829557620106,0
157017,intensive,1,0,0.47739659747030794,0.5226034025296921
158012,intensive,1,0,0.013113642251092973,0.986886357748907
158022,intensive,1,0,0.20338811447766644,0.7966118855223335
143025,mid,1,0.001209030704712558,0.9456149310506804,0.05317603824460706
143018,mid,1,0.32828755418645966,0.6717124458135403,0
98039,extensive,1,0.5304507735203711,0.3513131130624164,0.11823611341721246
143032,mid,1,0.04017947288661089,0.959820527113389,0
143005,extensive,1,0.7775828177680233,0.22241718223197668,0
158025,intensive,1,5.765796311062604e-4,0.4298685862759675,0.5695548340929263
158023,intensive,1,0.0019091834755799609,0.31433174726712054,0.6837590692572996
143019,mid,1,0.0546208671968486,0.8838259078036664,0.06155322499948492
143033,mid,1,0,1,0
143006,mid,1,0.14434084096547378,0.8556591590345262,0
98032,extensive,1,0.6975099526710937,0.3024900473289062,0
98040,intensive,1,0.006356122889840661,0.238385492720428,0.7552583843897314
143022,mid,1,0,0.8028965893351291,0.1971034106648709
158013,mid,1,4.7834981821935293e-4,0.5693665481636434,0.4301551020181373
158001,intensive,1,0,0.329459237442655,0.6705407625573451
143030,mid,1,0,1,0
142040,extensive,1,0.7334796676808947,0.2665203323191053,0
143023,mid,1,0.01479110033973779,0.9852088996602623,0
143010,mid,1,0.08797957402995446,0.8970368641997596,0.01498356177028598
143007,mid,1,0.40958162664387515,0.5904183733561249,0
158002,intensive,1,0,0.11726647827424813,0.8827335217257519
157015,mid,1,0.17559940890986048,0.8244005910901395,0
157022,intensive,1,0,0.4859125589280042,0.5140874410719958
142041,extensive,1,0.8622796485397345,0.1377203514602655,0
158024,mid,1,0.0027094274151439864,0.6544737141388465,0.34281685844600956
158004,intensive,1,0,0.038651136377041,0.961348863622959
158014,intensive,1,0,0.377369617190831,0.6226303828091689
98036,mid,1,0.11018061481002402,0.7347846725038225,0.1550347126861535
143026,mid,1,0.04296622098226771,0.8178516505328732,0.13918212848485903
142043,mid,1,0.005481944705631371,0.5285628882279669,0.4659551670664017
157013,mid,1,0.015054227616474614,0.5832129742692164,0.401732798114309
143028,mid,1,0.022500708472696012,0.9569109751779479,0.020588316349356085
143008,mid,1,0.19226941673032935,0.8077305832696706,0
98037,mid,1,0.16974312031612487,0.7384025539125273,0.0918543257713478
143015,mid,1,0.04308491294498493,0.956915087055015,0
98034,mid,1,0.44686204192153206,0.553137958078468,0
98024,extensive,1,0.9718733341692942,0.028126665830705774,0
158005,intensive,1,0,0.002919565547393092,0.9970804344526069
157021,intensive,1,0,0.2872373971560092,0.7127626028439907
143009,intensive,1,0,0.42395398144356167,0.5760460185564383
157008,intensive,1,0,0.08743689485272443,0.9125631051472756
98025,extensive,1,0.9078062451483239,0.09219375485167616,0
143029,mid,1,0,0.8528188457168443,0.14718115428315573
142051,intensive,1,0,0.365079439429386,0.634920560570614
158015,intensive,1,0,0.31264951707102867,0.6873504829289713
143016,mid,1,0.0728340569751745,0.9271659430248255,0
158009,intensive,1,0,1.0963304087873253e-4,0.9998903669591213
142038,extensive,1,0.8812162515582939,0.11878374844170618,0
157009,intensive,1,0,0.1649511871416287,0.8350488128583713
157010,intensive,1,0,0.25975322284790336,0.7402467771520966
143027,mid,1,0.030304742646941687,0.9636406474414794,0.006054609911578895
98026,mid,1,0.2288290849129313,0.7708313482127822,3.3956687428654195e-4
158003,mid,1,0.0124931285423774,0.6675490668677099,0.3199578045899128
142039,extensive,1,0.895312204464216,0.10468779553578397,0
98027,extensive,1,0.5598173816736802,0.4401826183263198,0
157020,intensive,1,0,0.42885205967862744,0.5711479403213725
143011,mid,1,0.013318796570206777,0.6696198256986441,0.3170613777311491
98035,intensive,1,0,0.1668652973432392,0.8331347026567608
157003,intensive,1,0,0,1
142042,mid,1,0.09294093306819816,0.7182652648553393,0.18879380207646262
157011,intensive,1,0,0.3178196532708112,0.6821803467291888
98028,intensive,1,0,0.18632214189767143,0.8136778581023286
142044,intensive,1,0,0.24085482446477735,0.7591451755352226
157004,intensive,1,0,0.023313868394702696,0.9766861316052973
143012,mid,1,0,0.9326286355827487,0.06737136441725133
116019,mid,1,0.25769182540446467,0.7423081745955353,0
143014,mid,1,0.0037243210488953488,0.9962756789511047,0
158006,intensive,1,0,0.09486161123047628,0.9051383887695237
142050,mid,1,0.21576699232266544,0.6472145821929279,0.13701842548440665
98019,intensive,1,0,0.18409815546496072,0.8159018445350393
98020,intensive,1,0,0.3411037243416664,0.6588962756583336
157012,mid,1,0.030887051136787542,0.7533127894456026,0.21580015941760985
116015,mid,1,0.14240714223686318,0.7921877101014042,0.06540514766173265
142046,intensive,1,0,0.4225419120046657,0.5774580879953343
142045,intensive,1,8.166295112834834e-6,0.20904833553477875,0.79094349817010845
157006,intensive,1,0,0.16246443172005728,0.8375355682799427
116018,intensive,1,0.016887421504550318,0.25059551922912315,0.7325170592663265
142033,extensive,1,0.6098402287763435,0.3901597712236566,0
142031,intensive,1,0.010506579584024308,0.40522059760910845,0.5842728228068673
116022,mid,1,0.1214584936796939,0.8785415063203061,0
142047,mid,1,0,0.5001091724983325,0.49989082750166747
142020,mid,1,0,0.6782933740757898,0.3217066259242101
116016,mid,1,0.003828723154004924,0.6949960409530254,0.3011752358929697
157019,mid,1,0.023820401707139092,0.9411520313151798,0.03502756697768116
98011,intensive,1,0,0,1
116023,extensive,1,0.6617839289995392,0.33821607100046086,0
98022,intensive,1,0,0.04858640169255501,0.951413598307445
158007,intensive,1,0,0.37559047646479354,0.6244095235352065
142032,mid,1,0.3880606181805191,0.6119393818194809,0
116009,intensive,1,0,0.3682448025915618,0.6317551974084382
116021,intensive,1,0.028974466559303635,0.3743799193829885,0.5966456140577079
116008,mid,1,0,0.8507692867047313,0.14923071329526874
98023,intensive,1,0.0044057880618702154,0.08505943419805279,0.910534777740077
116017,intensive,1,0,0.0025274410888731992,0.9974725589111268
142021,mid,1,0,0.7469328555574377,0.2530671444425623
157001,intensive,1,0,0.04777901914873922,0.9522209808512607
143013,mid,1,0.017096888954310836,0.6343450595892685,0.34855805145642066
116027,extensive,1,0.5766565313088791,0.423343468691121,0
142022,mid,1,0.0952575500220385,0.691428793597894,0.21331365638006752
142048,intensive,1,0,0.3681735805272383,0.6318264194727617
98002,mid,1,0,0.5597100315953208,0.44028996840467916
25041,extensive,1,0.6943233244523859,0.3056766755476142,0
98018,intensive,1,0.008315051900704652,0.24223504778106242,0.7494499003182329
142034,extensive,1,0.5950881213236788,0.4049118786763211,0
98001,mid,1,0.26146995636630505,0.7385300436336949,0
142035,intensive,1,0.027367473725658613,0.3719525840243658,0.6006799422499756
98012,intensive,1,0,0.1511762738477512,0.8488237261522488
142012,mid,1,0,0.7489413741426532,0.2510586258573468
98021,intensive,1,0,0.11283276676499353,0.8871672332350065
25042,mid,1,0.4580360121892773,0.5419639878107226,0
142023,extensive,1,0.9166388704553459,0.08336112954465418,0
98015,intensive,1,0,0.26774742647118804,0.7322525735288119
98016,intensive,1,0,0.07461078605933258,0.9253892139406674
116020,intensive,1,0,0,1
142001,mid,1,0,0.8388030062489826,0.16119699375101737
142036,intensive,1,0,0.10115036832824614,0.8988496316717539
142024,extensive,1,0.7040849115303964,0.29591508846960357,0
116026,mid,1,0.3577988218648525,0.6422011781351474,0
116010,intensive,1,0,0.032054290123700674,0.9679457098762994
98005,mid,1,0,0.767644285783346,0.23235571421665396
142013,extensive,1,0.5983430426807816,0.40165695731921836,0
98017,intensive,1,0,0.08253096934688788,0.9174690306531121
25039,extensive,1,0.9839383218388643,0.016061678161135677,0
116025,mid,1,0,0.6207746317552326,0.3792253682447673
25029,extensive,1,0.9998273112090577,1.726887909422957e-4,0
98003,intensive,1,0,0.11008761884132955,0.8899123811586704
25036,mid,1,0.3735139040406892,0.6264860959593108,0
116011,intensive,1,0,0.41521632332934266,0.5847836766706573
25040,extensive,1,0.5855940683239619,0.4144059316760381,0
142025,extensive,1,0.721216806369914,0.27878319363008597,0
142015,mid,1,0.14334795237430886,0.8566520476256911,0
116001,mid,1,0,0.9999598315895016,4.016841049837076e-5
98004,mid,1,0.4181660548478561,0.5818339451521439,0
142014,mid,1,0.29736179219754083,0.7026382078024591,0
142037,mid,1,0,0.5800888701307597,0.4199111298692403
98009,intensive,1,0,0.15528869743518858,0.8447113025648114
142027,mid,1,0.09357836495467291,0.8522843071732804,0.05413732787204665
98006,mid,1,1.244721328530145e-4,0.5508517455163038,0.4490237823508432
98008,intensive,1,0.01186713785992404,0.4177945062198418,0.5703383559202341
98007,mid,1,0.025113750824253232,0.6876810198193472,0.2872052293563996
116012,intensive,1,0,0.06302934876533386,0.9369706512346662
25027,extensive,1,0.9306111046256759,0.06938889537432417,0
116002,intensive,1,0,0.11990088370830004,0.8800991162916999
142002,extensive,1,0.7595588814006992,0.24044111859930078,0
25130,extensive,1,0.71007027615004,0.2899297238499599,0
116024,intensive,1,0,0.0033894492633281615,0.9966105507366718
25028,extensive,1,1,0,0
25037,extensive,1,0.8441414324316013,0.1558585675683987,0
25043,mid,1,0.2560362747512596,0.6954565344531157,0.04850719079562466
25128,extensive,1,0.6678600825402727,0.3321399174597273,0
142028,mid,1,0,0.749178300465957,0.250821699534043
144002,mid,1,0,0.6906992869764811,0.30930071302351897
25034,mid,1,0.49159461982277847,0.5084053801772215,0
116029,mid,1,0.06962170034599657,0.6913071498900769,0.23907114976392646
116003,intensive,1,0,0.00705165751788636,0.9929483424821136
116028,mid,1,0.017509300512332935,0.5107695306929907,0.4717211687946764
145067,mid,1,0.41168752139716513,0.5883124786028349,0
25137,extensive,1,0.7227754454508138,0.2772245545491861,0
25129,mid,1,0.3268026739724813,0.6731973260275187,0
25138,intensive,1,0,0.48297032820486147,0.5170296717951386
25033,extensive,1,1,0,0
142003,mid,1,0.005219003619707703,0.6251104999273008,0.36967049645299144
142049,mid,1,0.011261809163455648,0.9887381908365444,0
116030,intensive,1,0,0,1
145068,mid,1,0.37071770231944345,0.6292822976805565,0
25127,mid,1,0.04357230853219333,0.7845448103239244,0.1718828811438823
116033,mid,1,0.1496342383005096,0.7001661492107669,0.1501996124887235
142019,mid,1,0,0.542200162699981,0.457799837300019
25026,extensive,1,1,0,0
116004,intensive,1,0,0.02780384750620716,0.9721961524937929
144003,intensive,1,0,0.1437007563513775,0.8562992436486225
116013,intensive,1,0,0.0436683281753467,0.9563316718246533
142017,intensive,1,0,0.07166172528946294,0.9283382747105371
116005,intensive,1,0,0.059028373795808046,0.940971626204192
145069,mid,1,0.1289226885158959,0.8710773114841042,0
25131,mid,1,0.314728262420183,0.45100963254221893,0.2342621050375981
144022,intensive,1,0,0.024516599760585765,0.9754834002394143
25023,extensive,1,0.9461464665885511,0.0538535334114489,0
142016,mid,1,0.07021495748658635,0.5640160577649257,0.36576898474848796
142004,mid,1,0.010594674894332263,0.6796060480389298,0.30979927706673804
25025,extensive,1,0.8848262240221543,0.11517377597784574,0
25132,intensive,1,0.01436846262428284,0.28629194563834753,0.6993395917373696
144005,intensive,1,0,0.19155835973430185,0.8084416402656982
25122,intensive,1,0.01450242735651932,0.3385524188440692,0.6469451537994114
25024,extensive,1,0.6694922387551632,0.3305077612448368,0
145064,intensive,1,0,0.19115043956875308,0.8088495604312469
25032,extensive,1,1,0,0
142018,intensive,1,0,0.016755619080734644,0.9832443809192654
144021,intensive,1,0,1.6935201296823735e-4,0.9998306479870318
116006,intensive,1,0,0.09922318911604666,0.9007768108839533
145066,intensive,1,0,0.36159562614363067,0.6384043738563694
144020,intensive,1,0,0,1
116014,intensive,1,0,0.03412467611588049,0.9658753238841195
25123,intensive,1,0,0.03234722320751185,0.9676527767924882
25133,extensive,1,0.6094630157782381,0.37587403299862915,0.014662951223132662
142005,mid,1,0.0016909994548340145,0.7934944501817373,0.20481455036342877
25136,mid,1,3.662777658306061e-4,0.8006918770883237,0.19894184514584573
116032,intensive,1,0,0.11472667065971509,0.8852733293402849
25021,extensive,1,1,0,0
116007,intensive,1,0,0.08991391421073114,0.9100860857892689
25134,extensive,1,0.7729286416655473,0.22707135833445266,0
25124,intensive,1,0,0.019464025572460884,0.9805359744275391
145070,mid,1,0.06765491383213103,0.9323450861678689,0
25107,mid,1,0.22920823836099383,0.7558143846481773,0.014977376990828845
145065,intensive,1,0,0.20557503832050805,0.794424961679492
25022,extensive,1,0.7697270765706973,0.2302729234293027,0
144007,intensive,1,0,0.124965402973981,0.875034597026019
142006,mid,1,0.010530152522084446,0.6777559783279143,0.3117138691500012
145063,intensive,1,0,0.2575148560180005,0.7424851439819995
25031,extensive,1,1,0,0
25113,intensive,1,0,0.06205395639634226,0.9379460436036577
144024,intensive,1,0,0,1
145072,intensive,1,0,0.17976146874478718,0.8202385312552128
25108,intensive,1,0.0033463091306915236,0.35628810935285693,0.6403655815164515
145071,mid,1,0.012521279785876077,0.6436426457756111,0.3438360744385128
142007,intensive,1,0,0.3423859236198197,0.6576140763801803
142011,intensive,1,0,0.07951554562355483,0.9204844543764452
25125,intensive,1,0,0.04963218974007855,0.9503678102599215
25115,intensive,1,0,0.0148709858686873,0.9851290141313127
25111,intensive,1,0,0.30444791763033374,0.6955520823696663
116031,mid,1,0.05268552346988051,0.9473144765301195,0
25095,intensive,1,0,0.23519072815969802,0.764809271840302
25019,extensive,1,1,0,0
144009,intensive,1,0,0.12666348145142864,0.8733365185485713
144025,intensive,1,0,0.010609094055662412,0.9893909059443375
142009,mid,1,0.3669925250733051,0.6330074749266948,0
25092,mid,1,0.43979530758617813,0.5602046924138219,0
144006,intensive,1,0,0,1
25020,extensive,1,0.8579548878831323,0.14204511211686763,0
142008,intensive,1,0,0.07344071374502198,0.926559286254978
144023,intensive,1,0,0.16637953341060494,0.833620466589395
25112,intensive,1,0,0.11431157128268452,0.8856884287173155
25119,intensive,1,0,0.1625299113086691,0.8374700886913309
25109,extensive,1,0.96876028086813,0.03123971913187,0
25093,mid,1,0.200115948517071,0.7937383895532931,0.006145661929635898
144011,intensive,1,0,0.10127676529025616,0.8987232347097438
145060,mid,1,0,0.5861144850803245,0.41388551491967546
25017,extensive,1,0.94791912264185,0.05208087735815005,0
145061,intensive,1,0,0.16729511937680633,0.8327048806231937
144019,intensive,1,0,0.12253418453477771,0.8774658154652223
145074,mid,1,0.36009442073911163,0.6399054510028381,1.282580502734496e-7
25094,intensive,1,0,0.3874883582823935,0.6125116417176065
145073,intensive,1,0,0.052384257749207255,0.9476157422507927
25096,intensive,1,0.04573020362754328,0.4153394682771635,0.5389303280952932
144008,intensive,1,0,0,1
25097,mid,1,0.42567455343817673,0.5743254465618233,0
25114,intensive,1,0,0,1
25016,extensive,1,0.9975050810551737,0.00249491894482635,0
145082,mid,1,0,0.5404430650427198,0.4595569349572803
25089,mid,1,0.07524885120694856,0.9220641739274636,0.0026869748655877408
145075,mid,1,0.061748692314243105,0.7344108232130594,0.20384048447269748
145059,intensive,1,0,0.1320345279067361,0.8679654720932639
25116,intensive,1,0,0.04129494255490816,0.9587050574450918
25090,mid,1,0,0.9934572502826802,0.0065427497173198654
144010,intensive,1,0,0,1
144013,intensive,1,0,0.4566110355942068,0.5433889644057932
25120,mid,1,0.2263974042053039,0.6494681765102753,0.12413441928442073
144026,mid,1,0,0.8414250363395731,0.15857496366042687
25091,mid,1,0.25829994282691704,0.741700057173083,0
144027,intensive,1,0,0.10137780484016129,0.8986221951598388
146023,mid,1,0.013373956082204284,0.6088839900670519,0.37774205385074383
25087,mid,1,0.12812525420434656,0.8718747457956535,0
25035,extensive,1,0.9569852123139304,0.043014787686069554,0
25013,extensive,1,0.9765840235159412,0.023415976484058784,0
144012,intensive,1,0,0.11220905548571428,0.8877909445142858
25141,intensive,1,0,0,1
25140,intensive,1,0,0.23389764576705502,0.7661023542329449
144018,intensive,1,0,0.049265859117338835,0.9507341408826612
25088,mid,1,0.060695922638015855,0.9393040773619842,0
144014,intensive,1,0,0.3723378265692749,0.6276621734307252
145078,intensive,1,0,0,1
25011,extensive,1,0.7940372348191669,0.20596276518083312,0
146022,mid,1,0.001990992583113204,0.9980090074168868,0
144030,intensive,1,0,0.177209105470992,0.822790894529008
145077,intensive,1,0,0.30370565334820004,0.6962943466517999
25012,extensive,1,1,0,0
145079,intensive,1,0,0.0780885680669384,0.9219114319330616
144028,intensive,1,0,0.005596202418931666,0.9944037975810683
145058,intensive,1,0,0.2742211043848439,0.7257788956151562
25014,extensive,1,1,0,0
144029,intensive,1,0,0.4315300342518726,0.5684699657481274
25084,mid,1,0.41025931682102124,0.5897406831789788,0
25015,mid,1,0.4981118720262033,0.5018881279737968,0
146021,mid,1,0.22701045997642103,0.772989540023579,0
25099,mid,1,0,0.7344742265646704,0.26552577343532957
25085,mid,1,0.13391357350888847,0.8660841345551066,2.2919360049227736e-6
144017,intensive,1,0,0.21176029130463664,0.7882397086953633
25100,intensive,1,0,0.38182303477306945,0.6181769652269306
145057,intensive,1,3.683229378091591e-4,0.37575127226998195,0.6238804047922089
144034,intensive,1,0,0.3835426749317883,0.6164573250682117
145080,intensive,1,0,0.033788364253363574,0.9662116357466364
144016,intensive,1,0,0.01515589767879321,0.9848441023212068
146018,mid,1,0,0.988849374137942,0.011150625862057909
25139,intensive,1,0.03791275639825137,0.3061973735866119,0.6558898700151368
25104,mid,1,0.3197435890677733,0.6802564109322268,0
115016,intensive,1,0,0.2617304266038541,0.738269573396146
25086,mid,1,0.002139422312543248,0.6088997261178287,0.388960851569628
25007,extensive,1,0.9145607667870927,0.08543923321290725,0
144015,intensive,1,0,0.05725600643770309,0.9427439935622969
145081,intensive,1,0,0.18241492272991255,0.8175850772700874
25008,extensive,1,1,0,0
25106,mid,1,0.2873184037815439,0.7081975527326982,0.004484043485757806
25009,extensive,1,1,0,0
144031,intensive,1,0.004559343874775441,0.19763697381194195,0.7978036823132826
25010,extensive,1,0.9269611537111433,0.073038846288856693,0
144043,mid,1,0.09302687103547046,0.7922459981467866,0.11472713081774286
115017,intensive,1,0,0.03582975707148411,0.9641702429285159
25080,mid,1,0.34798479461541815,0.6520152053845818,0
144032,intensive,1,0,0,1
146017,mid,1,0,0.7962288210011895,0.20377117899881048
145053,intensive,1,0,0.2773232783390554,0.7226767216609445
25081,mid,1,0.06808011029071191,0.5947402918242802,0.33717959788500784
115015,mid,1,0.12971119026666939,0.6590550965551059,0.21123371317822473
146019,mid,1,0.15469026753628498,0.8184829970036379,0.02682673546007714
146020,intensive,1,0,0.3198148063135653,0.6801851936864347
25082,mid,1,0.14775755087419146,0.7121679244909974,0.14007452463481115
144033,intensive,1,0,0.12679490447130648,0.8732050955286935
25083,extensive,1,0.7443986831855226,0.25560131681447734,0
25101,extensive,1,0.9947339558587622,0.005266044141237757,0
25005,extensive,1,0.9793867584956294,0.020613241504370577,0
144044,intensive,1,0,0.06004324955408089,0.9399567504459191
25067,mid,1,0.0788894708421404,0.9211105291578596,0
115014,intensive,1,0,0.09359823535466016,0.9064017646453398
25103,extensive,1,1,0,0
25006,extensive,1,0.9862430507686188,0.013756949231381103,0
144040,intensive,1,0,0.4732495823750163,0.5267504176249836
25030,extensive,1,0.9127669967131196,0.08723300328688047,0
146013,intensive,1,0,0.10855141965696423,0.8914485803430358
25076,mid,1,0,1,0
25079,mid,1,0.2012020400522872,0.7963268358671707,0.002471124080542176
115013,intensive,1,0.006184375132826493,0.403997463711504,0.5898181611556694
25075,mid,1,0.02095361185268586,0.5810836205781403,0.3979627675691738
144039,intensive,1,0,0.16537258458936843,0.8346274154106316
145055,intensive,1,0,0.44366219244271904,0.5563378075572809
115012,intensive,1,0.006494965117024491,0.35079187772831694,0.6427131571546586
144035,intensive,1,0,0.3245217593330339,0.6754782406669662
25078,mid,1,0.057633794093802745,0.8793418406916613,0.06302436521453594
145050,intensive,1,0,0.01175838769131357,0.9882416123086865
115011,mid,1,0.4639641342683041,0.4799103848571982,0.05612548087449769
144038,intensive,1,0,0.0315527568534516,0.9684472431465484
25004,extensive,1,0.6965262463600697,0.30347375363993034,0
146012,intensive,1,0,0.06944935699814751,0.9305506430018525
25073,intensive,1,0.20087624731487105,0.31608040646384644,0.4830433462212825
115005,intensive,1,0,0.2548965308836933,0.7451034691163068
146014,intensive,1,0,0.06640296309288629,0.9335970369071137
25074,mid,1,0.03630478464950197,0.48364965720826214,0.4800455581422359
146015,intensive,1,0,0.3373538445245442,0.6626461554754558
145048,mid,1,0.1981036537059968,0.7070061007570781,0.09489024553692503
25002,extensive,1,0.9656913576753473,0.034308642324652736,0
144037,mid,1,0,0.9716541729840382,0.028345827015961816
115010,mid,1,0.03443221113757059,0.9655677888624294,0
146016,mid,1,0.41706333395335987,0.5823782185503988,5.584474962413563e-4
25001,extensive,1,0.9996380323931819,3.6196760681806475e-4,0
115006,intensive,1,0,0.3173935551596043,0.6826064448403957
115007,intensive,1,5.975594602951607e-4,0.3822959577897332,0.6171064827499716
144036,mid,1,0.04894730184394987,0.9510526981560501,0
115004,intensive,1,0,0.18272676332201931,0.8172732366779807
146008,intensive,1,0,0.4839687982986256,0.5160312017013744
25003,extensive,1,0.8590134904667236,0.14098650953327635,0
115009,mid,1,0.029464454233400477,0.9175290381820728,0.05300650758452678
25071,mid,1,0.006059470170523911,0.9939405298294761,0
146010,intensive,1,0,0.058448134153664705,0.9415518658463353
25063,intensive,1,0.0034983198306921285,0.31356211996799815,0.6829395602013097
145090,intensive,1,0,0.1881774194175135,0.8118225805824865
25064,mid,1,0.023164769001918932,0.5024956921429882,0.47433953885509295
146009,intensive,1,0,0,1
115003,intensive,1,0.0025034242447661906,0.3013829122447392,0.6961136635104946
115008,mid,1,0.10696833823573311,0.803425385919446,0.0896062758448209
25065,mid,1,0.4308511546927126,0.5691488453072874,0
146006,mid,1,0,0.6243189157059048,0.37568108429409514
146007,mid,1,0,0.7235839142658708,0.2764160857341292
145102,intensive,1,0,0.2964908494352089,0.703509150564791
145091,intensive,1,0,0.2971182143023265,0.7028817856976735
146004,intensive,1,0,0.0035170556811813447,0.9964829443188187
146005,intensive,1,0,0.24019555790087221,0.7598044420991278
115002,extensive,1,0.852989443892764,0.14701055610723598,0
146003,intensive,1,0,0,1
25057,intensive,1,0.02105980469265904,0.3640939923997719,0.6148462029075691
146002,intensive,1,0,0.023083604670148014,0.976916395329852
146001,intensive,1,0,0.35859690263863,0.64140309736137
145089,intensive,1,0,0.1201409070129805,0.8798590929870195
145046,mid,1,0,0.9989399269491371,0.0010600730508628987
145045,intensive,1,0,0.07975260091154085,0.9202473990884592
145043,intensive,1,0.0020050667616326296,0.20334888399231946,0.7946460492460479
25054,extensive,1,0.6482795443963415,0.3517204556036585,0
145044,mid,1,0.07413579498942804,0.7537949387010663,0.17206926630950564
25052,mid,1,0.3942056076916847,0.6057943923083152,0
25053,mid,1,0.23164013861607247,0.7683598613839275,0
145083,mid,1,0.08608702815010681,0.5423127843496509,0.3716001875002423
145039,intensive,1,0,0.034626855912545274,0.9653731440874547
25055,extensive,1,0.7823129388756302,0.21768706112436975,0
145093,intensive,1,0.014158881084047014,0.34796275853204567,0.6378783603839073
145042,intensive,1,0,0.11868366719958415,0.8813163328004159
145038,intensive,1,0,0.014777685081632205,0.9852223149183678
145087,intensive,1,0,0.11226150419200083,0.8877384958079991
145094,intensive,1,0.02661464670453936,0.2604920257396247,0.7128933275558359
145032,intensive,1,0.03630424003349765,0.4737398226154338,0.48995593735106857
145095,mid,1,0,0.5311275630467117,0.4688724369532882
145040,extensive,1,0.5560836530434454,0.4402702696922245,0.00364607726433009
145021,intensive,1,0,0.33105046959115664,0.6689495304088433
145036,intensive,1,0.026817468435886525,0.11639120276157276,0.8567913288025407
145031,intensive,1,0,0.027784876808050092,0.9722151231919499
145020,intensive,1,0,0.05740403977312358,0.9425959602268764
145096,extensive,1,0.5473217476072423,0.4526782523927577,0
145085,intensive,1,0,0.25194732226728755,0.7480526777327124
145084,intensive,1,0.01118256455898094,0.47031942964667134,0.5184980057943477
145034,intensive,1,0,0.1996565057130721,0.8003434942869279
145030,intensive,1,0.07823714033526251,0.3591004444744343,0.5626624151903032
145099,mid,1,0.04172619772960482,0.9582738022703952,0
6001,extensive,1,1,0,0
145019,intensive,1,0,0.37971312436736604,0.620286875632634
145029,mid,1,0,0.5140299132833582,0.4859700867166417
145098,mid,1,0.12945739812254795,0.870542601877452,0
145028,intensive,1,0,0.2855512317647198,0.7144487682352803
6002,extensive,1,1,0,0
145022,intensive,1,0,0.03276768092647323,0.9672323190735268
145018,intensive,1,0,0.10202313251815921,0.8979768674818408
6062,mid,1,0.295593629172244,0.7044063708277559,0
6003,extensive,1,1,0,0
145026,intensive,1,0,0.36932550216455595,0.630674497835444
145007,intensive,1,0,0.2326959792024155,0.7673040207975845
145017,intensive,1,0,0.2900731902961407,0.7099268097038594
145016,intensive,1,0,0.10980297541098015,0.8901970245890198
6004,extensive,1,1,0,0
145025,mid,1,0.11245280883989053,0.8789461881896973,0.008601002970412159
145015,intensive,1,0,0.008797598046899625,0.9912024019531004
6005,extensive,1,0.9771366759514192,0.022863324048580796,0
6014,extensive,1,0.6211309467814214,0.37886905321857856,0
114101,mid,1,0.11931953873872822,0.8806804612612718,0
145024,mid,1,0.46102661060279215,0.5389733893972078,0
145013,intensive,1,0,0.3072744343504853,0.6927255656495147
145006,intensive,1,0,0.03724034236230346,0.9627596576376966
114100,mid,1,0.02711053354525564,0.8837722742760195,0.08911719217872492
145014,intensive,1,0,0.43671962501503886,0.5632803749849611
6006,extensive,1,0.8617588702854803,0.13824112971451977,0
145011,intensive,1,0,0.08429911644270394,0.9157008835572961
145005,intensive,1,0,0.16955684391741516,0.8304431560825848
145009,intensive,1,0,0.16950831474202024,0.8304916852579798
145004,mid,1,0.003897294095389013,0.6503746923694644,0.3457280135351466
114102,mid,1,0.024594350437634572,0.7892483808607307,0.18615726870163474
6015,extensive,1,0.806132140713547,0.19386785928645306,0
145003,intensive,1,0,0.06402250347959838,0.9359774965204016
6008,extensive,1,0.7412873247610489,0.15933455983371755,0.0993781154052336
6016,extensive,1,0.9899633340650726,0.010036665934927348,0
114103,mid,1,0.0787132010354545,0.6300523044280909,0.29123449453645456
114106,intensive,1,0.0058154056656486075,0.4272753367467786,0.5669092575875728
145002,mid,1,0.07586002276564913,0.8004873986563228,0.12365257857802812
145010,intensive,1,0.003766322173111621,0.3902488054517342,0.6059848723751542
114105,intensive,1,0.014049378748455283,0.27555010248689515,0.7104005187646495
6009,extensive,1,0.7947095541778502,0.13065955787370936,0.07463088794844047
145001,mid,1,0.005388399808555897,0.8126485214513207,0.1819630787401234
114107,mid,1,0.008083479952969975,0.5416815763644185,0.4502349436826115
114104,extensive,1,0.6630451363813582,0.33695486361864174,0
6010,extensive,1,0.6865766666109442,0.19715916065074648,0.11626417273830929
6011,extensive,1,0.85434273346562,0.14452364539624765,0.0011336211381324061
114109,mid,1,0.03587504339933672,0.9641249566006633,0
114110,extensive,1,0.6376713505490655,0.3623286494509344,0
114115,mid,1,0.12163895752081351,0.8321755608843137,0.04618548159487289
6013,extensive,1,0.9284798667701424,0.07152013322985758,0
114111,intensive,1,0,0.4080987008311619,0.5919012991688382
114112,mid,1,0.46810499255205246,0.5318950074479475,0
114114,mid,1,0.04789591309605795,0.804313003970129,0.14779108293381313
114085,mid,1,0.05380980648820743,0.7318076797175471,0.21438251379424547
114084,mid,1,0.2651433263077118,0.7334466001181444,0.0014100735741437752
6018,extensive,1,0.9511921933094354,0.0488078066905646,0
114086,intensive,1,0.0203844858021357,0.2991937419888493,0.680421772209015
114113,intensive,1,0,0.34835110671513597,0.651648893284864
6019,extensive,1,0.9911986795750658,0.008801320424934169,0
114087,intensive,1,0.011625327386282693,0.24165368318500544,0.7467209894287119
114116,intensive,1,0,0.0692391231098566,0.9307608768901434
114083,intensive,1,0.008463155490955934,0.2555087078238891,0.736028136685155
6020,extensive,1,0.9742886966510182,0.02571130334898178,0
114118,intensive,1,0,0.12170264188517492,0.8782973581148251
114079,intensive,1,0,0.42734199879558427,0.5726580012044157
114119,intensive,1,0,0,1
24098,mid,1,0.1846534826241816,0.7345993915465313,0.0807471258292871
114127,intensive,1,0,0.30554701193481415,0.69445298806518585
114082,intensive,1,0,0.43953912118015864,0.5604608788198413
114081,intensive,1,0,0.32958239028552094,0.6704176097144791
6021,extensive,1,0.9425631255839008,0.05743687441609923,0
114089,intensive,1,0.0010913543417141124,0.3481642826629797,0.6507443629953061
114076,mid,1,0.16980597611046694,0.8301940238895331,0
114080,mid,1,0,0.6201932044718176,0.3798067955281824
6024,extensive,1,0.8954053768799429,0.10459462312005711,0
114126,intensive,1,0,0.1737712192618699,0.8262287807381301
6022,extensive,1,1,0,0
114090,intensive,1,0,0.2574549105227192,0.7425450894772808
114077,intensive,1,8.529537257555552e-9,0.4980970971784946,0.5019028942919681
114074,intensive,1,0,0.4462793950662148,0.5537206049337852
24096,mid,1,0.09546764428196874,0.9045323557180313,0
24094,extensive,1,0.7691829772239469,0.2308170227760531,0
114072,mid,1,0,0.9403086979938462,0.05969130200615379
6025,extensive,1,1,0,0
114128,intensive,1,0,0.422783549650239,0.577216450349761
24095,mid,1,0.04678363436737016,0.9532163656326298,0
6023,extensive,1,1,0,0
114073,mid,1,0.018944203870698745,0.5230727897450519,0.4579830063842494
12000,extensive,1,0.9190874076387148,0.08042400266816502,4.885896931201706e-4
24092,extensive,1,0.8612231329814842,0.13877686701851577,0
6027,extensive,1,1,0,0
24093,extensive,1,0.570790909181239,0.429209090818761,0
114148,mid,1,0,1,0
114129,mid,1,0.024854685457648313,0.9548558427405285,0.020289471801823188
24091,extensive,1,0.9672284723569735,0.03277152764302648,0
6026,extensive,1,1,0,0
6028,extensive,1,1,0,0
114071,intensive,1,0,0.10882109377678419,0.8911789062232158
24089,extensive,1,0.8716453746619455,0.12835462533805453,0
114070,mid,1,0,0.9996490859033158,3.5091409668414205e-4
24088,extensive,1,0.9829580214963313,0.017041978503668717,0
24090,extensive,1,0.6161083210383476,0.3838916789616524,0
114075,mid,1,0,0.5967126408806627,0.4032873591193373
114069,intensive,1,0,0.2839590100439453,0.7160409899560547
24087,mid,1,0.43504432708179896,0.564955672918201,0
24084,extensive,1,0.9383935001864423,0.061606499813557744,0
24086,mid,1,0.2834182318023417,0.7165817681976583,0
114091,intensive,1,0.08712311568554408,0.4219062494629229,0.49097063485153303
114122,mid,1,0.048809431397954,0.951190568602046,0
114131,mid,1,0.007910610271119044,0.9843336546242378,0.0077557351046431645
24083,mid,1,0.21082524139851339,0.7891747586014867,0
114068,intensive,1,0,0.41185728405840405,0.588142715941596
5029,extensive,1,1,0,0
24080,extensive,1,0.9647459018354302,0.03525409816456981,0
114063,intensive,1,0,0.08552979213897158,0.9144702078610284
114092,mid,1,0.11777648246620492,0.6170080863585166,0.26521543117527857
5030,extensive,1,1,0,0
24082,mid,1,0.04508406167496615,0.9549159383250339,0
24085,mid,1,0.30942740975394734,0.6905725902460527,0
114067,extensive,1,0.6262007584344067,0.3737992415655933,0
100001,extensive,1,0.7140451095864887,0.2859548904135113,0
114060,intensive,1,0,0,1
24079,extensive,1,0.5363127815587851,0.4636872184412148,0
24081,mid,1,0.34019595363413474,0.6598040463658652,0
100002,extensive,1,0.5361438085654938,0.4638561914345061,0
24076,extensive,1,0.9650345495060864,0.03496545049391367,0
100003,mid,1,0.0684084720142764,0.8950028578248928,0.03658867016083084
24078,mid,1,0.24248892043621703,0.7575110795637829,0
24097,mid,1,0.4576546869074376,0.5383581920113206,0.003987121081241785
24075,extensive,1,0.7812961398072558,0.21870386019274418,0
24077,mid,1,0.23933039097624806,0.7606696090237519,0
24072,extensive,1,0.9389314247506257,0.06106857524937429,0
114133,mid,1,0.41875629508502377,0.5812437049149762,0
100004,mid,1,0.062477598893624836,0.9375224011063752,0
114061,intensive,1,0,0,1
100011,mid,1,0.45111648573222735,0.5488835142677727,0
24074,mid,1,0.28738514972423335,0.7126148502757667,0
24068,extensive,1,0.9286962307115761,0.0713037692884239,0
114147,mid,1,0.18181403691601183,0.8181859630839882,0
114132,mid,1,0.15284471880086056,0.8471552811991394,0
5031,extensive,1,1,0,0
100010,mid,1,0.04488069268558374,0.9551193073144163,0
24071,extensive,1,0.6066190000223708,0.39338099997762915,0
24073,mid,1,0.2553335287630438,0.7446664712369562,0
114057,mid,1,0.04132396340652975,0.5407302781544966,0.4179457584389737
5032,extensive,1,1,0,0
24067,extensive,1,0.9854336864268347,0.014566313573165275,0
24070,extensive,1,0.5241080579074656,0.4758919420925344,0
114058,intensive,1,0.01194221157698453,0.2549408785337838,0.7331169098892317
100005,mid,1,0.03989830274785835,0.9034636702872623,0.056638026964879386
24063,extensive,1,0.9557876616787596,0.04421233832124043,0
114062,intensive,1,0,0.10043150328432905,0.899568496715671
24066,extensive,1,0.6115375815136334,0.3884624184863666,0
24069,mid,1,0.335101153563651,0.664898846436349,0
100008,mid,1,0.006478443997402325,0.9935215560025977,0
114064,mid,1,0.006023028660919729,0.5909954112988414,0.40298156004023894
100012,mid,1,0.43105834325315884,0.5689416567468412,0
24058,extensive,1,0.6110171733656664,0.38898282663433353,0
114134,mid,1,0.09322406705458325,0.9067759329454168,0
100013,mid,1,0.1225896006094145,0.8774103993905855,0
24062,extensive,1,0.9947045572375502,0.005295442762449717,0
114146,mid,1,0.17201377824908823,0.8279862217509117,0
114056,intensive,1,0,0.30970793828298343,0.6902920617170165
24065,mid,1,0.34084859263940326,0.6591514073605967,0
24057,extensive,1,0.8946869063494091,0.10531309365059097,0
114066,extensive,1,0.8833344777121872,0.11666552228781282,0
24061,mid,1,0.045579280254009286,0.9544207197459907,0
100006,mid,1,0.46552780992937703,0.534472190070623,0
24064,extensive,1,0.7909481135260429,0.2090518864739571,0
100014,mid,1,0.08075891977501726,0.9192410802249827,0
114135,mid,1,0.013027263034614281,0.9869727369653857,0
24056,extensive,1,0.9511837994894767,0.04881620051052328,0
14060,extensive,1,0.7297784323415594,0.2702215676584407,0
5033,extensive,1,1,0,0
114065,mid,1,0.08054550668564492,0.919454493314355,0
24060,mid,1,0.04814264929930836,0.9518573507006917,0
114055,mid,1,0,0.543716929951239,0.456283070048761
5034,extensive,1,1,0,0
114093,mid,1,0.02544442259216833,0.5188110291424578,0.4557445482653739
24052,mid,1,0.13691136905470155,0.8630886309452984,0
24055,mid,1,0.06697730983984784,0.9330226901601522,0
24059,extensive,1,0.9053409305134603,0.09465906948653963,0
114051,intensive,1,8.866905343580719e-4,0.21989758409411414,0.7792157253715278
24051,mid,1,0.25934108589634897,0.740658914103651,0
114054,mid,1,0,1,0
114048,mid,1,0.47540494860129534,0.5213927284539978,0.0032023229447068857
24054,extensive,1,0.629728280492243,0.3702717195077569,0
114052,mid,1,0,0.9579627919764304,0.042037208023569556
24050,mid,1,0.11017319549008033,0.8898268045099197,0
100015,mid,1,0.07223309068022761,0.9277669093197723,0
100009,mid,1,0.2391797642218158,0.7608202357781843,0
24046,mid,1,0.08250727566613247,0.9174927243338675,0
24053,extensive,1,0.8017226228676378,0.19827737713236213,0
114053,mid,1,0.02597790138576717,0.850674796790944,0.1233473018232888
24049,extensive,1,0.7534604422131281,0.2465395577868719,0
114136,mid,1,0,0.968194116114693,0.03180588388530698
114094,intensive,1,0.004351319731444164,0.15622583492058803,0.8394228453479678
24045,mid,1,0.29786444587296435,0.7021355541270357,0
24048,extensive,1,0.9069944581809563,0.09300554181904373,0
114047,mid,1,0.12014256742412202,0.879857432575878,0
5035,extensive,1,1,0,0
100007,extensive,1,0.6161966087561863,0.38380339124381374,0
100016,mid,1,0.008528421678586634,0.9914715783214134,0
24042,mid,1,0.09137516983647095,0.908624830163529,0
24047,extensive,1,0.8691284182991558,0.13087158170084429,0
100024,extensive,1,0.9677930053868632,0.03220699461313684,0
5036,extensive,1,1,0,0
24044,extensive,1,1,0,0
100017,mid,1,0.058031064964259596,0.9419689350357404,0
24041,extensive,1,0.7161142913270456,0.2838857086729544,0
114049,mid,1,0,0.7069360552480624,0.2930639447519376
100022,extensive,1,0.7426167194982267,0.2573832805017732,0
114044,mid,1,0.0976832364438929,0.9023167635561071,0
24038,mid,1,0.18980772091025047,0.8101922790897496,0
24043,extensive,1,0.9874735092323866,0.012526490767613325,0
24040,extensive,1,0.8646964875732946,0.1353035124267053,0
114137,mid,1,0,1,0
114138,mid,1,0.08270767305656629,0.9172923269434338,0
24037,extensive,1,0.8339659584319767,0.16603404156802323,0
100034,extensive,1,0.7708600568991908,0.22913994310080915,0
24034,mid,1,0.09847736001366655,0.9015226399863334,0
100025,extensive,1,0.9853978328307321,0.014602167169267932,0
24039,extensive,1,0.9649422750653787,0.035057724934621365,0
100023,extensive,1,0.7295809744780745,0.2704190255219256,0
100018,mid,1,0.005889333046687375,0.9941106669533126,0
24036,extensive,1,0.6446780219904065,0.35532197800959353,0
114042,mid,1,0.015940133944339324,0.9377587099029722,0.04630115615268848
5037,extensive,1,1,0,0
100026,extensive,1,1,0,0
24033,extensive,1,0.7242360133813441,0.27576398661865587,0
24030,mid,1,0.1962713001679942,0.8037286998320058,0
100021,extensive,1,0.9934919188303253,0.006508081169674669,0
5038,extensive,1,1,0,0
100031,extensive,1,0.8241236043072648,0.17587639569273522,0
24035,extensive,1,0.9003212480971757,0.09967875190282426,0
100019,mid,1,0.44962774502552844,0.5503722549744716,0
24029,mid,1,0.280358252461706,0.719641747538294,0
114037,extensive,1,0.628692686873717,0.33186793881166565,0.03943937431461729
24032,mid,1,0.4804738212791184,0.5195261787208816,0
114040,mid,1,0,1,0
114095,intensive,1,0.0012759420960984436,0.3078975098067946,0.690826548097107
100029,extensive,1,1,0,0
24028,extensive,1,0.591313899293134,0.408686100706866,0
100020,extensive,1,0.8698680487365634,0.1301319512634366,0
14059,extensive,1,0.9934271596850252,0.006572840314974871,0
24031,extensive,1,0.8424046694482104,0.1575953305517896,0
114153,intensive,1,0,0.38639688545054024,0.6136031145494598
24027,extensive,1,0.6854086626915422,0.31459133730845784,0
100030,extensive,1,1,0,0
114139,mid,1,0.2845575085149299,0.7154424914850701,0
5039,extensive,1,1,0,0
24026,extensive,1,0.6897244394487542,0.31027556055124583,0
114141,mid,1,0.27270920734742665,0.7272907926525733,0
114142,mid,1,0.3317308147725489,0.6682691852274512,0
5040,extensive,1,1,0,0
114034,intensive,1,0.024450599295437418,0.4431687582209455,0.532380642483617
24013,mid,1,0.4526947114951806,0.5473052885048194,0
114036,mid,1,0.1128792138254992,0.8757714611217645,0.011349325052736298
100028,extensive,1,0.8919018331892375,0.10809816681076251,0
24010,mid,1,0.4189668104289705,0.5810331895710295,0
24008,mid,1,0.4981551755780927,0.5018448244219074,0
100027,extensive,1,0.7886678837177218,0.21133211628227822,0
114035,extensive,1,0.5425404778237396,0.45745952217626046,0
100032,extensive,1,0.968010041360507,0.03198995863949306,0
24006,extensive,1,0.9088086251544157,0.09119137484558429,0
114152,intensive,1,0,0.24055646040571507,0.7594435395942849
24004,extensive,1,0.8691863229021527,0.13081367709784725,0
24002,extensive,1,0.9444164569790131,0.05558354302098688,0
114097,intensive,1,0.0010510004504496902,0.3537208307652347,0.6452281687843157
100033,extensive,1,0.8700283326718663,0.12997166732813373,0
24024,extensive,1,0.58571967857801,0.41428032142198995,0
24015,extensive,1,0.6197177408160793,0.38028225918392067,0
24022,mid,1,0.3304784388721476,0.6695215611278523,0
114151,intensive,1,0,0.12746961415422164,0.8725303858457784
114031,mid,1,0.021542916453874503,0.9784570835461255,0
14058,extensive,1,0.9882600835716546,0.011739916428345428,0
114007,intensive,1,0,0.46630069227495924,0.5336993077250408
24020,mid,1,0.0879050402621264,0.9120949597378736,0
24018,mid,1,0.345870513947929,0.654129486052071,0
5041,extensive,1,1,0,0
114143,mid,1,5.265610569377473e-4,0.5116754126049244,0.4877980263381378
24016,extensive,1,0.7714262218425535,0.2285737781574465,0
114032,mid,1,0,1,0
114144,mid,1,0.012990904143939346,0.941071613509909,0.04593748234615171
114145,mid,1,0,0.9716541692546067,0.028345830745393295
24017,extensive,1,0.5704427734454275,0.42955722655457257,0
5042,extensive,1,1,0,0
114033,mid,1,0.09796902447104514,0.8044770581964392,0.09755391733251569
24014,extensive,1,0.6461786786349245,0.35382132136507555,0
24025,mid,1,0.007432593336351449,0.5772719762220619,0.4152954304415867
114017,mid,1,0.11076504646981596,0.889234953530184,0
114011,mid,1,0.39024149409616704,0.609758505903833,0
24005,extensive,1,0.9215139018830182,0.0784860981169818,0
114150,intensive,1,0,0.2525563584644042,0.7474436415355957
114099,intensive,1,0,0.37488895825680707,0.6251110417431929
114098,intensive,1,0,0.27621924752347177,0.7237807524765283
24003,extensive,1,0.9295016715391933,0.0704983284608067,0
24001,extensive,1,0.7365559482031403,0.2634440517968597,0
114030,extensive,1,0.8021453100111673,0.1978546899888327,0
24012,extensive,1,0.5854864047888275,0.4145135952111725,0
24011,extensive,1,0.9320782509657637,0.06792174903423635,0
24007,extensive,1,0.910848115853492,0.08915188414650799,0
24009,extensive,1,0.9564099212985915,0.04359007870140847,0
24023,mid,1,0.3666979147641034,0.6333020852358966,0
5043,extensive,1,1,0,0
114006,intensive,1,0,0.1877761018639047,0.8122238981360953
114010,mid,1,0.04027744013531285,0.638805076982302,0.3209174828823851
114029,mid,1,0.3186619726238941,0.6813380273761059,0
24021,mid,1,0.1517708142077378,0.8482291857922623,0
114028,extensive,1,0.5888352142245752,0.4111647857754248,0
5044,extensive,1,1,0,0
114013,mid,1,0.020196552106346934,0.9644784477963879,0.015325000097265142
24019,mid,1,0.48160223952004644,0.5183977604799536,0
14057,extensive,1,0.9975417011452216,0.002458298854778456,0
114016,intensive,1,0,0.39035977639710817,0.6096402236028918
16094,intensive,1,0,0.11063366514955449,0.8893663348504455
114019,intensive,1,0,0.35618916601146156,0.6438108339885384
114020,mid,1,0.03137416240547933,0.7158205775010037,0.25280526009351695
114005,mid,1,0,0.6487712544292881,0.35122874557071193
114026,mid,1,0.01299078420470407,0.9476588149538523,0.03935040084144362
114027,mid,1,0.05033710993386629,0.9106623026000161,0.03900058746611758
16092,mid,1,0.005017170130574864,0.9669508070488119,0.028032022820613227
114009,intensive,1,0,0.021984407671396235,0.9780155923286038
16093,mid,1,0,0.7009383633966031,0.2990616366033969
114004,mid,1,0,0.8293561090791023,0.17064389092089768
16095,intensive,1,0,0.205170257187465,0.794829742812535
5046,extensive,1,1,0,0
5045,extensive,1,1,0,0
14056,extensive,1,0.9999633913274257,3.66086725742586e-5,0
114008,mid,1,0,0.7552831699139281,0.24471683008607192
114015,mid,1,0.008199625512449949,0.9860724210458195,0.005727953441730594
114014,mid,1,4.668267220828698e-4,0.9917303197855591,0.007802853492358023
114018,mid,1,0.07524953069624452,0.6032321465575222,0.3215183227462333
114003,mid,1,0,0.6209164249417577,0.3790835750582423
114021,mid,1,0.0016773253808143524,0.7166167420974423,0.2817059325217433
114024,mid,1,0,0.5432761775844718,0.45672382241552817
114025,mid,1,0,0.8511236761435893,0.14887632385641067
114002,intensive,1,0,0.36186272522585866,0.6381372747741413
16091,mid,1,0.0995073040535855,0.8061110542400254,0.09438164170638912
66036,mid,1,0.026137438926528575,0.9738625610734715,0
114001,mid,1,0,0.5489610212103841,0.4510389787896159
66042,mid,1,0,1,0
66037,mid,1,0,0.715101630228289,0.284898369771711
66038,mid,1,0.030922141400478314,0.9690778585995217,0
66030,mid,1,0.2914352920292191,0.6071520743104157,0.10141263366036525
5047,extensive,1,1,0,0
66031,extensive,1,0.61431145573274,0.3856885442672599,0
14055,extensive,1,0.992579679628066,0.007420320371934011,0
66044,mid,1,0,0.6960530528249749,0.30394694717502513
16090,intensive,1,0,0.4944264371181081,0.5055735628818919
16089,intensive,1,0.07125441926511906,0.34711416278097085,0.58163141795391
16088,extensive,1,0.7836504646403285,0.21634953535967144,0
66016,mid,1,0.23292430533968736,0.7670756946603127,0
66045,mid,1,0.0064421968902622076,0.5883316958421286,0.40522610726760916
66043,mid,1,0.26544478583525694,0.4235530347292417,0.3110021794355013
66041,mid,1,0.008710073253215963,0.9912899267467841,0
66012,extensive,1,0.8261728537370633,0.1738271462629367,0
14054,extensive,1,0.97402881409232,0.025971185907679974,0
5048,extensive,1,1,0,0
16104,mid,1,0.357819241024736,0.642180758975264,0
66015,extensive,1,0.5944060110813907,0.40559398891860937,0
16087,intensive,1,0.024901114053352966,0.4106924940481175,0.5644063918985296
66046,mid,1,0,1,0
66011,extensive,1,0.9998512240942071,1.4877590579284996e-4,0
66002,mid,1,0.3864047867490656,0.6135952132509344,0
66040,mid,1,0,1,0
16086,mid,1,0.4397285444390609,0.560271455560939,0
66001,mid,1,0.029388924772415666,0.9457507293967637,0.024860345830820637
66027,mid,1,0.06443441787499958,0.9355655821250004,0
66051,mid,1,0.06769542145840947,0.8429270157184525,0.08937756282313797
66047,mid,1,0.023224408148136602,0.5723746063069513,0.4044009855449122
16085,mid,1,0,0.5298779718312677,0.4701220281687323
66050,mid,1,0,0.8286835220198661,0.17131647798013394
66014,extensive,1,0.7755902802038186,0.22440971979618143,0
66010,extensive,1,0.9239001618112369,0.07609983818876304,0
66024,extensive,1,0.6175075553127599,0.3824924446872401,0
66007,extensive,1,0.9970826535181376,0.0029173464818623867,0
14053,extensive,1,0.987480120217393,0.01251987978260704,0
66018,mid,1,0.16377196923949752,0.8362280307605024,0
5049,extensive,1,1,0,0
16115,mid,1,0.07165513840168791,0.9283448615983121,0
66004,mid,1,0.14882549471362644,0.8511745052863735,0
66017,mid,1,0.28060076694252584,0.7193992330574741,0
66003,mid,1,0.2522122091197861,0.747787790880214,0
66013,extensive,1,0.7576588756020911,0.24234112439790892,0
16083,intensive,1,2.5581099360283945e-5,0.2246037262445441,0.7753706926560956
66009,extensive,1,0.5953442396726334,0.40465576032736655,0
16105,intensive,1,0,0.28459866299637204,0.715401337003628
66026,intensive,1,0,0.29886800160147126,0.7011319983985287
16113,mid,1,0.229695472407833,0.7703045275921669,0
66006,extensive,1,0.7856801450982382,0.2143198549017617,0
66019,mid,1,0.17505259385526017,0.7402195873368639,0.08472781880787594
66020,extensive,1,0.7846807335409934,0.21531926645900654,0
16082,mid,1,0.325796336038755,0.674203663961245,0
66025,mid,1,0.052086555088363504,0.9443684058940015,0.0035450390176349662
14052,extensive,1,0.9646627680493755,0.03533723195062454,0
66022,mid,1,0.2615702249208621,0.7384297750791379,0
5050,extensive,1,1,0,0
66008,mid,1,0,1,0
16112,mid,1,0.0718490500145941,0.9281509499854059,0
16136,intensive,1,0.003485712524341875,0.44869714436332697,0.5478171431123312
66005,mid,1,0.3184567015307419,0.6815432984692581,0
16138,intensive,1,0.004579693339621129,0.18932715665087846,0.8060931500095004
66023,mid,1,0.08352503494216071,0.9164749650578393,0
66021,mid,1,0.08357020175855646,0.5680482721860507,0.3483815260553928
16114,mid,1,0.05695804606567646,0.9430419539343236,0
7000,extensive,1,0.8975474839584714,0.10245251604152864,0
16106,mid,1,0.0090800997914837,0.9893096142700367,0.0016102859384795882
16080,mid,1,0.2780831076989896,0.7219168923010104,0
16124,intensive,1,0,0.3035337220515951,0.6964662779484049
16070,extensive,1,1,0,0
16137,mid,1,0,0.5212819275635819,0.4787180724364181
16110,mid,1,0,0.7423302285997009,0.2576697714002991
16118,mid,1,0,0.9960619274148566,0.003938072585143443
16129,intensive,1,0,0,1
16107,extensive,1,0.5972146716354199,0.40278532836458014,0
14051,extensive,1,0.9557826937667384,0.044217306233261554,0
16071,extensive,1,0.7329235978257789,0.2670764021742211,0
16125,intensive,1,0,0.03474290915006055,0.9652570908499395
16123,mid,1,0,0.8379293609068699,0.16207063909313013
16121,intensive,1,0,0.23352882646388023,0.7664711735361198
16073,mid,1,0.126285138043569,0.8038387264056417,0.06987613555078928
16122,mid,1,0,0.5308468170832877,0.46915318291671226
16108,mid,1,0.32896883104218755,0.6710311689578125,0
16119,intensive,1,0,0.2815791748029174,0.7184208251970826
16109,mid,1,0,0.5540604874598813,0.44593951254011865
16135,mid,1,0.21324660963521208,0.786753390364788,0
16120,intensive,1,0,0.30305070744740603,0.696949292552594
16139,intensive,1,0,0.2834950644113698,0.7165049355886303
16078,mid,1,0.48273530844376444,0.5172646915562356,0
16068,mid,1,0.01271962795973536,0.8273756158512036,0.15990475618906103
16048,intensive,1,0,0.06705894724932177,0.9329410527506782
16074,mid,1,0.10208148444200911,0.8967693021908026,0.0011492133671882315
16134,mid,1,0.33871461522115154,0.6612853847788485,0
16050,intensive,1,0,0.3287850848069462,0.6712149151930538
16076,mid,1,0.1855284230576392,0.8144715769423608,0
149057,intensive,1,0,0.33873238923874394,0.6612676107612561
16049,intensive,1,0,0.4408061966990819,0.5591938033009182
16062,intensive,1,0,0.398678728066894,0.601321271933106
149058,mid,1,0,0.5501979339293127,0.4498020660706873
16064,mid,1,0.09592251501338149,0.9040774849866186,0
149059,intensive,1,0,0.30231010648933915,0.6976898935106609
16047,intensive,1,0,0.05620036316624502,0.943799636833755
16054,intensive,1,0,0.30180128275923945,0.6981987172407605
16063,mid,1,0.4185884681785466,0.5796864009025422,0.0017251309189112393
16077,mid,1,0.442024005872939,0.557975994127061,0
16046,intensive,1,0,0.07723747708470875,0.9227625229152913
16002,mid,1,0.17785868909590138,0.8221413109040986,0
16058,extensive,1,0.5871683284495303,0.41283167155046974,0
16061,mid,1,0.31751107836839537,0.6824355992709156,5.332236068903885e-5
16003,mid,1,0.09773262826921014,0.9015196112018349,7.477605289550326e-4
149056,intensive,1,0,0.11708236363411992,0.88291763636588
16056,mid,1,0.372976685377552,0.627023314622448,0
149075,mid,1,0,1,0
149076,mid,1,0,0.6616458472967464,0.33835415270325364
16057,extensive,1,0.6586822161221276,0.34131778387787237,0
16053,intensive,1,0,0.329962107366151,0.6700378926338489
149052,intensive,1,0,0.16242463214261432,0.8375753678573857
16042,intensive,1,0,0,1
16004,mid,1,0.06992977399996281,0.6326457416898328,0.29742448431020435
16059,mid,1,3.99253919023034e-4,0.9996007460809769,0
16055,extensive,1,0.6252044816634591,0.3572427277789313,0.01755279055760955
16052,intensive,1,0,0.14910671114224042,0.8508932888577596
16043,intensive,1,0,0,1
16041,intensive,1,0,0,1
149074,intensive,1,0,0.012008474007313691,0.9879915259926864
16005,mid,1,0,1,0
16011,extensive,1,0.7631639564276487,0.23683604357235133,0
16044,intensive,1,0,0.09379697591755218,0.9062030240824478
16007,mid,1,0,1,0
16010,extensive,1,0.5813045050993032,0.4186954949006968,0
17160,mid,1,0.2281290379828306,0.7718709620171694,0
17132,mid,1,0.42415598473915356,0.5758440152608464,0
149055,intensive,1,0,0.4211304528098427,0.5788695471901574
16008,mid,1,0.11628530762212952,0.8837146923778705,0
16037,extensive,1,0.8046180163306231,0.19538198366937687,0
16038,intensive,1,5.624773156639841e-4,0.16143115371804242,0.8380063689662935
149054,intensive,1,0,0.2742263841568639,0.725773615843136
16040,intensive,1,0,0.026115196491015468,0.9738848035089845
16039,intensive,1,0,0.2356681120693091,0.7643318879306908
149051,intensive,1,0,0.12163080194679793,0.878369198053202
16009,extensive,1,0.7039372413904904,0.2960627586095096,0
149053,mid,1,0,0.705275792838144,0.294724207161856
16032,intensive,1,0,0.03101842511923224,0.9689815748807677
16035,intensive,1,3.2916159039290945e-6,0.06803461070878289,0.9319620976753131
16012,extensive,1,0.7272180030057827,0.2727819969942174,0
16033,intensive,1,0.13345881060966114,0.402063197567249,0.46447799182308985
16036,extensive,1,0.5241425236725309,0.4732572775781073,0.0026001987493617837
16034,intensive,1,0,0.21231513438389393,0.7876848656161061
17131,extensive,1,0.8892872877851378,0.11071271221486223,0
16031,intensive,1,2.2286187001809745e-5,0.09897965209403796,0.9009980617189602
17159,extensive,1,0.6120873631321293,0.38791263686787064,0
16013,extensive,1,0.7842739994682578,0.21572600053174215,0
149043,intensive,1,0,0.11193100710880154,0.8880689928911984
149044,intensive,1,0,0.15312569461969727,0.8468743053803027
17125,extensive,1,0.5817243899988953,0.4182756100011047,0
17129,extensive,1,0.6919238206838915,0.30807617931610853,0
16030,extensive,1,0.8695393372016308,0.13046066279836926,0
149046,intensive,1,0,0.053438330317594075,0.946561669682406
17126,mid,1,0.20438210009373267,0.7956178999062673,0
16029,intensive,1,7.897342300305708e-4,0.19430973456930153,0.8049005312006678
149050,intensive,1,0,0.21149662110210232,0.7885033788978977
16027,extensive,1,0.6637833745627232,0.3362166254372768,0
17148,intensive,1,0,0.07552348087622304,0.9244765191237769
16025,mid,1,0.25995294054931095,0.7342895277605087,0.0057575316901803016
16015,intensive,1,0,0.2945863308224767,0.7054136691775234
16024,mid,1,0.30311177628638303,0.6863371247602816,0.01055109895333528
149041,mid,1,0.19915850382614167,0.7762029361744747,0.024638559999383667
16028,mid,1,0.031231920022303558,0.4893714007726596,0.4793966792050368
149042,mid,1,0.029798517645864647,0.7869957141820292,0.18320576817210615
16016,intensive,1,0,0.15734579041335167,0.8426542095866484
17123,extensive,1,0.5295296752894215,0.4704703247105785,0
149049,intensive,1,0,0.007144695491011911,0.9928553045089881
149040,intensive,1,0,0.167295419309803,0.832704580690197
16023,mid,1,0.14400818611177296,0.8189417672316912,0.03705004665653583
17127,mid,1,0.10241173789662628,0.8975882621033737,0
17122,extensive,1,0.50156122309617035,0.4816910252663747,0.016747751637455007
149045,intensive,1,0,0.36802435590539073,0.6319756440946093
17118,mid,1,0.09579403000533095,0.8182228622989579,0.0859831076957111
16022,mid,1,0,0.8107596367299693,0.18924036327003071
149047,intensive,1,0,0.43917503457705787,0.5608249654229421
16021,mid,1,0.010530285238435253,0.9596086952792936,0.02986101948227113
17116,mid,1,0.12411544214669064,0.5741959958747018,0.30168856197860755
16020,mid,1,0,0.9653825153409757,0.03461748465902423
149048,mid,1,0,0.6746350577772589,0.32536494222274115
16017,intensive,1,0,0.2074502069704099,0.7925497930295902
16019,intensive,1,0,0.34458037921123763,0.6554196207887624
16018,intensive,1,0,0.2343034887446548,0.7656965112553452
149035,extensive,1,0.5692206692060203,0.43077933079397973,0
17121,extensive,1,0.5113328511628038,0.4861412662363687,0.002525882600827529
16150,intensive,1,0,0.4567876478935751,0.5432123521064248
17063,mid,1,0.4139892879837078,0.5525034053867276,0.03350730662956446
17104,intensive,1,0,0.0888460385639232,0.9111539614360769
17103,mid,1,0,0.6755459312086495,0.3244540687913505
149034,mid,1,0.27649384107061864,0.7235061589293814,0
17111,mid,1,0,0.7271377572054951,0.27286224279450494
17119,intensive,1,1.663907348538961e-4,0.11942003901685087,0.8804135702482953
17109,mid,1,0,0.769039500855213,0.23096049914478703
16143,mid,1,0,0.7644957098103675,0.2355042901896325
17064,mid,1,0.05710653159525757,0.9137499207743794,0.029143547630362966
17061,intensive,1,1.008047563940934e-5,0.2545771720768101,0.7454127474475505
149036,intensive,1,0,0.4291676906743967,0.5708323093256032
149037,intensive,1,0,0.1269004534301557,0.8730995465698443
149038,intensive,1,0,0.24060488346924552,0.7593951165307545
149033,mid,1,0.028874188397144944,0.971125811602855,0
17142,intensive,1,0,0.3249136546329424,0.6750863453670576
17158,mid,1,0,0.6607143360891038,0.33928566391089615
17058,mid,1,0.006170620911686234,0.9938293790883138,0
149039,intensive,1,0,0.16581827607373778,0.8341817239262622
156005,intensive,1,0,0.01614669950244697,0.983853300497553
17106,intensive,1,0,0.0249589867105262,0.9750410132894738
17120,intensive,1,0,0.20953887838243596,0.790461121617564
17114,intensive,1,0,0.17596349553834514,0.8240365044616549
17143,intensive,1,0,0.4107555934547614,0.5892444065452386
16144,mid,1,0.08702851406519704,0.8788961792212261,0.03407530671357687
156006,mid,1,0,0.917919431902264,0.08208056809773596
17112,intensive,1,0,0,1
156004,intensive,1,0,0.22287894595372423,0.7771210540462757
17156,intensive,1,0,0.055837481367092996,0.944162518632907
156007,mid,1,0,0.9999968489066189,3.1510933811556133e-6
17113,intensive,1,0,0.36164237626063783,0.6383576237393621
149029,intensive,1,0,0.35368736003546064,0.6463126399645394
17108,intensive,1,0,0.3022477440854284,0.6977522559145716
156003,mid,1,0,0.5976541715411133,0.4023458284588867
17134,intensive,1,0,0.07573448004599291,0.9242655199540071
156011,mid,1,0,0.760863178170995,0.23913682182900498
17102,intensive,1,3.400868100575159e-4,0.20232156443613297,0.7973383487538095
16146,intensive,1,0,0.267832041393062,0.732167958606938
16148,mid,1,0,0.5676801216984269,0.4323198783015732
156008,mid,1,0,0.9865607055842155,0.013439294415784488
17057,mid,1,0,0.6107379134222972,0.3892620865777027
17066,extensive,1,0.5267400207998274,0.47325997920017265,0
149031,intensive,1,0,0.3745202698527797,0.6254797301472202
149030,intensive,1,0,0.42272016883985164,0.5772798311601484
156002,mid,1,0,0.5416746260068673,0.4583253739931326
17101,intensive,1,4.39547163761771e-4,0.3360305238112498,0.6635299290249884
149028,intensive,1,0,0.16723729020771974,0.8327627097922803
149070,intensive,1,0,0.28141439169410754,0.7185856083058925
156009,intensive,1,0,0.39185631521779596,0.608143684782204
17162,mid,1,0.2016531128774529,0.7983468871225471,0
156001,intensive,1,0,0.4230387410974003,0.5769612589025997
149027,intensive,1,0,0.2052222441142439,0.794777755885756
149016,intensive,1,0,0.22443459584161246,0.7755654041583876
149026,mid,1,0,0.93991115632818,0.060088843671819936
17091,mid,1,0,0.8731818286120224,0.1268181713879776
17133,mid,1,0.012109907769102469,0.8309916296182976,0.15689846261259988
156010,mid,1,0.13983543984803043,0.7811333804189463,0.07903117973302327
149015,intensive,1,0,0.10520973735683312,0.8947902626431669
17135,intensive,1,0,0.09878108963361987,0.9012189103663801
17089,mid,1,0.2519321605268135,0.7480678394731864,0
17099,extensive,1,0.8353215289507739,0.1646784710492261,0
17068,intensive,1,0,0.32184848726737997,0.6781515127326201
17067,intensive,1,0,0.18834342732769946,0.8116565726723005
17098,extensive,1,0.9940578841911063,0.005942115808893679,0
17055,intensive,1,0,0.055364168693859954,0.94463583130614
149071,intensive,1,0,0,1
17090,mid,1,0.02816271982607938,0.9718372801739206,0
17087,intensive,1,0.09265210826154249,0.3457438987333,0.5616039930051575
149023,intensive,1,0,0.1973649689684215,0.8026350310315785
17088,intensive,1,0,0.2247853913688415,0.7752146086311585
149025,mid,1,0,0.6404829759824344,0.35951702401756563
17154,mid,1,0.044766998299255206,0.9552330017007448,0
149014,intensive,1,0,0.04592832376047975,0.9540716762395203
17097,mid,1,0.22971663092452882,0.7702833690754712,0
17096,extensive,1,0.7743172437700003,0.22568275622999964,0
17095,extensive,1,0.9902236942104699,0.009776305789530173,0
149018,intensive,1,0,0.029455414929613063,0.970544585070387
149073,intensive,1,0,0.1685692089739049,0.8314307910260951
17085,extensive,1,0.8604586289258578,0.13935977430632854,1.815967678136794e-4
17069,mid,1,0,1,0
149019,intensive,1,0,0.12984624459090918,0.8701537554090908
149020,intensive,1,0,0.01218065217832826,0.9878193478216717
149021,intensive,1,0,0.06400979555475758,0.9359902044452424
149013,intensive,1,0,0.26058698525437857,0.7394130147456215
149024,mid,1,0,0.9998291152754321,1.7088472456794386e-4
17084,intensive,1,0.05905969422844356,0.19663302167802368,0.7443072840935328
149022,intensive,1,0,0.381152479212737,0.618847520787263
17081,intensive,1,0,0.3827503848672675,0.6172496151327326
17075,mid,1,0.03053611645134961,0.8011264625982071,0.16833742095044332
17073,mid,1,0,1,0
149017,intensive,1,0,0.012327204338877023,0.987672795661123
17086,intensive,1,0,0.038434739268452076,0.9615652607315479
17070,intensive,1,0,0.2764002012410692,0.7235997987589308
17074,intensive,1,0,0.33310362219088435,0.6668963778091156
17071,intensive,1,0,0,1
149002,intensive,1,0,0.19238491410379477,0.8076150858962052
149067,intensive,1,0,0.025112012266203455,0.9748879877337966
17152,intensive,1,0,0.41513398303496196,0.584866016965038
17147,mid,1,0.1592653671188473,0.7259231174649986,0.11481151541615404
17047,intensive,1,0,0.1513455186373293,0.8486544813626706
17080,intensive,1,0,0.348501950221337,0.651498049778663
149063,intensive,1,0,0.09433566136876481,0.9056643386312352
149064,intensive,1,0,0.002716859512248585,0.9972831404877515
149065,intensive,1,0,0.11890146703420618,0.8810985329657939
17039,mid,1,0.022235630037737944,0.535529069763008,0.44223530019925406
17048,intensive,1,0,0,1
17049,intensive,1,0,0.027588815859413182,0.9724111841405868
149066,intensive,1,0,0.1589522712157205,0.8410477287842795
149068,intensive,1,0,0.18530558655853088,0.8146944134414691
17079,intensive,1,0.014726532422111886,0.16841825216196513,0.816855215415923
149004,intensive,1,0,0.4352821608879585,0.5647178391120414
17038,intensive,1,0,0.2754415194534962,0.7245584805465038
17020,intensive,1,0,0.29106406233646165,0.7089359376635384
17044,intensive,1,0,0.46224249672345374,0.5377575032765463
149001,intensive,1,0,0.4984403274757767,0.5015596725242233
17019,intensive,1,0,0.05997201905016335,0.9400279809498366
17016,intensive,1,0.005465296477146862,0.19800418181585572,0.7965305217069975
17023,intensive,1,0,0,1
17037,intensive,1,0,0.11677134272084357,0.8832286572791564
17036,intensive,1,0,0.14333969918166428,0.8566603008183358
17025,intensive,1,0,0,1
17026,intensive,1,0,0.47230405550113513,0.5276959444988649
17030,intensive,1,0,0.017712900067284855,0.9822870999327151
17015,intensive,1,0,0.09720088854145773,0.9027991114585423
149007,intensive,1,0,0.14721065899266436,0.8527893410073356
17017,intensive,1,0,0.041515080207016185,0.9584849197929838
17018,intensive,1,0,0.03217134171759915,0.9678286582824008
17043,intensive,1,0,0.35295939587466335,0.6470406041253366
17022,intensive,1,0,0.11297961457004284,0.8870203854299572
17021,intensive,1,0,0.03757508984216481,0.9624249101578352
17024,intensive,1,0,0,1
149003,intensive,1,0,0.22153064970522846,0.7784693502947715
149008,intensive,1,0,0.4121794103566264,0.5878205896433736
17031,intensive,1,0,0.01993165868507869,0.9800683413149213
149006,intensive,1,0,0.07624821090173046,0.9237517890982695
17014,intensive,1.0000000000000002,0,0.32641036141039714,0.6735896385896027
17027,intensive,1,0,0.3815260163417446,0.6184739836582555
17034,intensive,1,0,0.06935534806570186,0.9306446519342981
17139,intensive,1,0,6.419926425329817e-5,0.9999358007357467
149009,intensive,1,0,0.4194590050221784,0.5805409949778216
17140,intensive,1,0,0.010324904608893301,0.9896750953911067
149011,intensive,1,0,0.08838718487589549,0.9116128151241045
149010,intensive,1,0,0.18450920013333705,0.815490799866663
17032,intensive,1,0,0.11000798777898481,0.8899920122210152
17029,mid,1,0,0.8755907032738204,0.12440929672617958
17138,intensive,1,0,0.3031341520455693,0.6968658479544307
17033,intensive,1,0,0.42595955051079704,0.574040449489203
17013,mid,1,0.4837584030498848,0.5142794514225711,0.0019621455275439705
17012,intensive,1,0.023472230110032962,0.23599656323328164,0.7405312066566854
17011,intensive,1,0,0.09862200371635263,0.9013779962836473
17150,intensive,1,0,0.1644825631026409,0.8355174368973591
17007,mid,1,0.24416752555454702,0.755832474445453,0
155001,intensive,1,3.213571649445176e-4,0.2437256252620082,0.7559530175730473
155002,intensive,1,0,0.17336126545876213,0.8266387345412379
17151,mid,1,0,0.6814872883638468,0.3185127116361532
17002,intensive,1,0,0.2763033057341679,0.7236966942658322
17141,intensive,1,0,0.05304123884689496,0.9469587611531051
17003,mid,1,0,1,0
17004,intensive,1,0,0.2348149814522832,0.7651850185477168
17008,extensive,1,0.98645185743056,0.013548142569440088,0
155003,intensive,1,0,0.2825848614743558,0.7174151385256442
17001,mid,1,0.010941263979169336,0.7123062881845822,0.2767524478362484
155004,mid,1,0,0.9019943750943848,0.09800562490561514
155006,intensive,1,0,0.40841723195467433,0.5915827680453256
154052,mid,1,0,0.9888790126144709,0.011120987385529092
154053,intensive,1,0,0.25988934889208787,0.7401106511079122
17149,mid,1,0,0.790376964026166,0.20962303597383405
154051,mid,1,0,0.9295223910224297,0.07047760897757027
155005,intensive,1,0,0.46092982825449264,0.5390701717455073
17009,mid,1,0.4260881090191802,0.5739118909808198,0
155021,mid,1,0.44569206936933325,0.5543079306306667,0
155007,mid,1,0.04322707544080521,0.5046540871796757,0.452118837379519
155008,intensive,1,0.14139159927755493,0.3870753797463724,0.47153302097607264
17010,mid,1,0.060779962367629295,0.93110633287238,0.008113704759990717
154043,intensive,1,0,0.13355022013492346,0.8664497798650765
155020,mid,1,0.008937440251460598,0.7314054623854465,0.25965709736309295
155022,mid,1,0.3174803076595831,0.6825196923404169,0
154032,mid,1,0.4091574174993925,0.5908425825006075,0
154050,mid,1,0,0.7814994848200598,0.21850051517994015
155023,mid,1,0.35658132582573693,0.643418674174263,0
154041,intensive,1,0,0.1107566716349146,0.8892433283650855
155019,mid,1,0.3501939352670939,0.5992491903226894,0.05055687441021673
155024,mid,1,0.23389955702009288,0.7661004429799071,0
155018,extensive,1,0.592808833503917,0.40719116649608295,0
154030,mid,1,0.21244550574543863,0.7875544942545614,0
154037,intensive,1,0,0.30139989277283935,0.6986001072271607
154049,mid,1,0,0.6499132979752961,0.350086702024704
154040,intensive,1,0,0.0018477754394538742,0.9981522245605461
155017,mid,1,0.18392329158925644,0.7300668081179478,0.08600990029279582
155027,extensive,1,0.570804210605804,0.42919578939419595,0
154054,intensive,1,0,0.21307413586734328,0.7869258641326567
154038,intensive,1,0,0.025260558803304637,0.9747394411966953
154028,mid,1,0.29738398384424225,0.70261601615575775,0
155025,extensive,1,0.6999027947503795,0.3000972052496205,0
154036,mid,1,0.4693499013661394,0.5306500986338606,0
155013,mid,1,0.1210334185459908,0.7611950771534716,0.11777150430053761
155016,intensive,1,0,0.22829977526268297,0.771700224737317
155026,extensive,1,0.9048604695781729,0.09513953042182711,0
154047,intensive,1,0,0.038786029547644374,0.9612139704523556
154042,mid,1,0,0.6030092731492935,0.39699072685070647
154026,extensive,1,0.7524518900596923,0.24754810994030774,0
155015,mid,1,0.01084261443998106,0.5606681889926155,0.4284891965674035
154048,intensive,1,0,0.09625665305590105,0.903743346944099
155012,intensive,1,0,0.48254660898587465,0.5174533910141254
154021,intensive,1,0.029695952408295045,0.42662672069777613,0.5436773268939289
154024,intensive,1,0,0.297373173302904,0.702626826697096
154022,intensive,1,0,0.29814433146389296,0.701855668536107
154023,intensive,1,0,0.30067907659148185,0.6993209234085181
155011,mid,1,5.091188990308333e-4,0.8397108300258609,0.15978005107510831
155028,extensive,1,0.6321355505755853,0.3678644494244146,0
154013,mid,1,0,1,0
154020,intensive,1,0,0.2439133196482886,0.7560866803517113
155029,extensive,1,0.9738671314616449,0.026132868538355045,0
154012,intensive,1,0,0.3369616704621826,0.6630383295378174
155030,extensive,1,0.8850757321908295,0.11492426780917056,0
155031,extensive,1,0.5217422078784599,0.47825779212154007,0
154019,mid,1,0.2717427191848326,0.7282572808151674,0
155044,mid,1,0.1849424819126189,0.6706943743948075,0.14436314369257364
154004,mid,1,0.3000216852680526,0.6999783147319474,0
155043,mid,1,0.00850934950903473,0.6356993436114569,0.35579130687950844
155032,extensive,1,0.8215513616327075,0.17844863836729247,0
154005,intensive,1,0,0.19190815918825158,0.8080918408117485
155010,mid,1,0.11753951246744046,0.6514527060012592,0.23100778153130036
155042,mid,1,0,0.6744371387131733,0.3255628612868266
154007,intensive,1,0,0.013347254246950059,0.98665274575305
155033,mid,1,0.4687743395918329,0.5312256604081671,0
154003,mid,1,0,1,0
155034,extensive,1,0.6459843540863737,0.3540156459136264,0
155040,mid,1,0,0.9868711787397476,0.013128821260252348
154011,intensive,1,0,0.3988498759080134,0.6011501240919865
155035,extensive,1,0.8144839194351973,0.18551608056480276,0
155036,extensive,1,0.6781203084067983,0.32187969159320173,0
155041,mid,1,0,1,0
154006,mid,1,0,0.5180580230306987,0.48194197696930124
155037,extensive,1,0.8823129865519342,0.11768701344806576,0
155009,mid,1,0.3689440521291274,0.6310559478708726,0
155038,extensive,1,0.5879597870102276,0.41204021298977245,0
154008,intensive,1,0,0.3447424405574049,0.6552575594425951
155039,mid,1,0,1,0
154002,mid,1,0,0.7973728773815875,0.2026271226184125
154009,mid,1,0.023806417093763056,0.9679210104258656,0.008272572480371316
154010,mid,1,0,0.8221889721087083,0.1778110278912917
144054,intensive,1,0,0.05261166217469007,0.94738833782531
144047,mid,1,0,0.6364950512641504,0.36350494873584954
144049,intensive,1,0,0.15073359083754398,0.849266409162456
144051,intensive,1,6.311999068727922e-4,0.1828349964443045,0.8165338036488227
144050,mid,1,0.03251009972851573,0.5286728541392791,0.4388170461322052
144048,intensive,1,0,0.13163681966648152,0.8683631803335184
144053,intensive,1,0,0.1329906693023155,0.8670093306976845
144052,intensive,1,0,0.0869495881599712,0.9130504118400288
147018,intensive,1,0,0.22781506441724944,0.7721849355827506
147019,intensive,1,0,0.012282840303943346,0.9877171596960567
147020,mid,1,0,0.6668939639243409,0.3331060360756592
147021,mid,1,0.01527451334996161,0.5608523837060136,0.42387310294402475
147022,intensive,1,0,0.22919194553737343,0.7708080544626266
147024,intensive,1,0,0.13766204549251732,0.8623379545074827
147025,mid,1,0,0.9932314490772989,0.0067685509227011515
147026,intensive,1,0,0.013455672521421746,0.9865443274785782
147027,extensive,1,0.7477455639012732,0.2522544360987267,0
147028,mid,1,0,0.7069621418597078,0.2930378581402922
147030,intensive,1,0,0.2813594686311524,0.7186405313688475
147031,intensive,1,0,0.278619631511266,0.721380368488734
147032,intensive,1,0,0.1656635989851897,0.8343364010148103
147033,intensive,1,0,0.49001260296112065,0.5099873970388793
147034,intensive,1,0,0.24620681793165589,0.7537931820683441
147035,intensive,1,0,0.004806172129261034,0.995193827870739
147037,mid,1,0.3826968295516904,0.6173031704483096,0
147038,intensive,1,0,0.07382990300488011,0.9261700969951199
147039,intensive,1,0,0.24048430872451673,0.7595156912754832
580001,mid,1,0.0033690754989371915,0.9463515757378003,0.05027934876326252
580003,mid,1,0.2843877105739551,0.7156122894260448,0
580004,extensive,1,1,0,0
580005,mid,1,0.4911912354329971,0.508808764567003,0
580006,mid,1,0,0.7121948825530694,0.28780511744693055
580007,extensive,1,0.9160393311141576,0.0839606688858424,0
580008,mid,1,0.3947612146157054,0.6052387853842947,0
580009,mid,1,0.28100933860174715,0.7189906613982529,0
580011,mid,1,0.012163267434102077,0.8389179444078251,0.14891878815807283
580012,mid,1,0.3246951370161906,0.6753048629838094,0
580013,extensive,1,0.8881996019546926,0.1118003980453074,0
580014,mid,1,0,1,0
580015,mid,1,0.0913569892219441,0.9086430107780559,0
580016,mid,1,0,0.9749564720172003,0.025043527982799792
580017,mid,1,0.24736645158737117,0.7526335484126289,0
580019,intensive,1,0,0.07336338914292882,0.9266366108570712
580021,mid,1,0,0.950046293080998,0.049953706919002035
580022,mid,1,0.29122030240385216,0.7087796975961478,0
580023,mid,1,0.09192089677149401,0.9080791032285059,0
580024,mid,1,0,0.5760497192888513,0.4239502807111487
580025,mid,1,0.028849353971539718,0.9711506460284602,0
580026,extensive,1,0.5557687716501284,0.44423122834987167,0
580027,intensive,1,0,0.09462451484369487,0.9053754851563052
580028,intensive,1,0,0.11935961882894981,0.8806403811710501
580029,mid,1,0.12007442692233186,0.8799255730776682,0
580030,extensive,1,0.6542788493796853,0.34572115062031467,0
580031,intensive,1,0,0,1
580032,intensive,1,0,0.17241198336781896,0.8275880166321811
580033,mid,1,0.06540534117788632,0.9345946588221137,0
580034,mid,1,0.3299497575106592,0.6700502424893408,0
580035,intensive,1,0,0.2188602753801363,0.7811397246198637
580036,mid,1,8.565416518305375e-4,0.9991434583481694,0
580037,mid,1,0.22591138007305128,0.7740886199269488,0
580038,mid,1,0,0.9742548867850501,0.0257451132149499
580039,mid,1,0.09063090817793398,0.909369091822066,0
580040,extensive,1,0.6631532132441993,0.33684678675580065,0
580041,extensive,1,0.6075368533425877,0.3924631466574123,0
580042,mid,1,0.19452573077209512,0.8054742692279049,0
581001,intensive,1,0,0.13208346304880136,0.8679165369511986
581002,intensive,1,0,0.30040119390347947,0.6995988060965205
581003,mid,1,0.19599925960027959,0.8040007403997204,0
581004,intensive,1,0,0.09001011688502522,0.9099898831149748
581005,intensive,1,0,0,1
581006,mid,1,0,1,0
581007,intensive,1,0,0.16790004122172988,0.8320999587782701
581008,intensive,1,0,0.2830032136193685,0.7169967863806316
581009,intensive,1,0,0.007406284009169811,0.9925937159908302
581010,intensive,1,0,0.15798357176901137,0.8420164282309887
581012,mid,1,0.02127048500616414,0.7031766602064479,0.275552854787388
581013,intensive,1,0,0.19722330658197654,0.8027766934180235
581014,intensive,1,0,0.22416073422134225,0.7758392657786578
581015,intensive,1,0,0.007869282708420812,0.9921307172915792
581016,mid,1,0.19537588036573006,0.8046241196342699,0
581017,mid,1,0,1,0
581018,mid,1,0,0.79281975654499115,0.20718024345500888
581019,intensive,1,0,0.2715845191807696,0.7284154808192305
581020,mid,1,0,1,0
581021,intensive,1,0,0.21909283114735495,0.780907168852645
581022,mid,1,0,0.9803281958224507,0.019671804177549355
581023,intensive,1,0,0.31614716880624205,0.683852831193758
581024,intensive,1,0,0.21636365206587824,0.7836363479341217
581025,mid,1,0,1,0
581026,mid,1,0,0.9840364148504249,0.015963585149575035
581027,mid,1,0,0.5545737217070532,0.4454262782929468
581028,intensive,1,0,0.00823271016334195,0.9917672898366581
581029,intensive,1,0,0.06193465691387185,0.9380653430861281
581030,intensive,1,0,0.13555226915404864,0.8644477308459514
581031,intensive,1,0,0.0358646604063692,0.9641353395936308
581032,intensive,1,0,0.060638772361013074,0.9393612276389869
581033,intensive,1,0,0.0812441840652064,0.9187558159347936
581034,intensive,1,0,8.336559728080599e-4,0.999166344027192
581035,intensive,1,0,0.03417285992485298,0.965827140075147
581036,intensive,1,0,0.08411877657603402,0.9158812234239659
581037,intensive,1,0,0.2679492561657527,0.7320507438342473
581038,intensive,1,0,0.026581043481289042,0.9734189565187109
581039,intensive,1,0,8.84523434495558e-4,0.9991154765655045
581040,intensive,1,0,0.06736598985446006,0.9326340101455399
581041,intensive,1,0,0.16959420692852434,0.8304057930714757
581042,mid,1,0,0.9744863508420785,0.025513649157921526
581043,mid,1,0,0.8010790208275117,0.19892097917248824
581044,mid,1,0,1,0
581045,mid,1,0,0.6262520695920786,0.37374793040792137
581046,mid,1,0,0.888305839645352,0.11169416035464795
581047,mid,1,0,0.8825230535737707,0.11747694642622925
581048,intensive,1,0.004389752287831947,0.47741584408895515,0.5181944036232129
581049,intensive,1,0.028512760184354814,0.4080572616184024,0.5634299781972428
581050,intensive,1,0,0.17552915303824682,0.8244708469617532
582001,mid,1,0.28564322897859884,0.7143567710214012,0
582002,mid,1,0.2878292887508983,0.6978869734609957,0.014283737788105984
582003,mid,1,0.22818363108817385,0.7718163689118261,0
582004,mid,1,0.02131957862575155,0.6199542991706994,0.35872612220354905
582005,mid,1,0.21747956858302986,0.7825204314169701,0
582006,mid,1,0.009926759337909777,0.7425106322500749,0.24756260841201533
582007,mid,1,0,1,0
582008,mid,1,0.24944674351462304,0.7485390911101367,0.002014165375240249
582009,intensive,1,0,0.41087646619106427,0.5891235338089357
582010,mid,1,0,0.6383321485892485,0.3616678514107514
582011,extensive,1,0.7099890429993105,0.29001095700068946,0
582012,mid,1,0.012973195769373363,0.9532874251513622,0.03373937907926439
582013,intensive,1,0,0.14383789914629305,0.8561621008537069
582014,intensive,1,0,0.2411755910692249,0.7588244089307751
582015,intensive,1,0.06478349024551647,0.43592599598183723,0.4992905137726463
582016,mid,1,0.0018162407608173533,0.9981837592391827,0
582017,mid,1,0.045962182959816,0.5949318603515796,0.35910595668860434
582018,intensive,1,0,0.05792070890932055,0.9420792910906794
582019,mid,1,0,0.7358277384872154,0.2641722615127846
582020,intensive,1,0,0.03070237223603978,0.9692976277639602
582021,intensive,1,0,0.3818059518401096,0.6181940481598904
582022,intensive,1,0.005695238856340288,0.0997876905596229,0.8945170705840368
582023,intensive,1,0,0.3086539919409693,0.6913460080590307
582024,intensive,1,0,0.23629774124804942,0.7637022587519506
582025,mid,1,0.027102284155958917,0.6330478746308603,0.3398498412131808
582026,intensive,1,0,0.19225795319530636,0.8077420468046936
582027,intensive,1,0,0.15043089176351435,0.8495691082364857
582028,intensive,1,0,0.1307213711125844,0.8692786288874156
582029,mid,1,0.13071082398409228,0.8671618351356978,0.0021273408802099203
582031,intensive,1,0,0.4487686878815975,0.5512313121184025
582032,intensive,1,0,0.43581811078297955,0.5641818892170205
582033,intensive,1,0,0.13734799227312403,0.862652007726876
582034,intensive,1,0,0.43964447506130505,0.560355524938695
582035,intensive,1,0,0.2835619720776394,0.7164380279223606
582036,intensive,1,0,0.21305223942672064,0.7869477605732793
582037,mid,1,0.07579113317020948,0.92417398789132,3.4878938470514855e-5
582038,intensive,1,0,0.16838755023594618,0.8316124497640538
582039,intensive,1,0,0.09945830839261577,0.9005416916073842
582040,intensive,1,0,0.12775195452858618,0.8722480454714139
582042,intensive,1,0,0.32121517180352194,0.6787848281964781
582043,mid,1,0,0.5671322445798561,0.43286775542014394
582044,intensive,1,0,0.22724253238543676,0.7727574676145632
582045,mid,1,0.03713957599103114,0.9628604240089689,0
582046,intensive,1,0,0.20923046251158936,0.7907695374884106
582047,mid,1,0.003204405267837045,0.5739357765211934,0.42285981821096946
582050,intensive,1,0,0.06662318398856115,0.9333768160114388
582051,intensive,1,0,0.03469093363470506,0.9653090663652949
582052,intensive,1,0,0.2915807525298993,0.7084192474701007
582055,intensive,1,0,0.06767081991180196,0.9323291800881981
582057,intensive,1,0,0.20852094077345984,0.7914790592265402
582058,mid,1,0.017881942712498777,0.8562435292131525,0.12587452807434868
582059,intensive,1,0,0.08074482582669694,0.919255174173303
582060,mid,1,0.03633441590522181,0.67286446457304006,0.2908011195217382
582061,intensive,1,0,0.12374108049323994,0.87625891950676
582062,mid,1,0.03191344682142306,0.6109029381132121,0.3571836150653649
258001,extensive,1,0.8558987965436561,0.14410120345634392,0
258003,extensive,1,0.6057710317780849,0.3942289682219151,0
258005,extensive,1,0.9949804504529703,0.005019549547029709,0
258006,extensive,1,0.9936608024371578,0.00633919756284219,0
258007,extensive,1,0.9612915421748489,0.038708457825151095,0
258008,extensive,1,1,0,0
258009,extensive,1,0.9283445682975919,0.07165543170240807,0
258010,extensive,1,0.9431238723106624,0.05687612768933758,0
258011,extensive,1,0.5636672989308674,0.4363327010691326,0
258012,extensive,1,0.8374024408363843,0.16259755916361573,0
258014,extensive,1,0.9819167026640736,0.018083297335926386,0
258015,extensive,1,0.907597055326281,0.09240294467371904,0
583001,intensive,1,0,0.3186141561986324,0.6813858438013676
583002,intensive,1,0,0.13591540743298136,0.8640845925670186
583003,mid,1,0,1,0
583004,mid,1,0,0.531608632693675,0.468391367306325
583005,mid,1,0,1,0
583006,intensive,1,0,0.07220901150245891,0.927790988497541
583008,mid,1,0.023656751699657638,0.9763432483003424,0
583009,mid,1,0.16044416253308227,0.8395558374669178,0
583010,mid,1,0,1,0
583011,intensive,1,0,0.32648950788211917,0.6735104921178808
583013,mid,1,0.031940962980849814,0.9680590370191502,0
583014,mid,1,0.3248975069638258,0.6541317597803543,0.020970733255819923
583015,mid,1,0,1,0
583016,mid,1,9.455469753623727e-4,0.9990544530246376,0
583017,extensive,1,0.5106059197094566,0.4893940802905435,0
583018,intensive,1,0,0.22641061861280956,0.7735893813871905
583019,intensive,1,4.3464557317398275e-5,0.4934335472360128,0.5065229882066699
583020,intensive,1,0,0.11983676989744915,0.8801632301025508
583022,mid,1,0,1,0
583023,mid,1,0,0.8856952801112339,0.11430471988876613
583024,mid,1,0.019951201856537332,0.9800487981434627,0
583025,extensive,1,0.6117397594549114,0.3882602405450885,0
583026,extensive,1,0.5727201938706225,0.4272798061293775,0
583027,mid,1,0.04832228025569178,0.9516777197443083,0
583028,intensive,1,0,0.08107442909184936,0.9189255709081506
583030,intensive,1,0.0016990061591253582,0.3734112676383211,0.6248897262025536
583031,intensive,1,0,0.4275316449812754,0.5724683550187246
583033,mid,1,0.09272952441689311,0.9072704755831069,0
583034,mid,1,0,0.9492265063292105,0.05077349367078954
583035,mid,1,0,0.8625709829848303,0.1374290170151697
583036,intensive,1,0,0.36366193465039626,0.6363380653496038
583038,mid,1,0.1668698451705067,0.8220706744227122,0.01105948040678111
583039,intensive,1,0,0.14106684231628805,0.8589331576837119
583040,mid,1,0.0736553000693438,0.8534908720131795,0.07285382791747665
583041,mid,1,0.356268848092843,0.643731151907157,0
583042,intensive,1,7.800142568164048e-5,0.1583990070245793,0.8415229915497391
583043,mid,1,0,0.5899799139057504,0.4100200860942496
583044,mid,1,0,0.8430301069393181,0.15696989306068193
583045,intensive,1,0,0.4066628756770872,0.5933371243229129
583046,mid,1,0,1,0
583047,intensive,1,0,0.12190539016049613,0.8780946098395038
79030,mid,1,0.3904556570551324,0.6095443429448676,0
79031,extensive,1,0.5742894242374095,0.42571057576259047,0
79033,mid,1,0.3387383698986943,0.6612616301013057,0
172056,extensive,1,0.7834170471044014,0.21658295289559862,0
172057,mid,1,0.14244405978200336,0.8575559402179966,0
172060,mid,1,0.3151706742425163,0.6848293257574837,0
258018,extensive,1,0.8779246880794188,0.12207531192058124,0
564050,mid,1,0,0.8989167229778664,0.10108327702213357
566019,intensive,1,0,0.13188003983036595,0.868119960169634
566021,mid,1,0.21763877857733926,0.7823612214226607,0
566022,intensive,1,0,0.18458696643226516,0.8154130335677349
567027,intensive,1,0,0.34952298383955466,0.6504770161604454
567030,intensive,1,0,0.02779480875724548,0.9722051912427545
568036,mid,1,0.411191196924053,0.5888088030759471,0
568038,extensive,1,0.8223165813655129,0.17768341863448706,0
568039,mid,1,0.4113831159004149,0.5886168840995851,0
568041,extensive,1,0.6206263353755479,0.3757645161223726,0.0036091485020794335
568042,extensive,1,0.7318050758475911,0.26819492415240886,0
568044,mid,1,0.4171235799458777,0.5828764200541223,0
569052,mid,1,0,0.8643270170870339,0.13567298291296612
570042,mid,1,0.32525828775851445,0.6747417122414856,0
570045,extensive,1,0.6509820441439003,0.3490179558560997,0
571046,intensive,1,0,0.28794696660798447,0.7120530333920155
571047,intensive,1,0,0.21926531256579143,0.7807346874342086
572016,mid,1,0.07379221482784035,0.9262077851721596,0
572018,mid,1,0.14553617963352838,0.8544638203664716,0
572019,mid,1,0.3112321828733571,0.6887678171266429,0
572020,mid,1,0,1,0
572021,mid,1,0.0332738121812963,0.9667261878187037,0
572028,mid,1,0.1557440522124949,0.8442559477875051,0
573010,intensive,1,0,0.28929806849155365,0.7107019315084464
573011,mid,1,0.00406191362941018,0.5394576713054182,0.4564804150651716
573012,intensive,1,0,0.07003671051617151,0.9299632894838284
573013,intensive,1,0,0.1623656185836113,0.8376343814163887
573014,intensive,1,0,0.28853525432858884,0.7114647456714112
573015,intensive,1,0,0.15925979988812222,0.8407402001118778
573016,intensive,1,0,0.23771242021222524,0.7622875797877747
574025,mid,1,0.031865921370570365,0.963807936979167,0.0043261416502626115
575025,mid,1,0.01505232445939752,0.9849476755406025,0
575026,mid,1,0.008822990887953141,0.8074491201726306,0.18372788893941627
575027,mid,1,0,0.9835480135234518,0.016451986476548244
576022,mid,1,0.004562965903445236,0.5589158863341341,0.43652114776242057
576023,mid,1,0.042777325224961436,0.9572226747750385,0
576024,mid,1,0.04229089680383816,0.9577091031961619,0
576025,mid,1,0.0823285580010707,0.9176714419989294,0
576026,mid,1,0.02612513552180916,0.9738748644781908,0
576027,mid,1,0.075604404545396,0.924395595454604,0
576029,intensive,1,3.9088930829684986e-4,0.29167342541538915,0.707935685276314
576030,mid,1,0.4752485348191489,0.5247514651808511,0
576032,extensive,1,0.6410751779178918,0.35892482208210813,0
576033,mid,1,0.35270877981313414,0.6472912201868659,0
576035,mid,1,0,0.7114859909169486,0.2885140090830513
577026,mid,1,0.33851558334297016,0.6614844166570298,0
577028,mid,1,0.34395596569025744,0.6560440343097426,0
577029,mid,1,0,0.9928131423798697,0.007186857620130321
577030,mid,1,0,0.9526739386817473,0.047326061318252656
577031,mid,1,0.05707849194108528,0.9274792192132685,0.015442288845646237
578038,mid,1,0.00779717083234087,0.6063165591687806,0.3858862699988786
578039,mid,1,0.05806761670081813,0.9107632771176077,0.031169106181574098
578040,mid,1,0.11393003679832539,0.8860699632016746,0
579052,mid,1,0.1547174822033765,0.6672180359713649,0.1780644818252586
580043,mid,1,0.004490783711798358,0.9955092162882017,0
580044,mid,1,0,1,0
581051,intensive,1,0,0.4994297354410315,0.5005702645589685
581052,intensive,1,0,0.25829275577994837,0.7417072442200516
581053,intensive,1,0,0.1923855705743068,0.8076144294256932
581054,mid,1,0.011227219556623627,0.9266478651750862,0.062124915268290136
581055,mid,1,0.21993107449926172,0.7800689255007383,0
581056,intensive,1,0,0.20768639509695197,0.792313604903048
581057,intensive,1,0,0.42611885741757816,0.5738811425824218
581058,mid,1,0,1,0
581059,intensive,1,0,0.12401819269730967,0.8759818073026904
581060,mid,1,0,0.9421234135897522,0.0578765864102479
581061,intensive,1,0,0.34846748814320644,0.6515325118567935
581062,intensive,1,0,0.4427777621196922,0.5572222378803078
581063,mid,1,0.06607168789953266,0.9287887601119348,0.005139551988532562
581064,intensive,1,0,0.2541364288532218,0.7458635711467781
581065,mid,1,0,0.7675663402801289,0.2324336597198711
581066,mid,1,0,1,0
581067,intensive,1,0,0.4344006306544861,0.5655993693455139
582063,intensive,1,0,0.46130707895345413,0.5386929210465459
582064,intensive,1,0,0.08663930496267006,0.91336069503733
582065,mid,1,0.04761536983716912,0.9182768385739389,0.034107791588891906
582066,intensive,1,0,0.14588281236116604,0.8541171876388339
582067,mid,1,0,0.5832389923704849,0.41676100762951507
582069,mid,1,0.0210349773597201,0.9789650226402798,0
582070,extensive,1,0.63144061448966,0.36855938551033995,0
582071,extensive,1,0.9485138564484568,0.05148614355154321,0
582072,intensive,1,0.008436796961789637,0.43770859531935236,0.553854607718858
582073,intensive,1,0,0.388910875058706,0.611089124941294
582074,intensive,1,0,0.4313856931931998,0.5686143068068003
582075,intensive,1,0.006840535724489953,0.46235257680948644,0.5308068874660236
583048,intensive,1,0,0.12107544865050997,0.87892455134949
583049,intensive,1,0,0.41297643954900704,0.587023560450993
579053,mid,1,0.17892933413047007,0.8210706658695299,0
577032,mid,1,0.15745271330100402,0.8425472866989959,0
570039,intensive,1,0,0.3828102484434121,0.6171897515565878
570044,mid,1,0.010457549883992268,0.6799995791584826,0.30954287095752514
571052,mid,1,0.07419138424793625,0.9258086157520637,0
147042,intensive,1,0,0.2277448434359826,0.7722551565640173
147043,extensive,1,0.8569408697832678,0.14305913021673222,0
568028,extensive,1,0.7537903699793802,0.2462096300206198,0
163016,mid,1,0.09551605619940201,0.4610021917626699,0.4434817520379281
155014,mid,1,0.031636314650674825,0.6576149264689413,0.31074875888038395
563014,mid,1,0.1772986132149952,0.8227013867850048,0
563015,mid,1,0.013221083100426984,0.9582520048469871,0.028526912052585934
563012,mid,1,0,0.6237814596974744,0.3762185403025255
563025,mid,1,0,0.5892381630237618,0.41076183697623825
563022,intensive,1,0.001343425470415462,0.2676522431509054,0.7310043313786792
563027,intensive,1,0,0.33516012689644553,0.6648398731035545
563004,mid,1,0.2501060346255645,0.7498939653744354,0
563005,extensive,1,0.9582752226387168,0.041724777361283195,0
563006,mid,1,0.3674975567136108,0.6325024432863892,0
563007,extensive,1,0.613119927325752,0.38688007267424795,0
563003,mid,1,0.003940928221506589,0.8417923704434724,0.15426670133502102
564005,mid,1,0.11446363466755055,0.8855363653324495,0
564027,extensive,1,0.8138966622932473,0.18610333770675272,0
564041,mid,1,0.18643905827806048,0.8135609417219395,0
564042,mid,1,0.47904293632518746,0.5209570636748125,0
565008,intensive,1,0,0.3115984450543153,0.6884015549456847
565018,mid,1,0.2990139628693533,0.7009860371306467,0
566017,intensive,1,0,0.3308880659943328,0.6691119340056673
567014,intensive,1,0,0.15492748528506553,0.8450725147149345
566012,mid,1,0.005885450589450948,0.8048284059582635,0.18928614345228548
566010,mid,1,0.2951090908809436,0.7047812207713081,1.096883477483026e-4
566023,mid,1,0.049170924441510465,0.7789008225745687,0.1719282529839208
566004,intensive,1,0,0.29695402770470253,0.7030459722952975
568030,mid,1,0.09557917957555415,0.8997114494898784,0.004709370934567459
567026,mid,1,0.2806422981363023,0.7193577018636977,0
567020,mid,1,0.4316874226386016,0.5683125773613984,0
567012,mid,1,0.4080513874974552,0.5895684837339071,0.002380128768637742
567011,intensive,1,0.019348508275282915,0.26556828502684326,0.7150832066978738
567002,intensive,1,0,5.842007385024317e-5,0.9999415799261497
567010,mid,1,0,0.9915275304710972,0.008472469528902796
567028,mid,1,0,0.8492318498708015,0.15076815012919853
567029,mid,1,0,1,0
568019,mid,1,0.21512565109489454,0.7848743489051054,0
568031,extensive,1,0.9363769245309748,0.06362307546902526,0
568034,mid,1,0.018522785001863468,0.9814772149981366,0
568023,mid,1,0.038176619715597916,0.9618233802844021,0
569035,mid,1,0.03416353508504489,0.6424430394722167,0.32339342544273847
569036,intensive,1,0,0.3981436756247846,0.6018563243752154
569019,mid,1,0.13770708150876998,0.6454524705762001,0.21684044791502985
569030,mid,1,0.10672450173096658,0.8932754982690334,0
569026,mid,1,0.23026403114187116,0.7697359688581288,0
569028,mid,1,0.3392241240313029,0.660775875968697,0
569009,mid,1,0.4176848967050089,0.582315103294991,0
569016,intensive,1,4.387515239242389e-5,0.1839248214811813,0.8160313033664263
569023,mid,1,0.42325818121914827,0.5500157613706943,0.02672605741015745
569006,mid,1,0,1,0
569049,extensive,1,0.559102544356903,0.440897455643097,0
569048,mid,1,0,0.8660401029297712,0.13395989707022882
570001,mid,1,0,0.5419445481253947,0.4580554518746053
570029,intensive,1,0.0044471579328994775,0.35166669781880777,0.6438861442482927
172061,mid,1,0.35796044659046855,0.6420395534095314,0
172007,mid,1,0.47770470386005004,0.52229529613995,0
172064,extensive,1,0.6756079533925108,0.3243920466074892,0
172049,extensive,1,0.8625680351559456,0.13743196484405443,0
172062,extensive,1,0.6472327323139183,0.35276726768608174,0
172028,extensive,1,0.6545180694854231,0.3454819305145768,0
172037,extensive,1,0.923555220878115,0.07644477912188494,0
172029,mid,1,0.18416973101593032,0.8158302689840697,0
172043,extensive,1,0.577644959271361,0.42235504072863905,0
172033,extensive,1,0.8554591633922816,0.14454083660771844,0
172059,mid,1,0.08713114392338893,0.9128688560766111,0
570010,mid,1,0,0.8498519197251916,0.15014808027480844
564028,mid,1,0.4189840818608367,0.5810159181391633,0
569015,mid,1,0.053720564814886594,0.9462794351851134,0
569005,mid,1,0,0.7529662127300696,0.24703378726993044
569042,intensive,1,0,0.13037770135749666,0.8696222986425034
569051,intensive,1,0,0.4779447476864773,0.5220552523135227
571049,mid,1,0,1,0
571048,mid,1,0,0.5005249069695807,0.49947509303041926
571003,mid,1,0.3775398553657349,0.6224601446342651,0
571051,mid,1,0,0.9520175879142191,0.047982412085780954
571054,intensive,1,0,0.08402731958848969,0.9159726804115103
571053,intensive,1,0,0.14548655833007673,0.8545134416699233
571012,mid,1,0.03314458875350668,0.9668554112464933,0
571005,mid,1,0.022132664027302816,0.645378085146282,0.3324892508264151
571007,intensive,1,0,0.03628121283154698,0.963718787168453
571041,intensive,1,0,0.2584188414909014,0.7415811585090987
571027,mid,1,0,0.7587566172920593,0.24124338270794063
571026,mid,1,0,0.9538839552670805,0.04611604473291954
571002,mid,1,0.1998814350209101,0.8001185649790898,0
571024,mid,1,0.0032232458645617954,0.9099577491828937,0.08681900495254444
571034,mid,1,0.03126824239550798,0.968731757604492,0
571020,mid,1,0.11234665852603529,0.8876533414739647,0
570036,intensive,1,0,0.47369019520010597,0.5263098047998941
570041,intensive,1,0,0.29944159605699777,0.7005584039430022
570031,mid,1,0,0.9431286009266361,0.05687139907336392
570035,intensive,1,0,0.29299542847601734,0.7070045715239827
571010,mid,1,0.1189313283248489,0.8810686716751511,0
571011,mid,1,0.11924988343801196,0.880750116561988,0
572015,mid,1,0.12904404935920144,0.8709559506407986,0
572002,mid,1,0.44753413616411025,0.5524658638358897,0
572013,extensive,1,0.619264082496598,0.38073591750340197,0
572003,mid,1,0.29744330621202125,0.7025566937879788,0
572022,mid,1,0.2718961086588707,0.7281038913411293,0
572024,extensive,1,0.5259030498655362,0.4740969501344639,0
572023,extensive,1,0.5798299802346402,0.42017001976535984,0
572025,mid,1,0.206985226674489,0.7930147733255111,0
572014,mid,1,0.17254038990927706,0.8274596100907229,0
573004,intensive,1,0,0.18502611254022036,0.8149738874597796
573009,mid,1,0.07125451579706199,0.928745484202938,0
574016,mid,1,0.0015312601974237115,0.9984687398025763,0
574015,mid,1,0.39756221470614306,0.5888363640309838,0.013601421262873063
574006,mid,1,0.01845061701301959,0.9558698127211598,0.02567957026582063
574005,intensive,1,0,0.11197362472406394,0.8880263752759361
574008,extensive,1,0.5965754513558956,0.4034245486441043,0
574004,mid,1,0.37805330928234643,0.6077576185614013,0.014189072156252286
574012,mid,1,0.20808782967287218,0.6243776713549412,0.16753449897218672
574013,mid,1,7.670540854960493e-4,0.5705811693790965,0.4286517765354075
574002,mid,1,0.07731176498377551,0.4823825356466837,0.4403056993695408
574014,mid,1,0.042144508133492124,0.6389939716081653,0.31886152025834263
574019,extensive,1,0.6403248065689224,0.3596751934310775,0
575005,mid,1,0.19584818106597796,0.804151818934022,0
575020,extensive,1,0.7883645342971595,0.21163546570284053,0
79013,mid,1,0.09393452127063566,0.9060654787293644,0
79032,mid,1,0.2764262645950642,0.7235737354049359,0
79009,mid,1,0.15749632766105426,0.8425036723389457,0
79011,mid,1,0.4149330728956928,0.5850669271043072,0
79003,mid,1,0.14694503499636993,0.8530549650036301,0
79029,extensive,1,0.5636926360789902,0.43630736392100977,0
574026,mid,1,0.21162127922303664,0.7883787207769634,0
575021,extensive,1,0.999947119736215,5.2880263785010316e-5,0
575008,mid,1,0.19381470062461234,0.8061852993753876,0
575006,mid,1,0,0.9995879896685159,4.1201033148412545e-4
575028,mid,1,0.02429533436216165,0.7054714702470365,0.27023319539080193
79012,mid,1,0.26345526376054246,0.7365447362394575,0
571040,mid,1,0.09016027190675775,0.9098397280932422,0
568035,extensive,1,0.7772757219901104,0.22272427800988956,0
568033,extensive,1,0.514706769642021,0.485293230357979,0
576031,extensive,1,0.9772313813798853,0.02276861862011472,0
576011,mid,1,0,1,0
576012,intensive,1,0,0.3702758639934726,0.6297241360065273
576006,mid,1,0,0.9564186483702791,0.04358135162972085
576003,mid,1,0,1,0
578046,mid,1,0.2547634529437384,0.7452365470562616,0
578045,mid,1,0.0516602561551265,0.5422937852716216,0.4060459585732519
578031,mid,1,0.27025638238034544,0.7297436176196546,0
578049,intensive,1,0,0.27727447994727566,0.7227255200527243
578001,extensive,1,0.8245825968350495,0.17541740316495052,0
578005,mid,1,0.23736778342200407,0.762632216577996,0
564052,mid,1,0.0030350298490417825,0.9969649701509582,0
578023,mid,1,0.06368366263396132,0.9363163373660387,0
578042,mid,1,0.029859877695774868,0.9701401223042251,0
578041,extensive,1,0.5378518496029341,0.46214815039706597,0
578010,extensive,1,0.6434876344018324,0.3565123655981675,0
578007,extensive,1,0.8810823254295659,0.11891767457043412,0
563010,mid,1,0.13080072988503963,0.5368790050594422,0.33232026505551815
563001,extensive,1,0.6285174493135515,0.37148255068644853,0
563002,mid,1,0.01633579236612233,0.8183580608919413,0.16530614674193633
574017,mid,1,0.2075466989950179,0.7924533010049821,0
564001,mid,1,0,1,0
570006,mid,1,0.03554687790562095,0.9644531220943791,0
571008,mid,1,0.08469488060433274,0.9153051193956673,0
572026,mid,1,0.27208640867245126,0.7279135913275487,0
572027,mid,1,0.3040538615611443,0.6959461384388557,0
577027,mid,1,0,0.9142882288895647,0.08571177111043528
172052,mid,1,0.3725651011926588,0.6274348988073412,0
6064,extensive,1,1,0,0
79001,mid,1,0.032829232443448916,0.9607057694164318,0.006464998140119274
79005,extensive,1,0.7047804306238822,0.2952195693761178,0
79007,mid,1,0.3091764745071733,0.6908235254928268,0
79010,extensive,1,0.7413780553375535,0.25862194466244653,0
79035,mid,1,0.3721307389425874,0.6278692610574126,0
144055,intensive,1,0,0.38098530551136073,0.6190146944886392
144004,intensive,1,0,1.3540805773025615e-4,0.9998645919422697
162026,intensive,1,0.006429906311138707,0.4698761248062265,0.5236939688826349
172001,mid,1,0.4070612228829641,0.5929387771170359,0
172008,mid,1,0.08429184939724915,0.9157081506027509,0
172018,mid,1,0.4959482275537043,0.5040517724462956,0
563011,intensive,1,0,0.3035410343408962,0.6964589656591038
563026,mid,1,1.206578723714262e-5,0.8419348073535043,0.1580531268592585
564019,mid,1,0.014947807380987478,0.9850521926190126,0
564014,mid,1,0.06423012711411687,0.9357698728858831,0
564003,extensive,1,0.9435628540161547,0.056437145983845353,0
564002,mid,1,0.08516161386630498,0.9148383861336951,0
564029,mid,1,0.18377896581482012,0.8162210341851799,0
564012,mid,1,0.027636284812199426,0.9723637151878006,0
564017,mid,1,0.008780068510386239,0.5097432186024492,0.4814767128871645
564018,mid,1,0,0.5482370082324012,0.4517629917675988
564023,intensive,1,0,0.37111783983102903,0.6288821601689709
564037,intensive,1,0,0.207658492620209,0.792341507379791
564026,mid,1,0,0.9514035865362122,0.04859641346378784
566007,intensive,1,0,0.421300183954701,0.5786998160452991
566020,mid,1,0.028630913704445943,0.9038050428323919,0.06756404346316215
567004,intensive,1,0,0.4217820744927635,0.5782179255072365
568004,mid,1,0.20920993555799913,0.7907900644420008,0
568006,extensive,1,0.7470136370326648,0.2529863629673353,0
568020,extensive,1,0.9127615970167373,0.0872384029832627,0
570009,mid,1,0.005955275699168548,0.5911350355501982,0.40290968875063327
570017,mid,1,0.0810671037260561,0.9189328962739439,0
570046,mid,1,0.4300988632111684,0.5699011367888316,0
570020,mid,1,0.1551817357894273,0.8375440873068563,0.007274176903716424
571035,intensive,1,0,0.08744469689348969,0.9125553031065103
571038,mid,1,0,0.7824208762753093,0.21757912372469068
575002,intensive,1,0.16194627812942397,0.07235949424926542,0.7656942276213106
575009,intensive,1,0.04426895546993528,0.14387286102603403,0.8118581835040307
575029,intensive,1,0,0.09142436411456392,0.9085756358854361
575014,mid,1,0,0.552373033790895,0.447626966209105
576020,mid,1,0.3092055601649203,0.6865555540247992,0.00423888581028054
576008,mid,1,0.4998452503148573,0.5001547496851426,0
576028,mid,1,0.3766904933025605,0.6233095066974395,0
577025,mid,1,0.016665413410911285,0.9833345865890887,0
578033,intensive,1,0.012717375716446485,0.17145938713616246,0.815823237147391
583037,intensive,1,0,0.11082330179504925,0.8891766982049507
583032,intensive,1,0.011372924050156925,0.10260350336635399,0.8860235725834891
114078,intensive,1,0,0.3297590759868859,0.6702409240131141
114149,mid,1,0,0.9880877290405048,0.011912270959495194
164001,intensive,1,0,0.33884644371668543,0.6611535562833146
25038,extensive,1,0.7541144000824922,0.24588559991750775,0
16096,mid,1,0,0.6589600889115899,0.3410399110884102
16045,intensive,1,0.00447866404335601,0.2544879923775737,0.7410333435790702
16051,intensive,1,0,0.46537633426111147,0.5346236657388885
66049,mid,1,0,1,0
66048,mid,1,0,0.8067217318816913,0.19327826811830873
583012,mid,1,0.08961921971524006,0.8411562101181163,0.06922457016664366
583029,mid,1,0,0.9553315633716509,0.044668436628349094
578008,intensive,1,0,0.4009164804208801,0.59908351957912
578043,intensive,1,0,0.06580586863663718,0.9341941313633628
578032,intensive,1,0,0.05163248028614879,0.9483675197138512
578037,intensive,1,0,0.27132002206037714,0.7286799779396229
79028,mid,1,0.41683604105261646,0.5831639589473835,0
573006,mid,1,0,0.827988203641152,0.17201179635884797
573005,intensive,1,0,0.1824020534760653,0.8175979465239347
6065,extensive,1,0.612217062725257,0.38778293727474294,0
6007,extensive,1,0.7438420379157857,0.21435120260637883,0.041806759477835465
134029,extensive,1,0.5933141372539297,0.4066858627460703,0
143039,mid,1,0.11200507698072501,0.887994923019275,0
143041,mid,1,0.29936239630163525,0.4288026504549732,0.27183495324339163
129077,extensive,1,0.9970563552750558,0.0029436447249442783,0
129078,extensive,1,0.8287247895457955,0.17127521045420444,0
129081,extensive,1,0.8438562443644999,0.15614375563550006,0
129070,mid,1,0,0.6582558564115215,0.34174414358847843
150025,intensive,1,0,0.24108609268829587,0.7589139073117042
134032,mid,1,0,1,0
163062,mid,1,0.016662596058412117,0.5632505968314223,0.4200868071101656
163047,mid,1,0.07874902541275974,0.9212509745872403,0
128020,mid,1,0.016128985009221167,0.6948939090458567,0.28897710594492215
131036,intensive,1,0,0.2833424107630587,0.7166575892369413
127002,intensive,1,4.550728798286417e-5,0.2374513055694531,0.762503187142564
127015,mid,1,0.008697784040387077,0.8358863699075885,0.15541584605202444
69051,mid,1,0,0.7818067017467829,0.21819329825321712
160002,intensive,1,0,0.41084063401614374,0.5891593659838562
25018,mid,1,0.3333874387299759,0.6666125612700241,0
25077,mid,1,0.0021650627229135295,0.6508516966387587,0.3469832406383277
114050,mid,1,0.005876247823044465,0.5042260055190874,0.4898977466578681
114038,intensive,1,0,0.4406807759015553,0.5593192240984447
16084,mid,1,0,0.5537069076201189,0.44629309237988113
17105,intensive,1,0,0.028660143625469345,0.9713398563745307
16014,intensive,1,0,0.39628361120033256,0.6037163887996675
145037,intensive,1,0,0.15311067934929834,0.8468893206507017
145033,intensive,1,0,0.04373124204482647,0.9562687579551735
17083,mid,1,0.3370103393271955,0.6629896606728045,0
17136,extensive,1,0.6371190329935649,0.3628809670064351,0
114130,extensive,1,0.5210671339508931,0.47893286604910684,0
6012,extensive,1,0.9597107038324225,0.04028929616757754,0
114088,intensive,1,0,0.2345927260919874,0.7654072739080126
145051,intensive,1,0,0.43427666044230434,0.5657233395576956
145052,mid,1,0,0.8366216049040711,0.16337839509592886
144042,mid,1,0.008007139376035024,0.5213322869435796,0.4706605736803854
144046,mid,1,0.022568178315527924,0.5561989175666815,0.42123290411779063
142010,intensive,1,0,0.40983397102538033,0.5901660289746197
143036,mid,1,0.2194343519360704,0.7805656480639296,0
144001,intensive,1,0,0.29500629434055664,0.7049937056594433
130025,intensive,1,0,0.36621232102563545,0.6337876789743645
138056,intensive,1,0,0.4925504708794182,0.5074495291205818
138057,intensive,1,0,0.4426575337392833,0.5573424662607167
163064,mid,1,0.03185375843264209,0.8616848013862474,0.10646144018111055
131073,mid,1,0.18183514690717714,0.638263651510721,0.17990120158210188
131047,intensive,1,0,0.14535596051166721,0.8546440394883328
128003,mid,1,0,0.7734629335872953,0.22653706641270463
66029,mid,1,0.007916012145395822,0.7000539787110539,0.2920300091435503
66028,mid,1,0.334208005986551,0.6426299785277408,0.023162015485708187
17124,mid,1,0.3757508931767821,0.6242491068232179,0
17117,mid,1,0.18076205152739253,0.6516467644507994,0.16759118402180812
149060,intensive,1.0000000000000002,0,0.4666775895631097,0.5333224104368902
