field_id,dominant_class,classified_fraction,extensive_fraction,mid_low_fraction,mid_high_fraction,intensive_fraction
49001,extensive,1,0.6198650767199386,0,0.3801349232800614,0
49002,extensive,1,0.8456917756205423,0,0.15430822437945768,0
575003,intensive,1,0,0,0.4982068453497216,0.5017931546502784
575004,intensive,1,0,0,0.3421427817338222,0.6578572182661778
575007,mid_high,1,0.018959268484849235,2.7876617653221165e-4,0.9807619653386186,0
575010,mid_high,1,0.006444673968104561,0,0.9753977150453398,0.018157610986555668
575011,mid_high,1,0.0034374249879064204,0,0.9965625750120936,0
575012,mid_high,1,0,0,1,0
575013,intensive,1,0,0,0.015484912856642717,0.9845150871433573
575015,intensive,1,0,0,0.12479004710329306,0.875209952896707
575016,mid_high,1,0.025347457889308818,0.02126709935080224,0.7473029581360334,0.20608248462385556
575017,mid_high,1,0.025969004392047582,0.0124101153606432,0.9616208802473092,0
575018,mid_high,1,0.2036021201299994,0.019995007098356266,0.7764028727716443,0
575019,mid_high,1,0.46514021957898943,0.04331502638669202,0.4915447540343185,0
575022,extensive,1,1,0,0,0
575023,extensive,1,0.8574077770892834,0.0067290439353157394,0.13586317897540082,0
575024,mid_high,1,0.21299232708844912,0,0.7870076729115508,0
572001,mid_high,1,0.11227839371768834,0,0.8321896731158864,0.05553193316642523
572004,mid_low,1,0.04023640126266745,0.8212428763826142,0.13852072235471843,0
572005,mid_high,1,0.3563582540439427,0.21820110502487763,0.42544064093117967,0
572006,mid_high,1,0.44219655599723356,0.05111565634983952,0.5066877876529269,0
572007,mid_high,1,0.22059058419202252,0.14175818986652458,0.6376512259414528,0
572008,mid_high,1,0.042202363524822345,0,0.9577976364751777,0
572012,mid_high,1,0.07084190499821501,0,0.7388477404885581,0.19031035451322698
578002,mid_high,1,0.07440933004467744,0.0017109683911434568,0.7771075827247116,0.14677211883946753
578003,mid_high,1,0,0,1,0
578004,mid_high,1,0.18215571614403095,0.13044079731616898,0.6874034865398001,0
578006,mid_high,1,0,0,0.9954022905185367,0.004597709481463317
578009,mid_high,1,0.06822569242532173,0.018893141834427706,0.9128811657402506,0
578011,mid_high,1,0.3730390672362175,2.810229964204405e-4,0.6266799097673621,0
578012,mid_high,1,0.14973385211617943,0,0.8502661478838206,0
578014,mid_high,1,4.574502497047994e-4,0,0.7445268214357613,0.25501572831453395
578015,mid_high,1,0.3021319132526821,0.3348130393463602,0.3630550474009576,0
578018,mid_high,1,0.07301977817390287,0,0.9269802218260971,0
578019,mid_high,1,0.11938814023501707,0.21159801387207883,0.6690138458929041,0
578020,mid_high,1,0.08848853375956399,0.010636936706929554,0.9008745295335064,0
578021,intensive,1,0,0,0.30506111183719486,0.6949388881628051
578024,mid_high,1,0.235381101092076,0.03098032678477119,0.7336385721231529,0
578025,mid_high,1,0.0028011998216409843,0,0.701180634570535,0.29601816560782396
578026,intensive,1,6.439312391519555e-4,0,0.0909363481719779,0.9084197205888701
578027,intensive,1,0,0,0.02076063248805109,0.979239367511949
578028,mid_high,1,0.4770089156989518,0.0027932678516197056,0.5201978164494284,0
578029,mid_high,1,0,0,0.6841582509997104,0.31584174900028955
578030,intensive,1,0,0,0.019865657958923557,0.9801343420410764
578034,intensive,1,0.043419125106663826,0,0.2576089945318552,0.698971880361481
578036,intensive,1,6.990934589503893e-4,0,0.09580263034253993,0.9034982761985096
566002,intensive,1,0,0,0.1119237666889803,0.8880762333110197
566003,intensive,1,0,0,0.1360761404894964,0.8639238595105035
566009,intensive,1,0.04427129574475381,0,0.3760101930808337,0.5797185111744124
566011,intensive,1,0.0038641699197815333,0,0.4346681065251071,0.5614677235551113
566018,mid_high,1,0.3281158396660913,0.011889567075726049,0.5995113739671238,0.06048321929105882
563018,mid_high,1,0.17673885288648883,0.04428356498023616,0.7789775821332751,0
563019,mid_high,1,0.008835319331837732,0.003067082433132341,0.98809759823503,0
563020,mid_high,1,0,0,1,0
563021,mid_high,1,0,0,1,0
563023,mid_high,1,0,0,1,0
563024,mid_high,1,0.04204264866551906,0,0.9579573513344809,0
576001,mid_high,1,4.1308306088537613e-4,0,0.7662300451671917,0.23335687177192294
576002,mid_high,1,0,0,0.9988600480393567,0.0011399519606433506
576004,intensive,1,0,0,0.28679032081625633,0.7132096791837437
576005,mid_high,1,0.2753969902836678,0,0.7246030097163322,0
576007,mid_high,1,0.04967722139857065,0,0.5946147710512939,0.3557080075501355
576009,mid_high,1,0.04136571178422497,0,0.958634288215775,0
576010,intensive,1,0,0,0.4225983862218689,0.5774016137781312
576013,mid_high,1,0.057357254306901174,0.003853493821476387,0.8814466038281236,0.05734264804349885
576014,intensive,1,0,0,0.3019483448807906,0.6980516551192094
576015,intensive,1,0,0,0.24380507253576555,0.7561949274642344
576018,intensive,1,0,0,0.455674920454908,0.544325079545092
576019,mid_high,1,0.16583629622218157,0.002576631978827626,0.8315870717989908,0
568001,extensive,1,0.9136350090370151,0.0014855661902309822,0.08487942477275388,0
568002,mid_high,1,0.00352912379061425,0,0.8036382079602913,0.19283266824909445
568003,mid_high,1,7.37464989003994e-4,0,0.9864418015807613,0.012820733430234689
568009,mid_high,1,0.10672427792510936,0.01708368226508173,0.690038295004911,0.18615374480489794
568010,mid_high,1,0.09222431364846281,0,0.9077756863515372,0
568013,mid_high,1,0.09408947906151241,4.4344007370616506e-4,0.9054670808647814,0
568014,mid_high,1,0.038723297414490876,0,0.9612767025855091,0
568016,mid_high,1,0.24859205882402452,0.01653119337073042,0.734876747805245,0
568017,mid_high,1,0.021280852514462097,0,0.9684605692059375,0.010258578279600396
568018,mid_high,1,0.3688039301670535,0.045542107778202216,0.5856539620547443,0
568021,mid_low,1,0.2593727546290144,0.6140968535005371,0.12653039187044846,0
568022,extensive,1,0.6163121677839802,0.05113476867072905,0.33255306354529074,0
568025,mid_high,1,0.0605048926550484,0,0.9394951073449516,0
568026,extensive,1,0.7851687321049141,0,0.21483126789508591,0
568027,extensive,1,0.9469506389040303,0.01839012373011461,0.0346592373658551,0
568029,mid_high,1,0.37039911273399817,0.01514117953075074,0.614459707735251,0
568032,extensive,1,0.5653835556429139,0.009759687078886059,0.4248567572782001,0
573002,intensive,1,0,0,0.4845727635624155,0.5154272364375845
573003,intensive,1,0,0,0.16336231055001577,0.8366376894499843
573007,intensive,1,0.043777318695806616,0,0.2033694740090808,0.7528532072951126
573017,intensive,1,0.03855828232391236,0,0.4531553034408891,0.5082864142351985
565004,intensive,1,0,0,0.30487571143583003,0.69512428856417
565009,intensive,1,0,0,0.4757332619905622,0.5242667380094378
565012,mid_high,1,0.1351591491968066,0.009390249777861319,0.8554506010253321,0
570002,mid_high,1,0,0,0.5359639139151733,0.46403608608482677
570003,mid_high,1,0,0,1,0
570005,mid_high,1,7.966232761948822e-4,0,0.530693079655243,0.46851029706856206
570007,mid_high,1,4.212728856098878e-5,0,0.6664798673590531,0.333478005352386
570008,mid_high,1,0,0,0.6170541740215848,0.38294582597841526
570011,intensive,1,0,0,0.2353224801236859,0.764677519876314
570012,mid_high,1,0.15840766030358036,0.009710745138218938,0.8318815945582007,0
570016,mid_high,1,0.2175722347454923,0.18614394741192872,0.596283817842579,0
570018,mid_high,1,5.610265149242374e-4,0,0.9994389734850757,0
570019,mid_high,1,0.06342326729832376,0,0.9365767327016762,0
570022,mid_high,1,0.14336093403461336,0.4197757324475171,0.43686333351786955,0
570023,mid_low,1,0.20326305352661014,0.41769797769125927,0.3790389687821306,0
570024,mid_high,1,0.004556247751780498,0,0.9339054959896439,0.06153825625857556
570025,intensive,1,0.00472170071030318,0,0.22890419508539753,0.7663741042042993
570026,mid_high,1,0.050129794009067356,0,0.9498702059909326,0
570027,mid_high,1,0.014339703064349953,0,0.9476884154399494,0.037971881495700646
570028,mid_high,1,0.019223123619877054,0,0.7017572040635681,0.27901967231655483
570032,mid_high,1,0,0,0.9604013066357863,0.039598693364213754
570033,mid_high,1,0,0,1,0
570034,intensive,1,0,0,0.18399766773636891,0.8160023322636311
570037,mid_high,1,0.05655081830898783,0,0.9351997966410476,0.008249385049964569
570038,intensive,1,0.007527489583009666,0,0.3290763999822815,0.6633961104347088
570040,intensive,1,0.005329467149453098,0,0.42653183419245383,0.5681386986580931
570043,mid_high,1,0.14483262452603998,0,0.85516737547396,0
564007,extensive,1,0.43448344512123144,0.18825587945060862,0.37726067542815994,0
564009,mid_high,1,0.08049917297096672,0.06530174481506638,0.5928552742113119,0.26134380800265494
564010,mid_high,1,0.12641606506833866,4.562322895647011e-4,0.8731277026420966,0
564011,mid_high,1,0.002883897965710636,0.02791795078380615,0.9691981512504833,0
564013,mid_high,1,0.024496641635940248,0.10647248931859747,0.8690308690454622,0
564015,mid_high,1,0.04453749176491599,0.03634313470930591,0.6418623717188593,0.2772570018069188
564016,mid_high,1,0.003202540956878915,0.005567141140891604,0.9912303179022295,0
564020,mid_high,1,0.07235227945491093,0,0.927647720545089,0
564021,mid_high,1,0.016998753001507903,0,0.7630928025073755,0.21990844449111654
564022,mid_high,1,0,0,0.9724634277204026,0.02753657227959733
564032,mid_high,1,0.08028799734683054,0.012580448839070639,0.9071315538140988,0
564033,intensive,1,0,0,0.21547282216672142,0.7845271778332785
564038,mid_high,1,0,0,1,0
564043,mid_high,1,6.613382508444143e-4,0.053805814379806825,0.9455328473693487,0
564044,mid_high,1,0,0,0.7580030877481327,0.2419969122518673
567001,intensive,1,0,0,0.13726219732235945,0.8627378026776406
567003,intensive,1,0,0,0.17697233283983574,0.8230276671601643
567006,intensive,1,0,0,0.08435708165186044,0.9156429183481396
567007,intensive,1,0,0,0.16152842363286654,0.8384715763671334
567008,mid_high,1,1.9469830610408422e-5,0,0.6263556270550042,0.37362490311438534
567009,mid_high,1,0.022482994656065118,0,0.8885288313488016,0.08898817399513335
567013,mid_high,1,0.016359367454850005,0,0.724407635943578,0.25923299660157195
567016,mid_high,1,0.05622543797960058,0,0.9437745620203994,0
567017,mid_high,1,0.2964067378313425,0.11890340872862565,0.5846898534400318,0
567018,mid_high,1,0.017093232974408377,0,0.9829067670255917,0
567019,mid_high,1,0.05273888289219554,0,0.9472611171078045,0
567021,mid_high,1,0,0,1,0
567022,mid_high,1,0.03870810552928814,0.004109450570246882,0.957182443900465,0
567023,mid_high,1,0.25677475592814575,0.33051518397451324,0.41271006009734096,0
567025,mid_high,1,0,0,1,0
577001,mid_high,1,0.3940323810878025,0.0038477341135106547,0.6021198847986868,0
577002,mid_high,1,0.26281648289644804,0,0.737183517103552,0
577003,intensive,1,0.013134347074725893,0.005268643643979731,0.48261517590142294,0.49898183337987145
577005,mid_high,1,0,0,0.6311927680563494,0.3688072319436506
577006,mid_high,1,0.006081398167289092,0,0.9939186018327109,0
577007,mid_high,1,0.010046312610950075,0,0.9899536873890499,0
577008,mid_high,1,0.011275890804974667,0,0.9887241091950253,0
577009,mid_high,1,0,0,0.8583808726083404,0.1416191273916596
577010,mid_high,1,0,0,0.7278200497468656,0.27217995025313435
577011,mid_high,1,0.01048540309636305,0,0.8195781505928869,0.16993644631075008
577012,mid_high,1,0.044626883833619055,0,0.9286440565372864,0.026729059629094495
577013,mid_high,1,0.16455927734975315,0.00418565315210729,0.8312550694981395,0
577014,mid_high,1,0.019201835942787703,0,0.9807981640572123,0
577015,mid_high,1,0.01032858827211907,0,0.5714355463291877,0.4182358653986932
577016,extensive,1,0.7282926473132186,0,0.2717073526867814,0
577017,mid_high,1,0.07468857887854598,0.013545169331988934,0.7288713375377963,0.18289491425166873
577018,mid_high,1,0.49739698757592177,0,0.5026030124240782,0
577020,mid_high,1,0.4201439867050033,0,0.5798560132949967,0
577021,mid_high,1,0.11767972511281499,0,0.8720008047172236,0.010319470169961382
577022,mid_high,1,0.005657917030436813,0,0.7537786591723331,0.24056342379723009
577023,mid_high,1,0.010044087626965929,0,0.989955912373034,0
79014,extensive,1,0.7777696635570293,0.1429495847328098,0.07928075171016094,0
79015,extensive,1,0.6955045399578945,0.2508779971934283,0.053617462848677126,0
79016,extensive,1,0.5106418896738201,0.05002240904974931,0.4393357012764307,0
79017,mid_high,1,0.0893053594419083,0.06778808704029163,0.8429065535178001,0
79018,mid_high,1,0.27644955982091857,0.09078450202235011,0.6327659381567313,0
79020,extensive,1,0.6893054414500355,0.26759343273730535,0.04310112581265921,0
79021,mid_high,1,0.28310906618707765,0.0027080845478899317,0.7141828492650324,0
79022,extensive,1,0.9406554836943299,0.059301955841525374,4.2560464144708784e-5,0
79023,extensive,1,0.9473658393946053,0.0359624568804062,0.016671703724988506,0
79024,extensive,1,0.8898624074038128,0.056022619315079805,0.05411497328110734,0
79025,extensive,1,0.8731893817629899,0,0.12681061823701012,0
79027,mid_high,1,0.048284932440527534,0.44721287679936633,0.5045021907601062,0
574001,mid_high,1,0,0,1,0
574007,mid_high,1,0,0,1,0
574003,mid_high,1,0.09452011160021453,0.01314405866946823,0.8923358297303172,0
574009,mid_high,1,0.033913451047741995,0,0.5084094373664947,0.45767711158576335
574010,extensive,1,0.6388361738643159,0.013131178183222928,0.3480326479524612,0
574011,mid_high,1,0,0,0.7907828156873786,0.20921718431262135
574020,intensive,1,0.010785111057274551,0,0.2446993281790412,0.7445155607636842
574021,intensive,1,0.0031632609785987626,0,0.05611985236365073,0.9407168866577506
571006,mid_high,1,0.010136819967198627,0,0.9898631800328014,0
571009,mid_high,1,0.0026922560359289444,0,0.9973077439640711,0
571019,mid_high,1,0.014456526231010217,0,0.9855434737689898,0
571023,mid_high,1,0.008224553924135986,0,0.7323577801289398,0.25941766594692417
571025,mid_high,1,0,0,1,0
571028,mid_high,1,0.035405755591630596,0.018838498752806486,0.9452281552038423,5.275904517206177e-4
571030,mid_high,1,0,0,0.7871994526659979,0.21280054733400208
571032,mid_high,1,0.01606919474037622,0,0.9772243358765995,0.0067064693830242925
571033,intensive,1,0.06562996476839925,0.008705517924141306,0.3858009457328624,0.5398635715745971
571036,intensive,1,0,0,0.037431715979901664,0.9625682840200983
571039,mid_high,1,0,0,0.6280781685394775,0.37192183146052243
571001,mid_high,1,0.25421115375135195,0,0.745788846248648,0
571042,intensive,1,0.021384166427822218,0,0.1388673796638215,0.8397484539083563
571043,mid_high,1,0.2579657980987209,0,0.7420342019012791,0
571044,mid_high,1,0.09371846504626385,0,0.9062815349537361,0
569003,mid_high,1,1.1843545634561033e-4,1.1186076680835298e-4,0.6385277521678283,0.3612419516090177
569004,mid_high,1,0.026880775869581222,0,0.9731192241304187,0
569008,mid_high,1,0,0,1,0
569014,mid_high,1,0.14436411528787424,0,0.8556358847121257,0
569017,mid_high,1,0.05114459696148385,0.021073735270313323,0.9277816677682028,0
569018,mid_high,1,0.019157971189825013,0,0.9808411092707732,9.195394018651887e-7
569020,mid_high,1,0.1514470349661991,7.695587262762604e-5,0.8484760091611733,0
569021,mid_high,1,0.10996997371013267,0.014292952834305067,0.8757370734555623,0
569022,mid_high,1,0.0501044919132271,0,0.9439668535501324,0.005928654536640483
569024,mid_high,1,0.057461188604630564,0.16977833303253995,0.7727604783628295,0
569025,mid_high,1,0.018409136178509172,0,0.9190957408084729,0.06249512301301789
569027,mid_high,1,0.26123928253611894,0.057220642349970714,0.6815400751139103,0
569029,mid_high,1,0.3298358001740305,0.01911018540845149,0.651054014417518,0
569031,mid_high,1,0.020705600310585055,0,0.9792943996894149,0
569032,mid_high,1,0.0492537153505423,0.04258762463985414,0.9081586600096035,0
569037,mid_high,1,0.4811767361822336,0.01355823165987707,0.4977874790226151,0.007477553135274208
569038,mid_high,1,0.13841149761668634,0.029059294632002262,0.8325292077513113,0
569039,mid_high,1,0.3919710095810345,0.030345319717736453,0.5776836707012291,0
569040,mid_high,1,0.46058658056347357,0.015504389633862237,0.5239090298026642,0
569041,extensive,1,0.4995631633356786,0.003077664066802733,0.4973591725975187,0
569046,mid_high,1,0.377899653354948,0.012358786040417112,0.6091575600041045,5.840006005303471e-4
172002,mid_high,1,0.2689031096885539,0.1203381312486362,0.6107587590628099,0
172003,mid_high,1,8.678384446195655e-4,0,0.9991321615553804,0
172004,mid_high,1,0.07644109922668414,0.04732335377102555,0.8762355470022903,0
172005,mid_high,1,0.0031101828271050008,0.005748913570010108,0.9911409036028849,0
172009,mid_high,1,0.1376273970291065,0.16202294314145127,0.7003496598294422,0
172010,mid_low,1,0.20341105387671135,0.49132864698285317,0.30526029914043545,0
172011,mid_high,1,0.19128288836423168,0.037351008617887003,0.7713661030178813,0
172012,extensive,1,0.9695040332699522,0,0.03049596673004784,0
172013,mid_high,1,0.26202598775861996,0.01605518392156331,0.7219188283198167,0
172014,mid_high,1,1.614415509743625e-4,0.11685882260030259,0.882979735848723,0
172015,mid_high,1,0.065155168886941,0.32930621113598885,0.6055386199770701,0
172016,mid_low,1,0.07252805117415133,0.46621994937120265,0.461251999454646,0
172017,extensive,1,0.6581895013771607,0.17808825279021012,0.16372224583262912,0
172019,mid_high,1,0.021508585244594244,0.0010246037575602604,0.9774668109978455,0
172021,mid_high,1,0.22003324272750818,0.0067075820478363305,0.7732591752246555,0
172022,mid_low,1,0.21627414735365905,0.46644155115183317,0.31728430149450776,0
172023,extensive,1,0.47309368659134227,0.144679944714846,0.38222636869381177,0
172024,mid_high,1,0,0.2511489490794844,0.7488510509205156,0
172025,extensive,1,0.4935104650107618,0.34004961446338067,0.16643992052585754,0
172026,mid_high,1,0.14276942814979215,0.1294790094739479,0.7277515623762599,0
172030,mid_high,1,0.05878405254953895,0.02797747039571767,0.9132384770547434,0
172031,mid_low,1,0,0.5231023649776382,0.4768976350223618,0
172032,mid_high,1,0.2611635867185611,8.989698749144359e-4,0.7379374434065245,0
172034,mid_high,1,0.10324741809759172,0.2523216264533991,0.6444309554490092,0
172035,mid_high,1,0.10314026143144174,0.20465208405334495,0.6922076545152133,0
172036,extensive,1,0.520229734561809,0.058463140367003355,0.42130712507118767,0
172038,mid_low,1,0.046092422143599446,0.8685481121278655,0.08535946572853499,0
172039,mid_low,1,0.43006464565674934,0.45742299521936564,0.11251235912388499,0
172040,mid_low,1,0.31035388698638283,0.5548433618308021,0.13480275118281507,0
172041,mid_high,1,0.19243433810676483,0.3411657698144726,0.46639989207876253,0
172042,extensive,1,1,0,0,0
172044,extensive,1,0.9465800719102921,0.05341992808970782,0,0
172045,extensive,1,0.6265445542650754,0.060842153365136466,0.3126132923697882,0
172046,extensive,1,0.9296127431342612,0.039353013698030806,0.031034243167707982,0
172047,extensive,1,0.7055530414409042,0.11611690005656868,0.17833005850252712,0
172048,mid_high,1,0.16867772946267195,0.13633557245705366,0.6949866980802744,0
172063,mid_high,1,0.18387134676268976,0.08734505266925394,0.7287836005680564,0
172050,mid_low,1,0.30620646642621696,0.47579308259849645,0.2180004509752866,0
172051,extensive,1,0.9040468500440155,0,0.0959531499559845,0
172053,mid_low,1,0.40119231437739195,0.4053603559121165,0.19344732971049158,0
172054,extensive,1,0.7053078963946093,0.017613118449961874,0.2770789851554288,0
579002,intensive,1,0,0,0.4710476341329001,0.5289523658670999
579003,intensive,1,6.124919378204801e-5,0,0.3998948188242605,0.6000439319819575
579005,mid_high,1,0,0,0.5450005742447751,0.4549994257552249
579006,mid_high,1,0,0,0.6552755475884614,0.3447244524115386
579008,mid_high,1,0,0,1,0
579009,mid_high,1,0,0,0.9899934483510784,0.010006551648921658
579010,mid_high,1,0,0,0.9687277117388171,0.031272288261182876
579011,mid_high,1,0.02653033033206592,0,0.8097769770998563,0.1636926925680778
579012,intensive,1,0,0,0.39291203883161885,0.6070879611683812
579013,intensive,1,0.054396431325464525,0.005353098831217159,0.429917510909664,0.5103329589336543
579014,mid_high,1,0,0,1,0
579015,intensive,1,0.0155763986445115,0,0.3050572567692601,0.6793663445862284
579016,intensive,1,0,0,0.03225658601954936,0.9677434139804506
579019,mid_high,1,0,0,0.6558011706348201,0.34419882936517987
579020,mid_high,1,0.008996077691297,0,0.653772105248836,0.33723181705986705
579022,intensive,1,0,0,0.10834737221481211,0.891652627785188
579023,intensive,1,0,0,0.28713140286324745,0.7128685971367525
579025,mid_high,1,0.4392727764905449,0,0.5607272235094551,0
579026,mid_high,1,0.008305738406652103,0,0.9173165745866669,0.07437768700668092
579027,intensive,1,0,0,0.4838225477130916,0.5161774522869085
579028,mid_high,1,0.0371945935536093,0,0.6164503597517991,0.34635504669459166
579029,intensive,1,0,0,0.04194511640100106,0.9580548835989989
579030,mid_high,1,0.0978407742872018,0,0.8938530241464401,0.008306201566358145
579031,mid_high,1,0,0,1,0
579032,mid_high,1,0.2371057229059459,0.05707717043528328,0.7031167822520064,0.0027003244067644165
579033,mid_high,1,0.2735201318884947,0,0.7264798681115052,0
579034,intensive,1,0.004511277659913388,0,0.3185481769372597,0.6769405454028269
579035,mid_high,1,0.30738494120787696,0.2812400658594306,0.4113749929326924,0
579036,intensive,1,0.001018315846149829,0,0.35797415890126527,0.6410075252525849
579037,extensive,1,0.7269134384616035,0.005617493876910831,0.26678555307927604,6.83514582209677e-4
579054,mid_high,1,0.14524632177555888,0.1675403221418676,0.6872133560825735,0
579039,intensive,1,0,0,0.4762611209800642,0.5237388790199358
579040,mid_high,1,0.0050804252666926605,0,0.6078328415416893,0.3870867331916181
579041,mid_high,1,0.13134542876787586,0.04492368719596441,0.8234006456419155,3.302383942442663e-4
579042,mid_high,1,0.0049387386498195,0,0.7877549312637951,0.2073063300863853
579043,mid_high,1,0,0,1,0
579044,mid_high,1,0.34288092280577476,0.049400568577514785,0.42662573863026176,0.1810927699864487
579045,mid_high,1,0,0,0.6246376475804621,0.37536235241953786
579046,intensive,1,0,0,0.11101000217237936,0.8889899978276207
579047,extensive,1,0.6687719462420277,0.012609776958638925,0.31527930938219867,0.003338967417134631
579049,mid_high,1,0.0075435172577715485,0,0.581688381757537,0.41076810098469146
579050,mid_high,1,0.26465663110470133,0.006121292714474973,0.4279569056952177,0.30126517048560597
579051,intensive,1,0.04826460003734248,0,0.41679029509381654,0.534945104868841
579055,mid_high,1,0,0,0.6727014365988678,0.3272985634011322
147003,mid_high,1,0,0,0.6674039480232833,0.33259605197671666
147004,mid_high,1,0.010665460665388595,0,0.8829246157916045,0.1064099235430069
147005,mid_high,1,0,0,0.9999374459677127,6.255403228724315e-5
147006,intensive,1,0.0018646963364428522,0,0.34956840169538655,0.6485669019681706
147007,intensive,1,0,0,0.32674455913424383,0.6732554408657562
147008,mid_high,1,0.04348808565528328,0.00523812644368574,0.5793668103993435,0.3719069775016875
147009,intensive,1,0,0,0.3810252480739208,0.6189747519260792
147011,mid_high,1,0,0,0.6741363710830972,0.3258636289169028
147012,mid_high,1,0.030887986178716898,0,0.49938131615538806,0.46973069766589504
147013,intensive,1,0.05013531583121911,0,0.42945628284769805,0.5204084013210829
147015,mid_high,1,3.713066229059279e-4,0,0.6340953794229209,0.36553331395417316
147016,intensive,1,0.021954029481776983,0,0.40274867893901267,0.5752972915792104
147017,mid_high,1,0.28166300230216157,0.04681672961425628,0.6715202680835821,0
134126,extensive,0.9999613287459949,0.825523260108561,0.003952171929408619,0.1705245679620303,0
134127,extensive,0.9999511678200114,0.5597648740184974,0.05176024263251731,0.3884748833489853,0
134005,mid_high,1,0.12268367033650066,0,0.8773163296634994,0
134006,intensive,1,0.004025787082896148,0,0.46244612374539423,0.5335280891717096
134007,mid_high,1,0.01399807678182139,0,0.6776917152110589,0.3083102080071197
134003,mid_high,1,0.029308999277850186,0.027235324494475115,0.9434556762276747,0
134004,mid_high,1,0.09482427189213026,0.017767856549930846,0.8874078715579389,0
134002,mid_high,1,0.0673617439664029,0,0.9270257682973765,0.0056124877362206
134008,intensive,1,0,0,0.3259023228644597,0.6740976771355403
134015,mid_high,1,0.09253847556920226,0.031308100920644,0.8761534235101538,0
134009,intensive,1,0,0,0.4117669144266134,0.5882330855733866
134014,mid_high,1,0.0037924687806692213,0.01287872972671209,0.9833288014926187,0
137059,mid_high,1,0.24522444164633342,0.0020849329117176634,0.7526906254419489,0
134017,mid_high,1,0.05270710695077042,0,0.89345390551167,0.05383898753755951
137060,mid_high,1,0.20655230497450636,0.006917845496012471,0.7865298495294811,0
134013,mid_high,1,0.008461372869825406,0,0.5273934377350978,0.46414518939507676
134016,mid_high,1,0.09269328790384648,0,0.8593045643459902,0.048002147750163246
134021,mid_high,1,0,0,0.9907100952794744,0.009289904720525573
134012,mid_high,1,0,0,0.8765532193521187,0.12344678064788132
137061,mid_high,1,0.10325571150945083,0.005678237480799174,0.89106605100975,0
134022,mid_high,1,0,0,0.65584890915552,0.34415109084448003
163071,mid_high,1,0.006687642785661999,0,0.7761565052838306,0.21715585193050743
134023,mid_high,1,0.03366839119860415,0,0.8917283044558136,0.07460330434558224
134011,mid_high,1,0,0,0.5577472286283427,0.4422527713716573
134019,intensive,1,0,0,0.24538463542131292,0.754615364578687
134024,mid_high,1,0.011001648330994986,0,0.988998351669005,0
134020,intensive,1,0.0019856912047166676,0,0.2660557276195258,0.7319585811757575
134025,mid_high,1,0,0,0.8567048300033779,0.14329516999662206
134010,mid_high,1,0.03089915377854749,0.0017946851456754954,0.5610435065544216,0.40626265452135546
163101,intensive,1,0,0,0.37173161054354814,0.6282683894564518
134018,intensive,1,0,0,0.05380685252167607,0.946193147478324
163070,intensive,1,0,0,0.23851721983652396,0.761482780163476
137048,intensive,1,0.012034413905526505,0,0.341166812465648,0.6467987736288255
137062,mid_high,1,0,0,0.8530874298568106,0.1469125701431894
163078,mid_high,1,0,0,0.7407238938047176,0.2592761061952824
134031,intensive,1,0,0,0.20827464301752832,0.7917253569824717
134038,mid_high,1,0,0,0.9994441528095429,5.55847190457058e-4
137049,intensive,1,0.008451891655594545,0,0.17514742292515917,0.8164006854192463
163100,intensive,1,0,0,0.324848318351915,0.675151681648085
137050,intensive,1,0.007998360474877746,0,0.1762262735277392,0.8157753659973831
134125,mid_high,1,0.09305975536853234,0,0.6553831893609646,0.25155705527050304
134026,mid_high,1,0.036258855703892964,0,0.963741144296107,0
137051,intensive,1,0,0,0.4412248656518768,0.5587751343481232
134033,mid_high,1,0,0,0.6327463202247606,0.36725367977523937
163075,mid_high,1,0.1271594479449994,0,0.87228829241367,5.522596413305675e-4
163079,intensive,1,0,0,0.3951596044901306,0.6048403955098693
137052,mid_high,1,0,0,1,0
163099,intensive,1,0,0,2.6400796534716806e-4,0.9997359920346528
134131,mid_high,1,0,0,0.9004448851997543,0.0995551148002457
137053,intensive,1,0,0,0.2434106496419406,0.7565893503580594
134027,mid_high,1,0,0,0.8286214359907548,0.17137856400924517
163074,mid_high,1,0.005143843602515218,0,0.775767141934108,0.21908901446337678
134034,mid_high,1,0,0,0.9815055427331617,0.018494457266838304
137063,mid_high,1,0,0,0.8707644028310747,0.12923559716892535
163098,intensive,1,0,0,7.876990435745247e-4,0.9992123009564254
137054,intensive,1,0,0,0.09814011332093217,0.9018598866790678
163069,mid_high,1,0.013609119791309634,0.041227945062766384,0.5590793320936208,0.3860836030523032
137045,intensive,1,0,0,0.48998670602040634,0.5100132939795936
137046,mid_high,1,0,0,0.7347226327534627,0.2652773672465373
134035,mid_high,1,0,0,0.8245747194822522,0.17542528051774772
134039,mid_high,1,0.0010282034911523934,0,0.8845573333143539,0.11441446319449372
137055,intensive,1,0.0033484342940522647,0,0.11828128023184652,0.8783702854741012
163080,intensive,1,0,0,0,1
137047,mid_high,1,0,0,0.9809798115744729,0.019020188425527083
134028,intensive,1,0,0,0.38874760916244366,0.6112523908375563
163097,intensive,1,0,0,0.01151761822648739,0.9884823817735127
134124,mid_high,1,0.031878192419008314,0.3376624136378181,0.6304593939431735,0
134041,mid_high,1,0.012305655842756053,0,0.9023195869256194,0.08537475723162458
163076,intensive,1,0.11177827577688369,0,0.21355170522991343,0.6746700189932029
137064,mid_high,1,0.021750595532265823,0,0.7266027563705518,0.2516466480971823
163081,intensive,1,0,0,0,1
163096,intensive,1,0,0,0.005894093685103422,0.9941059063148966
134040,mid_high,1,0.0033196975775004246,0,0.884083939714444,0.1125963627080556
134042,mid_high,1,0.015152103890334171,0,0.694079817925978,0.29076807818368794
163077,intensive,1,0,0,0,1
137056,intensive,1,0,0,0.04961134125212877,0.9503886587478713
137036,intensive,1,0,0,0.15569545983901645,0.8443045401609836
163095,intensive,1,0,0,0.07681776272017785,0.9231822372798222
134050,mid_high,1,0.05128167743861341,0,0.91292909491851,0.035789227642876495
134051,intensive,1,0,0,0.4573837961823502,0.5426162038176497
137037,intensive,1,0,0,0,1
134043,mid_high,1,0,0,0.6871324713072554,0.31286752869274453
163082,intensive,1,6.644613800522455e-4,0,0.09240110201678488,0.9069344366031629
137038,intensive,1,0,0,0.06435610739406897,0.9356438926059311
137057,intensive,1,0,0,0.1313150758266177,0.8686849241733823
134049,mid_high,1,0.03568205826542501,0.008920514566356253,0.9553974271682187,0
163068,intensive,1,0,0.003300137286279652,0.41139564347032836,0.5853042192433919
134052,intensive,1,0.002554745269922266,0.0036332456025973928,0.2229906814370561,0.7708213276904242
137039,intensive,1,0,0,0.0876316233849367,0.9123683766150633
163094,intensive,1,0,0,0.19416809150717732,0.8058319084928227
134059,mid_high,1,0,0,0.8116629640671789,0.18833703593282114
163083,mid_high,1,0,0,0.9979822392019079,0.002017760798092088
134044,intensive,1,0,0,0.23767820404803022,0.7623217959519698
137040,intensive,1,0.006123071124902417,0,0.31918872263689346,0.6746882062382041
163084,mid_high,1,0,0,1,0
134053,intensive,1,0,0,0.397627934159009,0.602372065840991
137058,intensive,1,0.021118264258543386,0,0.1540056311932043,0.8248761045482523
134048,mid_high,1,0,0,0.9045760975481903,0.09542390245180966
163067,mid_high,1,0.09389672332800002,0.006902526779370226,0.5319647286425997,0.36723602125003013
163093,intensive,1,0,0,0.03122725636916219,0.9687727436308378
134058,mid_high,1,0,0.001872210043964906,0.9637164913149311,0.03441129864110397
137023,intensive,1,1.9228047171342176e-4,0,0.0549717894676292,0.9448359300606574
163066,mid_high,1,0.02362553646177912,0.014251900484273144,0.5488356408911643,0.41328692216278345
137041,intensive,1,0.003788581330512862,0,0.10166756232053717,0.89454385634895
163085,mid_high,1,0,0,0.969679878951702,0.030320121048297902
134057,intensive,1,0,0,0.1581096631116367,0.8418903368883633
163086,mid_high,1,0,0,0.6266092650377691,0.3733907349622308
134047,intensive,1,0,0,0.34071549592665085,0.6592845040733492
137020,intensive,1,0.32040655335073254,0.015170320874570526,0.22289421364866974,0.4415289121260272
163065,mid_high,1,0.30685393530978183,0.0016522254546714361,0.6914938392355467,0
163050,mid_high,1,0.011286070877535996,0,0.5374668992908772,0.45124702983158677
137042,intensive,1,0.004496459416211108,0,0.23535004871707035,0.7601534918667185
163092,intensive,1,0,0,0.0648479019700763,0.9351520980299237
163091,intensive,0.9999993218527221,0.013346465706898122,0,0.2770619939029431,0.7095915403901588
137033,mid_high,1,0.1164961688211232,0.010467802340360589,0.6353866418350859,0.23764938700343038
137025,intensive,1,0,0.042959082289069125,0.10916203675477615,0.8478788809561547
134046,intensive,1,0,0,0.2642094112860284,0.7357905887139716
134060,intensive,1,0,0,0.1506779333959049,0.8493220666040951
163104,mid_high,1,0.030398143876356015,0,0.9692995647334207,3.022913902232945e-4
163087,mid_high,1,3.134984886689939e-4,0,0.8761515390244914,0.12353496248683965
163049,intensive,1,0.011709789712597188,0,0.34651562108552647,0.6417745892018764
134106,intensive,1,0.001343435572171728,0,0.17327002773536984,0.8253865366924584
163089,intensive,1,0,0,0.43354480286348024,0.5664551971365197
137019,intensive,1,0,0,0.33453855577799846,0.6654614442220016
163090,intensive,1,0,0,0.07605185697041097,0.923948143029589
163048,mid_high,1,0.04360409968211915,0,0.9563959003178808,0
137032,intensive,1,0.04754567142803085,0.006369561481522055,0.4209833605898217,0.5251014065006253
137022,mid_high,1,0.17461014410894296,0.09098859183775139,0.37314393292169934,0.3612573311316063
163063,intensive,1,0.0016601762576017012,0,0.33917021274614884,0.6591696109962495
134103,intensive,1,0,0,0.19152233789813122,0.8084776621018688
134105,intensive,1,0,0,0.3634211398400404,0.6365788601599596
134132,intensive,1,0.004109598240501885,0,0.23115390673281724,0.7647364950266808
134062,mid_high,1,0,0,0.9894657379241727,0.010534262075827323
134101,intensive,1,0,0,0.19523091208700893,0.8047690879129911
137031,mid_high,1,0.10035120759204515,0,0.6246917752387591,0.2749570171691958
137024,intensive,1,0,0,0.34454113853235113,0.6554588614676489
134104,intensive,1,0,0,0.37785246081380586,0.6221475391861941
134102,intensive,1,0,0,0.2640681729244988,0.7359318270755012
163088,mid_high,1,0.055605016383495645,0,0.7067777203392965,0.23761726327720778
134063,mid_high,1,0,0,0.7511587619130029,0.24884123808699707
137018,intensive,1,0.014419397823036691,0,0.17479557814911334,0.8107850240278499
163105,intensive,1,0.001071028923270886,0,0.3887707653970741,0.6101582056796551
134097,mid_high,1,0,0,0.6147811694271869,0.38521883057281314
134133,mid_high,1,0,0,0.677206732456684,0.32279326754331605
137026,mid_high,1,0,0,0.9238295978334735,0.0761704021665265
134064,mid_high,1,0.0018616642721038408,0,0.5585110948069016,0.43962724092099453
137021,intensive,1,0.011164854291034238,0,0.26682915246298994,0.7220059932459758
134099,mid_high,1,0,0,0.6376034944377047,0.36239650556229525
163041,mid_high,1,0.10430785297937592,0,0.8097982208776917,0.08589392614293234
137029,mid_high,1,0.11077870305040753,0.3512422592773301,0.5379790376722624,0
134066,mid_high,1,0.05657964663085185,0.008836232628158506,0.9345841207409896,0
163060,intensive,1,0,0,0.29926166122514847,0.7007383387748515
134123,intensive,1,0,0,0.4428189454662485,0.5571810545337516
163059,mid_high,1,0,0,0.99077519735445585,0.009224802645544157
137010,intensive,1,0.007977752533579376,0,0.28828749793062225,0.7037347495357984
134100,mid_high,1,0.03881187918741014,0,0.6382083228370221,0.32297979797556775
163045,mid_high,1,0.32991290716643745,0.06797024604759148,0.6021168467859711,0
163040,extensive,1,0.5267226139328862,0,0.4732773860671138,0
137011,intensive,1,0.03278552164272763,0,0.3305402198630249,0.6366742584942474
137030,mid_high,1,0.2923286615129009,0.0392113392114586,0.6684599992756406,0
137027,mid_high,1,0.3007603971995106,0,0.6992396028004895,0
134067,mid_high,1,0.10555156276645912,0,0.8944484372335408,0
134129,intensive,1,0,0,0.0014790806055196433,0.9985209193944804
163106,mid_high,1,0,0,0.712715039320323,0.287284960679677
137028,mid_high,1,0.12422588504658957,0.030923820045242634,0.8448502949081678,0
163042,mid_high,1,0.2645162842092794,5.380404265192939e-6,0.7354783353864554,0
163044,intensive,1,0,0,0.3114149713900512,0.6885850286099487
163051,mid_high,1,0.024571276780002742,0,0.544510899834686,0.4309178233853112
134096,intensive,1,0,0,0.11145561083519809,0.8885443891648019
163058,mid_high,1,0,0,0.9254970756655632,0.07450292433443682
137013,intensive,1,0,0,0.2449374433461183,0.7550625566538817
134068,mid_high,1,0.06984629859824096,0,0.9288608999912324,0.0012928014105266024
163052,mid_high,1,0,0,0.5341293125338457,0.46587068746615434
137009,mid_high,1,0.15835055963787767,0,0.8379829330886399,0.0036665072734824145
163107,intensive,1,0.00273232386543376,0,0.23787475462931432,0.759392921505252
70052,mid_high,1,0.13077386745597908,0.30476085793893826,0.5644652746050827,0
163038,intensive,1,0.16183432382629834,0,0.22326073233901989,0.6149049438346817
134098,intensive,1,0,0,0.007722166111623636,0.9922778338883763
163043,mid_high,1,0.06798598398427853,0.01011832870634324,0.7272290026094386,0.19466668469993964
70051,extensive,1,0.8736869538121783,0.03596963884111732,0.09034340734670433,0
70057,mid_high,1,0.0801507414376193,0.3561531551485462,0.5636961034138346,0
70050,extensive,1,0.8940114813123233,0.045080261045134754,0.06090825764254194,0
137008,intensive,1,0.0331344411200504,0,0.2835990515534629,0.6832665073264867
163108,intensive,1,0.026645236193548374,0,0.3043793372525576,0.668975426553894
134070,intensive,1,0.0011542593341472033,0,0.4106424939021046,0.5882032467637482
70063,mid_low,1,0.15997624608287636,0.5845388701739349,0.25548488374318873,0
163102,intensive,1,0.058415121107686895,0,0.3569741257802784,0.5846107531120347
137017,mid_high,1,0,0,0.5072665625234355,0.4927334374765645
163056,mid_high,1,0.4179143639252687,0.01610107354139117,0.5659845625333401,0
163053,intensive,1,0.006186595366619964,0,0.4268421892793145,0.5669712153540656
134094,intensive,1,0.005204609033295222,0,0.1688789338350565,0.8259164571316483
137012,intensive,1,0,0,0.16261469204314272,0.8373853079568573
134082,intensive,1,0,0,0.18599414352131588,0.8140058564786841
137004,intensive,1,3.435277607928738e-4,0,0.08042256860114895,0.9192339036380581
163109,intensive,1,3.983446723724617e-4,0,0.20812405819209182,0.7914775971355358
134093,intensive,1,4.8663280077219104e-4,0,0.24214331065004724,0.7573700565491805
163037,intensive,1,0,0,0.11737824129039631,0.8826217587096037
70040,mid_low,1,0.09157660687975516,0.5134487406512379,0.394974652469007,0
137005,intensive,1,0,0,0.008302165428176874,0.9916978345718231
134072,mid_high,1,0,0,0.5749618392064578,0.4250381607935422
163035,intensive,1,1.6086253868956345e-4,0,0.47574075856384185,0.5240983788974686
134083,mid_high,1,0,0,0.9060522805327167,0.0939477194672833
137014,intensive,1,0.0025052335623116317,0,0.2052370143542612,0.7922577520834272
134128,mid_high,1,0,0,0.8435750711839648,0.15642492881603517
70056,mid_low,1,0.2105667619023024,0.718252042975837,0.07118119512186064,0
163110,intensive,1,0,0,0.12842650845529338,0.8715734915447066
70065,mid_high,1,0.20678044610901958,0.39065289815211546,0.40256665573886496,0
137015,mid_high,1,0.10094893990301658,0.1324437427609505,0.7666073173360329,0
70049,extensive,1,0.5725447287476615,0.396181170658661,0.031274100593677565,0
70062,extensive,1,0.7692781671260627,0.23072183287393733,0,0
137006,intensive,1,0.008497218706538258,0,0.14376278862172204,0.8477399926717397
134091,intensive,1,0.01732961649484298,0,0.3379067137546663,0.6447636697504907
163061,mid_high,1,0.19173508671212777,0.22151683557805885,0.5867480777098134,0
70039,mid_low,1,0.2709887641063121,0.5384276102420762,0.19058362565161172,0
134081,intensive,1,0,0,0.21389998037014915,0.7861000196298509
70046,mid_low,1,0.1540621510038887,0.6284938656566201,0.21744398333949114,0
163032,intensive,1,0,0,0.3765942130102033,0.6234057869897967
134073,intensive,1,0,0,0.16301007797445058,0.8369899220255494
134111,intensive,1,0,0,0.1902102293713728,0.8097897706286272
163111,intensive,1,0,0,0.10514807238909775,0.8948519276109023
70045,mid_low,1,0.3763267586416023,0.5613272429825309,0.06234599837586677,0
134092,mid_high,1,0.05711832134435217,0,0.9320307316368842,0.01085094701876365
137007,intensive,1,0,0,0.3986817091195906,0.6013182908804093
70055,mid_high,1,0.032082439595744645,0.1387977371811348,0.8291198232231205,0
134122,mid_high,1,0.18367412679772177,0.08695805282864782,0.7293678203736305,0
70064,mid_high,1,0,0.009212189603029193,0.9907878103969708,0
163036,intensive,1,0,0,0.2740064382099536,0.7259935617900465
134109,mid_high,1,0,0,0.7219494672943251,0.278050532705675
137003,mid_high,1,0.11450489079389643,1.9097177790676988e-4,0.6779684764693518,0.20733566095884506
134084,mid_high,1,0.002258073782683032,0,0.5123615736461224,0.48538035257119455
134110,intensive,1,0,0,0.49963071041386115,0.5003692895861388
70061,mid_high,1,0.2666976947650533,0.14840651406334332,0.5848957911716034,0
163112,mid_high,1,0,0,0.763464725020365,0.23653527497963497
163031,intensive,1,0,0,0.12309713905984426,0.8769028609401558
163017,intensive,1,0.04307457501762057,0,0.27308245666286696,0.6838429683195125
134080,intensive,1,0,0,0.1488512213263411,0.8511487786736589
134118,mid_high,1,0,0,0.5970033084820923,0.40299669151790773
134121,mid_high,1,0.016013377877963815,0,0.6345270868281688,0.34945953529386736
70054,mid_high,1,0.18334189333746603,0.07443842849155848,0.7422196781709754,0
134079,mid_high,1,0,0,0.9934765258718581,0.006523474128141949
134074,mid_high,1,0,0,0.9971442197159484,0.0028557802840516082
70038,mid_high,1,0.24884719025687294,0.2135254895041841,0.537627320238943,0
163113,mid_high,1,0,0,0.7789964944238332,0.22100350557616677
134112,intensive,1,0,0,0.49749389805298944,0.5025061019470105
163033,intensive,1,0.004840390001080662,0,0.2715868099129624,0.7235728000859569
70048,mid_low,1,0.1664935798779592,0.7146131018611853,0.1188933182608555,0
70059,extensive,1,1,0,0,0
137002,intensive,1,0,0,0.19998897320220033,0.8000110267977997
163103,mid_high,1,0.13068342020047624,0,0.869002189080673,3.1439071885078495e-4
137001,intensive,1,0,0,0.11308322217082499,0.886916777829175
70044,mid_low,1,0.09665030225650169,0.5308988206650211,0.3724508770784771,0
134115,intensive,1,0,0,0.24527297930061412,0.7547270206993859
163024,extensive,1,0.5102278154165251,0.07955060361244784,0.41022158097102707,0
134085,intensive,1,0.009967289962085407,0,0.464270794294528,0.5257619157433866
163025,intensive,1,0.06185205987943926,0,0.29836816695060253,0.6397797731699582
134078,intensive,1,0,0,0.10061760780250022,0.8993823921974998
134117,intensive,1,0,0,0.11862964227508949,0.8813703577249106
70060,mid_high,1,0.30939619738248497,0.15178432215426063,0.5388194804632545,0
163030,mid_high,1,0.001152520997900503,0,0.9374967495079771,0.06135072949412237
70037,mid_high,1,0.43138252031148355,0.028119964984209652,0.5404975147043067,0
70058,extensive,1,0.9955864992577257,0.004413500742274294,0,0
134108,intensive,1,0,0,0.11975757185560854,0.8802424281443915
163018,extensive,1,0.7809162239025157,0,0.21908377609748425,0
70036,mid_high,1,0.12711287392297213,0.046355254198995825,0.826531871878032,0
70053,extensive,1,0.5516119311315155,0.05770994468260664,0.3906781241858779,0
134086,intensive,1,0,0,0.17250085024776088,0.8274991497522391
163023,extensive,1,0.5808945916422613,0.14381730614537117,0.27528810221236755,0
134090,mid_high,1,0.05539024122346737,0.07756582833510359,0.7319977654911034,0.13504616495032565
70043,extensive,1,0.92678797294901,0.07321202705098999,0,0
134113,intensive,1,1.374106483719317e-5,0,0.2373918398842339,0.762594419050929
70047,extensive,1,0.7407731514765994,0.024151766118648756,0.2350750824047519,0
134114,intensive,1,0.005501089585858183,0,0.23090108463090966,0.7635978257832322
134077,intensive,1,0,0,0,1
134087,intensive,1,0,0,0.08140661292350938,0.9185933870764906
70042,extensive,1,0.7951278150808504,0.1902119798176459,0.014660205101503664,0
150028,intensive,1,0.016853771445120586,0,0.16231382524874377,0.8208324033061356
134116,intensive,1,0.008673736107716126,0,0.16954727332164674,0.8217789905706372
163026,extensive,1,0.5768491325091181,0.08430271720879051,0.3388481502820914,0
163029,mid_high,1,0.009754918660617092,0,0.9902450813393829,0
134075,intensive,1,0,0,0.12613475368393337,0.8738652463160667
134089,intensive,1,0.0284798539676142,0,0.4399766441077478,0.5315435019246381
163019,extensive,1,0.7364424533396442,0,0.26355754666035575,0
150024,intensive,1,0,0,0.258375405661003,0.741624594338997
70041,mid_high,1,0.15917283683993075,0.15695049298038943,0.6838766701796798,0
134088,mid_high,1,0,0,0.5477243211244163,0.45227567887558373
134076,intensive,1,0,0,0.13542155465807168,0.8645784453419283
150034,intensive,1,0,0,0.022030336283210303,0.9779696637167897
163028,mid_high,1,0.003328390374584465,0,0.9966716096254156,0
163027,mid_high,1,0.4440386954708904,0.08112575100023878,0.4748355535288708,0
70034,extensive,0.9999269371780382,0.5730638621527463,0.018435966228486672,0.408500171618767,0
138036,mid_high,1,0.013308831301840475,0,0.5989550625592648,0.3877361061388947
150026,intensive,1,0.007516004336778114,0.01217163826451939,0.007711861412560372,0.9726004959861422
150035,intensive,1,0.10425720804880076,0.003980670724358819,0.33721220766109467,0.5545499135657458
70033,extensive,1,0.41821649749473006,0.21038378421367732,0.37139971829159263,0
138021,mid_high,1,0.37163780707204197,9.009172568306175e-5,0.5807180083780908,0.04755409282418414
138037,mid_high,1,0,0,0.6126997741219973,0.3873002258780028
70032,mid_low,1,0.1273807633321636,0.5054803378487176,0.3671388988191188,0
150029,intensive,1,0,0,0.17248881287541118,0.8275111871245888
163020,intensive,1,0.004283661088351335,0,0.32171105268324324,0.6740052862284054
70031,mid_low,1,0.380051217029624,0.5191973747153529,0.10075140825502314,0
150037,intensive,1,0.010464010078310515,0,0.48566363783044303,0.5038723520912465
70030,extensive,1,0.672834916777689,0.15712576892710833,0.1700393142952027,0
138029,mid_high,1,0.021936013205152524,0,0.9780639867948475,0
163022,mid_high,1,0.06151016483422419,2.0986140963685076e-5,0.593085791904282,0.3453830571205302
150027,intensive,1,0,0,0.26840595788702093,0.7315940421129791
138035,intensive,1,0,0,0.0020694494628404982,0.9979305505371595
70029,extensive,1,0.8482825970776668,0.1331754864372002,0.01854191648513297,0
138054,mid_high,1,0.1651519727055349,0,0.5072926171135912,0.3275554101808739
163015,intensive,1,0.15380439902207735,4.222537785466444e-7,0.3666543257412558,0.47954085298288834
150002,intensive,1,0,0,0.23358429319591537,0.7664157068040847
138023,intensive,1,0,0,0.3568313529696993,0.6431686470303006
70028,mid_high,1,0.033720095803517126,0.127255790206594,0.8390241139898889,0
163021,mid_high,1,0,0,0.5277839134603788,0.47221608653962127
70025,mid_high,1,0.07440102683112683,0,0.9255989731688732,0
163002,intensive,1,0,0,0.2893636491344133,0.7106363508655867
70035,mid_high,1,0.32281613328104997,0,0.67718386671895,0
138030,intensive,1,0,0,0.13816881394080885,0.8618311860591912
150039,intensive,1,0.0214084525141123,0,0.23176105884632567,0.746830488639562
163014,mid_high,1,0.25562347043623485,0,0.7437584888787283,6.180406850368604e-4
70027,mid_high,1,0.3109358618559488,0,0.6890641381440512,0
70026,mid_high,1,0.47415871471802906,0,0.5258412852819709,0
150004,intensive,1,0.011291698365292889,0,0.06852429869693825,0.9201840029377688
150033,mid_high,1,0.03624054817436317,0,0.9488867140637971,0.0148727377618397
138031,intensive,1,0.0031291671125610924,0,0.12358235853002529,0.8732884743574136
150014,mid_high,1,0,0,0.8065127334180292,0.1934872665819708
138034,intensive,1,0,0,0.010399622535732225,0.9896003774642678
70024,mid_high,1,0.19144668158559794,0.210810836937151,0.5977424814772511,0
138020,intensive,1,0.013563072005932974,0,0.1718540298993613,0.8145828980947057
138027,mid_high,1,0.16220906764989546,0,0.8228379739743573,0.014952958375747264
138032,intensive,1,0,0,0.13893494679600438,0.8610650532039956
150030,intensive,1,0.003064828052182572,0,0.14739046925791557,0.8495447026899019
163003,mid_high,1,7.253388936304253e-5,0,0.999927466110637,0
70023,mid_high,1,0.015274847629315266,0.02489501941232364,0.9598301329583611,0
150005,intensive,1,0,0,0.19062094788350734,0.8093790521164926
138041,mid_high,1,0.0029580479601929487,8.799361539400528e-4,0.8154261067183205,0.18073590916754648
138040,mid_high,1,0.06786269690230465,0.007838941966913178,0.8720837469250733,0.05221461420570889
138033,intensive,1,3.825057121472918e-4,0,0.10524246504353338,0.8943750292443193
138022,intensive,1,0,0,0.002016992341637746,0.9979830076583622
138038,intensive,1,0,0,0.2672201076577445,0.7327798923422555
138028,intensive,1,0,0,0.08948027446210176,0.9105197255378983
70022,mid_high,1,0.21197569036450586,0.2556685040230004,0.5323558056124937,0
138039,intensive,1,0,0,0.2984198314283814,0.7015801685716185
163004,mid_high,1,0.07222533547405177,0,0.8158456567646123,0.11192900776133596
163001,intensive,1,0.05843773793742119,0,0.3483465283908679,0.593215733671711
163007,mid_high,1,0.05611399563630873,0,0.9438860043636913,0
70021,mid_low,1,0.11640281892771226,0.826786105670223,0.05681107540206468,0
150003,mid_high,1,0,0,0.8939054559732146,0.10609454402678543
70019,mid_high,1,0.17579049865876936,0.18413223054935593,0.6400772707918747,0
150031,intensive,1,0.0550237087488374,0,0.4215916696101115,0.5233846216410512
150001,intensive,1,0.01759833305828377,0,0.4076984781560289,0.5747031887856874
70020,mid_low,1,0.06272167968457201,0.5239389158451279,0.4133394044703001,0
138024,intensive,1,0,0,0.2751661146619067,0.7248338853380932
150032,mid_high,1,0.10150085290079587,0,0.8349192111662328,0.06357993593297136
150038,intensive,1,0,0,0.1644850754678544,0.8355149245321456
70018,extensive,1,0.5505129760768213,0.44576171850979324,0.003725305413385544,0
163008,mid_high,1,0.040329291895769975,0,0.95967070810423,0
150006,mid_high,1,0,0,0.5839963167015968,0.41600368329840326
150009,mid_high,1,0.020781413616056447,0,0.9792185863839435,0
163006,mid_high,1,1.4054665569370232e-4,0.34105721922857996,0.6588022341157264,0
70017,extensive,1,0.7537188864015286,0.2221511610955957,0.024129952502875626,0
138058,intensive,1,0.17941001629890707,0.059282636646267026,0.31864471432107866,0.44266263273374723
150013,mid_high,1,0,0,0.6679161426944189,0.3320838573055811
150007,intensive,1,0.004753732047748455,0,0.2350179438401877,0.7602283241120639
70016,extensive,1,0.5746160902017682,0.06188997295117336,0.3634939368470584,0
138042,intensive,1,0,0,0.3128736960164688,0.6871263039835313
138025,mid_high,1,0,0,0.6612829693593172,0.3387170306406828
150015,mid_high,1,0.1338618556001322,0,0.8661381443998678,0
150012,mid_high,1,0,0,0.9017531775833587,0.09824682241664127
70015,extensive,1,0.8130834892394239,0,0.1869165107605761,0
70012,extensive,1,0.6557399031883042,0.24790850056083039,0.09635159625086544,0
70014,extensive,1,1,0,0,0
138026,intensive,1,0.015030602218029609,0,0.16833725744004363,0.8166321403419268
70013,extensive,1,0.8620062484142276,0.11107725247390664,0.026916499111865798,0
138019,intensive,1,0.09604710974360497,0.031441126051545726,0.4026126823468459,0.4698990818580034
150011,mid_high,1,0,0,1,0
163009,mid_high,1,0.04688873267130814,0.007346032420206122,0.9457652349084857,0
138051,intensive,1,0.004906498038357878,0,0.05718620266604052,0.9379072992956016
138052,intensive,1,0,0,0.0673614150638692,0.9326385849361308
138018,intensive,1,0,0,0.0046038427391804325,0.9953961572608195
131066,intensive,1,0.08085059690089848,0,0.21732132682368124,0.7018280762754203
138055,intensive,1,0,0,0,1
70011,extensive,1,0.4780963060762363,0.3440462974572652,0.1778573964664985,0
138053,mid_high,1,0.0342344531593303,0,0.6051562686812233,0.3606092781594464
131065,intensive,1,0.00420332761821135,0,0.13786027442466856,0.8579363979571201
150010,mid_high,1,0.0451212462176317,0.025841420425275725,0.9290373333570926,0
150016,mid_high,1,0.1307480061547306,0,0.8692519938452694,0
70001,extensive,1,0.8139026473060957,0.10380521100190208,0.08229214169200214,0
138043,mid_high,1,1.595045187771577e-4,0,0.7087517625460182,0.29108873293520454
70002,extensive,1,0.7814707256398751,0,0.21852927436012493,0
70010,extensive,1,0.5408308743737236,0.32280081642940583,0.13636830919687062,0
131064,intensive,1,0.010752336461491823,0,0.0653933859020693,0.9238542776364389
150017,mid_high,1,0,0,1,0
70003,extensive,1,0.6444348683319705,0.17622085007796562,0.17934428159006394,0
163012,intensive,1,0.011252266193469723,0,0.45834704683836114,0.5304006869681691
70009,extensive,1,0.5099469511553232,0.360219595276363,0.1298334535683138,0
150018,mid_high,1,0,0,0.711203361698368,0.28879663830163205
138017,intensive,1,0.00950665814317001,0.021182886267066287,0.32235211209059234,0.6469583434991714
138050,intensive,1,0.0032143185845275105,0,0.21304097652828213,0.7837447048871904
150023,mid_high,1,0,0.0020992821463232413,0.9938717469435857,0.004028970910091015
70004,mid_low,1,0.317116597870073,0.46626237060392184,0.21662103152600512,0
70008,mid_high,1,0.30954198814521505,0.09091770917582945,0.5995403026789555,0
138013,intensive,1,0,0,0.043016610084895567,0.9569833899151045
70005,mid_high,1,0.22097906820445873,0.20728515678111115,0.5717357750144302,0
131067,intensive,1,0.024063996982251253,0,0.1937246725832389,0.7822113304345099
138049,intensive,1,0.003981568913359853,0,0.15091478062475588,0.8451036504618843
70006,mid_high,1,0.08777290668907778,0.10831908140477603,0.8039080119061461,0
70007,mid_high,1,0.17997354011769465,0.004550293518375847,0.8154761663639295,0
131063,intensive,1,0.004402736302595623,0,0.14134052435800507,0.8542567393393993
138014,intensive,1,0,0,0.06912268583620435,0.9308773141637957
150019,mid_high,1,0,0,0.9989436101930804,0.0010563898069196128
163013,intensive,1,0.07444429935286924,0.08967306297040244,0.3078472527660171,0.5280353849107112
150022,mid_high,1,0,0,0.7382410956756644,0.2617589043243356
138015,mid_high,1,0,0,0.7469468330654228,0.2530531669345773
138044,mid_high,1,0.009206025966850457,0,0.9907939740331495,0
138005,mid_high,1,0.07803873162957674,0.06488505022266125,0.559628920483783,0.297447297663979
138048,intensive,1,0,0,0.4342324181861542,0.5657675818138458
138006,intensive,1,0,0,0.1820730311319043,0.8179269688680957
150020,mid_high,1,0.0021383496382218633,0.00867685280256649,0.9891847975592116,0
138016,mid_high,1,2.0930947270365774e-4,0,0.6548775072893035,0.3449131832379928
138047,mid_high,1,0,0,0.8713087347610934,0.12869126523890667
131071,intensive,1,0.03170528837506843,0,0.22764870223847275,0.7406460093864587
138007,intensive,1,0,0,0.3278262323861391,0.6721737676138609
138008,intensive,1,0,0,0.4159830346468448,0.5840169653531552
131061,intensive,1,0.014945856152842912,0,0.1203618473950079,0.8646922964521492
138009,intensive,1,0,0,0.02191788036130508,0.978082119638695
131043,extensive,1,0.6206403710307293,0,0.3793596289692706,0
138010,intensive,1,0,0,0.03474536135438973,0.9652546386456102
150021,mid_high,1,0.026114586594511043,0.004439274674351177,0.697573488920315,0.27187264981082276
138046,intensive,1,0.009211662771180495,0,0.4169019696061748,0.5738863676226447
138004,intensive,1,0,0,0.008461016079100348,0.9915389839208997
138001,mid_high,1,0.015771251115666848,0,0.560406587223404,0.42382216166092923
131069,intensive,1,0.029777297552150413,0,0.20796701515666202,0.7622556872911875
131057,intensive,1,0.008514574652255236,0,0.10235256323646616,0.8891328621112786
138045,mid_high,1,0.22935367727179537,0,0.669399938927048,0.10124638380115662
131049,mid_high,1,0.32546118213177,0.03033222551806648,0.6442065923501635,0
138002,intensive,1,0.001406524880792118,0,0.16777950153832527,0.8308139735808826
131070,mid_high,1,0.13548972454404454,0,0.5871882953411164,0.2773219801148391
131045,intensive,1,0.0026369628232429843,0,0.11595352405458084,0.8814095131221762
131042,mid_high,1,0.1568820023702612,0.006657684154500422,0.7257150800516359,0.11074523342360246
131051,mid_high,1,0.09657282832465873,0,0.6095920098682306,0.2938351618071107
138003,intensive,1,4.687024089746258e-4,0,0.1844781258086645,0.8150531717823609
138012,intensive,1,7.195140415880948e-4,0,0.2099943086677246,0.7892861772906873
131044,intensive,1,0.0034434999505538913,0,0.07215394620034837,0.9244025538490978
131041,mid_high,1,0.04809468497160525,0.03543042004602588,0.9164748949823689,0
128019,intensive,1,0.04198887086826047,0,0.18319668407174045,0.7748144450599991
128018,intensive,1,0.06513509311181262,0,0.07625941727858866,0.8586054896095987
131040,intensive,1,0,0,0.38841691887215557,0.6115830811278444
128026,intensive,1,0.0434020632135083,0,0.41889593907121525,0.5377019977152764
128083,intensive,1,0,0,0.11374034096314915,0.8862596590368509
131050,intensive,1,0.020017567391413905,0,0.36402720632055513,0.6159552262880309
131039,intensive,1,0,0,0.19306888302696412,0.8069311169730359
128027,intensive,1,0.025316894248742856,0,0.20125694314634007,0.773426162604917
131038,intensive,1,0.029789559175580002,0,0.17855085647600846,0.7916595843484115
128028,intensive,1,0.003732338040983294,0,0.1257278218696517,0.870539840089365
131053,intensive,1,0.027594968312589625,0,0.25848988422974695,0.7139151474576635
131052,mid_high,1,0.11091153422206204,0,0.6141724543229403,0.2749160114549976
131037,intensive,1,0.014794742211210557,0,0.15076340594010246,0.834441851848687
133042,intensive,1,0.002120004994718382,0,0.260037320934481,0.7378426740708006
133041,intensive,1,0.024270967490588824,0,0.1188073243283648,0.8569217081810464
128048,mid_high,1,0.39512431663518677,0.03311645123581755,0.5717592321289957,0
128049,mid_high,1,0.39337859865240005,0.04087288734660524,0.5657485140009947,0
133040,intensive,1,0.036340339366107505,0,0.3106322670635793,0.6530273935703131
131014,mid_high,1,0.11624072352777316,0,0.8837592764722269,0
128016,intensive,1,0.022502423380192208,0,0.15546581278946067,0.8220317638303472
133039,mid_high,1,0.055158920468223745,0,0.49856087214879646,0.4462802073829798
131034,intensive,1,0,0,0.40632309462390626,0.5936769053760937
128030,intensive,1,0.026514027563014242,0,0.20331326545828862,0.7701727069786971
131028,extensive,1,0.5257788812528461,0.003930884973332415,0.47029023377382145,0
128050,mid_high,1,0.003357261618787044,0,0.996642738381213,0
131027,intensive,1,0,0,0.46518269412628904,0.534817305873711
128017,intensive,1,0.010204136805516397,0,0.13327651172744315,0.8565193514670405
128025,extensive,1,0.4750844014433522,0.13891909738152933,0.3859965011751186,0
131035,intensive,1,1.392134363140784e-4,0,0.2276669700785099,0.772193816485176
131025,mid_high,1,0.30873527576540843,0,0.6912647242345915,0
133037,mid_high,1,0.007038195009011799,0,0.5887933661722948,0.40416843881869335
133038,mid_high,1,0,0,0.9696665997674164,0.030333400232583543
128014,mid_high,1,0.1915211152275308,0,0.7500269949680859,0.05845188980438328
131026,intensive,1,0,0,0.05418505337930453,0.9458149466206954
131024,mid_high,1,0.029257449028228806,0,0.9707425509717712,0
131029,intensive,1,0,0,0.27082169216949303,0.729178307830507
131031,intensive,1,0,0,0.449281743117017,0.550718256882983
133035,intensive,1,0,0,0.10677056537097372,0.8932294346290263
133034,intensive,1,0,0,0.34254068860685316,0.6574593113931468
128024,mid_high,1,0.3603992059856993,0.13253996982661745,0.5070608241876832,0
128074,mid_high,1,0.035106447972869825,0,0.9648935520271301,0
133049,intensive,1,0,0,0.25302334865384757,0.7469766513461524
131032,intensive,1,0,0,0.30352394076626893,0.6964760592337311
133036,mid_high,1,0,0,0.5601758872114436,0.4398241127885564
128029,mid_high,1,2.9428507581446525e-4,0,0.5252795784406662,0.47442613648351933
131023,mid_high,1,0,0,1,0
131030,intensive,1,0,0,0.042060296517712883,0.9579397034822871
128077,mid_high,1,0.0162238017257729,0,0.6995878787440493,0.28418831953017787
128075,mid_high,1,0.0353510579188773,0,0.9504132144215673,0.014235727659555384
128022,intensive,1,5.5726104680375995e-5,0,0.2601715719990692,0.7397727018962504
133033,intensive,1,0,0,0.06020161945378086,0.9397983805462191
128047,mid_high,1,0.13326228862899897,0.0173917295417778,0.6874741613180008,0.16187182051122243
133046,intensive,1,0,0,0.3432324072750382,0.6567675927249619
128076,mid_high,1,0.10172200580812678,0.023055558725050697,0.8632235566441775,0.01199887882264502
128015,mid_high,1,0.21396944168037466,0,0.628459297162188,0.15757126115743741
131013,intensive,1,0,0,0.03633753547341991,0.9636624645265801
131015,mid_high,1,0,0,1,0
128072,mid_high,1,0.008752388954036643,0,0.5011987391948031,0.49004887185116036
131017,mid_high,1,0.008208152083303454,0,0.6072894295687326,0.384502418347964
128005,intensive,1,0.037421490524189645,0,0.281602228142047,0.6809762813337633
131018,intensive,1,0.0553092946692845,0,0.3039178225189065,0.640772882811809
131009,intensive,1,1.0640343958159944e-4,0,0.03642776993800018,0.9634658266224182
133029,mid_high,1,0.16123959384990363,0.07700190233412531,0.7617585038159711,0
133045,mid_high,1,0.1295306770993413,0.02917510096631488,0.8412942219343439,0
128080,mid_high,1,0.02584220783944927,0,0.9741577921605508,0
128046,intensive,1,0,0,0.39114391889750244,0.6088560811024976
128084,intensive,1,0,0,0.3387206189459751,0.661279381054025
128006,intensive,1,0.09514310300443367,0,0.14625396283745812,0.7586029341581082
128032,intensive,1,7.379523331092559e-5,0,0.09269627589922783,0.9072299288674612
128044,mid_high,1,0.08261918244918091,0,0.7020806194963051,0.21530019805451406
131008,intensive,1,0,0.005781871967798599,0.4505430464864334,0.543675081545768
133028,extensive,1,0.5438300961631719,0,0.4561699038368281,0
131004,intensive,1,0,0,0.013225331928057308,0.9867746680719427
133032,intensive,1,0,0,0.4604508555721891,0.5395491444278109
128021,mid_high,1,0.017524549903473064,0,0.813193497453469,0.16928195264305787
131012,mid_high,1,0.06998536157297451,0,0.8495001900171522,0.08051444840987328
133031,intensive,1,0,0,0.37529451635107836,0.6247054836489216
130027,intensive,1,0,0,0.23623988285714315,0.7637601171428569
131010,intensive,1,0,0,0.07566751659303105,0.9243324834069689
128073,mid_high,1,0.0048996686238675395,0,0.5744942705273152,0.4206060608488173
128023,intensive,1,0,0,0.15335556673421952,0.8466444332657804
128070,mid_high,1,0.05603478217443951,0,0.9140705048770091,0.02989471294855136
131019,intensive,1,0.011126984638789516,0,0.19177857409842403,0.7970944412627865
128085,intensive,1,0.00796995731675486,0,0.21490350557274607,0.7771265371104991
133050,mid_high,1,0.4095272527509929,0.013055205304277567,0.5774175419447295,0
128004,intensive,1,0.004855914703565079,0,0.14667309166617917,0.8484709936302557
130028,mid_high,1,0,0,0.5281048648280687,0.4718951351719312
128071,intensive,1,0,0,0.2266308617467288,0.7733691382532711
128033,intensive,1,0,0,0.06800729836995667,0.9319927016300433
131011,intensive,1,0,0,0.17369297823113514,0.8263070217688648
128041,intensive,1,0,0,0.005363070039733225,0.9946369299602668
131007,intensive,1,0,0,0.10740167857894034,0.8925983214210597
131016,mid_high,1,0.00900372662507418,0,0.5782163916863106,0.41277988168861524
133027,extensive,1,0.6560174769400998,0.0014970064186873718,0.34248551664121285,0
128086,intensive,1,0,0,0.15511350712965027,0.8448864928703497
133051,mid_high,1,0,0,0.6117223235208252,0.38827767647917477
131005,intensive,1,0,0,0.214699852329899,0.785300147670101
128043,intensive,1,0.00556623858023509,0,0.08112961343754306,0.9133041479822218
128087,mid_high,1,0,0,0.6798828213551108,0.32011717864488914
130029,intensive,1,0.0015017130779270283,0,0.3106388425778809,0.6878594443441921
128008,intensive,1,0.0020427260596951424,0,0.16835848759118827,0.8295987863491165
133048,mid_high,1,0.1020636771964698,0,0.7641080668705721,0.13382825593295813
128066,intensive,1,0,0,0.06447606588605113,0.9355239341139489
130022,intensive,1,0.010454851429026033,0,0.2640568809876358,0.7254882675833382
131003,intensive,1,0,0,0.23207590950852472,0.7679240904914753
128034,intensive,1,0.012812366469890432,0,0.336789489526557,0.6503981440035526
128067,intensive,1,0.00726806448633823,0,0.08163732516977985,0.911094610343882
130023,intensive,1,0.008246769487288856,0,0.3128033111444716,0.6789499193682396
128002,mid_high,1,0.05098679753671635,0,0.5338275453463621,0.41518565711692157
128038,intensive,1,0,0,0.12717833301839457,0.8728216669816055
133026,intensive,1,0,0,0.20567763618772408,0.79432236381227594
128068,intensive,1,0,0,0.03079523397987857,0.9692047660201214
133047,intensive,1,0.004164766536554183,0,0.21816762641572188,0.777667607047724
133007,mid_high,1,0.14432293166979082,0.0025031535240892964,0.6464008727206644,0.20677304208545555
130024,intensive,1,0.023318736747080324,0,0.22183825396046056,0.7548430092924592
128001,mid_high,1,0.23089526277786804,0.001586726131657222,0.7675180110904748,0
133023,intensive,1,0.010979573752743147,0,0.2815470440172003,0.7074733822300565
128079,intensive,1,0.005379177586666743,0,0.06737008977428376,0.9272507326390496
133044,mid_high,1,0.018254374485562597,0,0.5754913595567155,0.40625426595772196
128063,mid_high,1,0.08868588633906274,0,0.6447336618667401,0.2665804517941972
128069,intensive,1,0,0,0.11722918316577365,0.8827708168342263
128039,intensive,1,0,0,0.06120029738911941,0.9387997026108806
133024,intensive,1,0,0,0.039870752346955925,0.9601292476530441
131002,intensive,1,0.006118226915831688,0,0.2025077635832833,0.791374009500885
131001,intensive,1,0,0,0.1603490959052418,0.8396509040947582
133018,mid_high,1,0,0,0.7430384864441073,0.25696151355589275
133006,mid_high,1,0.04438197273893596,0.04479442776724454,0.9108235994938195,0
162033,mid_high,1,0.003062486037207507,0,0.9969375139627925,0
128064,mid_high,1,0,0,0.5527181467942749,0.44728185320572506
133043,intensive,1,0,0,0.17164483939211375,0.8283551606078863
130017,intensive,1,0,0,0.21544715604606468,0.7845528439539353
128040,intensive,1,0,0,0.15704607594727302,0.842953924052727
133014,intensive,1,0,0,0.2856251610315109,0.7143748389684891
162030,mid_high,1,0.03066391788229822,0.01840570321580206,0.9468448565538605,0.0040855223480391455
133016,intensive,1,0,0,0.24748162140828303,0.752518378591717
128011,intensive,1,0.024715354998248236,0.00265209145685055,0.24579561360295352,0.7268369399419476
162034,mid_high,1,0.22170654587785227,0.047135106915940625,0.6619427857609321,0.06921556144527499
133022,intensive,1,0,0,0.15378045202759985,0.8462195479724002
128007,intensive,1,0.08365841436930171,0.006984849968424884,0.2483388442912493,0.6610178913710241
128060,intensive,1,0.057145286322458626,0,0.20594868640643557,0.7369060272711058
128065,intensive,1,0,0,0.04288322809501503,0.957116771904985
133005,mid_high,1,0.09118284490153139,0,0.7642679737568551,0.1445491813416136
162032,mid_high,1,0.019729516376635108,0.008798233476106558,0.6545771575234965,0.31689509262376175
133021,mid_high,1,0,0,0.5994100752185194,0.40058992478148064
162027,mid_high,1,0.02914803649470168,0.0010289841774649832,0.9458522800676885,0.023970699260144796
128013,intensive,1,0.012022834462911618,0,0.21114682243374933,0.7768303431033391
130018,intensive,1,0.0034315401458396007,0,0.11385578461686523,0.8827126752372951
128078,intensive,1,0,0,0.10092040689307342,0.8990795931069265
128037,mid_high,1,0.02786140297870128,0,0.9721385970212987,0
162037,mid_high,1,0.036225529844516775,0,0.9637744701554832,0
130026,intensive,1,0.0013015210168100793,0,0.10515868282931158,0.8935397961538784
128035,mid_high,1,0.0024363560252549797,0,0.5878309716788508,0.4097326722958942
133019,mid_high,1,0.0010652292534765496,0.003372394569884853,0.9955623761766386,0
128081,mid_high,1,0.041583025565514443,0.005758913477820906,0.6734122086107961,0.2792458523458685
133011,mid_high,1,0,0,0.8168712840055586,0.18312871599444133
162028,mid_high,1,0.07057363519027733,0,0.8121732407372597,0.11725312407246292
133017,mid_high,1,0,0,0.5332647909622533,0.4667352090377467
162038,mid_high,1,0.006980540590882213,0,0.975474724011178,0.01754473539793983
128009,intensive,1,0.0034069148898938657,0,0.3489711790000491,0.647621906110057
130019,intensive,1,0.02919183201776382,0,0.12978166744991398,0.8410265005323222
128061,intensive,1,0,0,0.15666751701841974,0.8433324829815803
162029,extensive,1,0.56507261909245865,0.09687663745790936,0.33805074344963204,0
162039,mid_high,1,0.012375429658894785,9.474757158763948e-4,0.7679959217823923,0.2186811728428365
128010,mid_high,1,0.27545243756300475,0.045682110112566766,0.6788654523244285,0
130011,intensive,1,0,0,0.011601891818746726,0.9883981081812533
133013,mid_high,1,0.2157601300404428,2.2627707491444768e-5,0.7834310493007587,7.861929513069917e-4
133003,mid_high,1,0.0578796494173754,0.003227565952000103,0.6444663902727528,0.29442639435787166
130020,intensive,1,0,0,0.01531389833166131,0.9846861016683387
162031,extensive,1,0.7883130097762764,0.015949809130506004,0.19573718109321764,0
128062,intensive,1,0,0,0.13552412048660423,0.8644758795133958
162041,mid_high,1,0.0037410212615916665,0,0.6978704719646666,0.29838850677374174
133012,mid_high,1,0.18477118074087381,0.1902811831899984,0.6249476360691277,0
128036,mid_high,1,0.021469218646094884,0.004945507802782832,0.9735852735511222,0
128012,intensive,1,0.039591072436625116,0,0.2989026925539967,0.6615062350093782
133010,mid_high,1,0.07715145796469719,0,0.9228485420353029,0
130021,intensive,1,0.009801307708787472,0,0.1560208874298572,0.8341778048613553
128056,intensive,1,0,0,0.12246419612475021,0.8775358038752498
127009,intensive,1,0.03284230615809831,0,0.22473813654481453,0.7424195572970872
128057,mid_high,1,0.1486915935243657,0,0.8513084064756343,0
133002,mid_high,1,0.05695313647161169,0.007112693075933493,0.7290216926397041,0.20691247781275077
133009,mid_high,1,0.21782971863833467,0.1535460409310639,0.6286242404306014,0
162040,intensive,1,2.1754299853616286e-6,0,0.4475374074350488,0.5524604171349659
130013,intensive,1,0,0,0.008027248342314676,0.9919727516576853
128058,extensive,1,0.6943132362513529,0,0.30568676374864706,0
162023,mid_high,1,0.01337483180961708,0,0.7602524353140956,0.22637273287628737
128059,extensive,1,0.5316779720828216,0,0.4683220279171784,0
162014,mid_high,1,0,3.0429849164136306e-6,0.7345791301156768,0.26541782689940674
162012,intensive,1,0.008857003144852901,0,0.18563230639626874,0.8055106904588784
133001,mid_high,1,0.12370331772285206,0.0020099276096728867,0.8742867546674751,0
162024,mid_high,1,0.16843113697098527,0.0164369031387612,0.8121888028792251,0.0029431570110283944
127010,intensive,1,0.00721999408835779,0,0.1351554633654667,0.8576245425461755
128051,intensive,1,0.008413769249297985,0,0.14458367860531415,0.8470025521453879
130007,intensive,1,0,0,0.1645795459146908,0.8354204540853092
130014,intensive,1,0,0,0.020373917016986317,0.9796260829830137
127011,intensive,1,0,0,0.052833394786611844,0.9471666052133881
130008,intensive,1,0,0,0.1191929898503826,0.8808070101496174
130015,intensive,1,0.011004949201519546,0,0.09399913112039639,0.8949959196780841
162016,intensive,1,0,0,0.3378541762557268,0.6621458237442732
133008,extensive,1,0.8376323158305691,0.100487746797326,0.06187993737210493,0
162013,intensive,1,0,0,0.0775280284760376,0.9224719715239624
128052,intensive,1,8.173940172568398e-6,0,0.05848476042658927,0.9415070656332382
127012,intensive,1,0.017789384657867835,0,0.14481687431514145,0.8373937410269907
130016,intensive,1,0.02765850795428571,0,0.26042122185511973,0.7119202701905946
162008,intensive,1,0.019825527882921003,0,0.23410745225397941,0.7460670198630996
129065,intensive,1,0.009716925415949585,0,0.3189617212903522,0.6713213532936982
162021,intensive,1,0,0,0.21852257273478456,0.7814774272652154
128053,mid_high,1,0.02215407709686938,0.008459454075007354,0.571234640584536,0.3981518282435873
162009,intensive,1,0,0,0.41300238989319027,0.5869976101068097
127013,intensive,1,0,0,0.29989545536362294,0.7001045446363771
162015,intensive,1,0,0,0.019065104521233,0.980934895478767
128054,extensive,1,0.6548106733832917,0,0.3451893266167083,0
129072,intensive,1,0,0,0.30613720224968133,0.6938627977503187
127014,mid_high,1,0.013472647712588616,0,0.8866027131255335,0.09992463916187792
162010,intensive,1,0,0,0.3052219980564858,0.6947780019435141
130009,intensive,1,0,0,0.08973284750068686,0.9102671524993131
128055,extensive,1,0.5322461600672002,0,0.4677538399327998,0
130001,mid_high,1,8.58159673465028e-4,0,0.7144957565200338,0.2846460838065011
162005,intensive,1,0,0,0.4465241166989883,0.5534758833010117
162017,intensive,1,0,0,0.17573997209637815,0.8242600279036219
162018,intensive,1,0,0,0.10114672360604376,0.8988532763939563
129090,mid_high,1,0.009782840601580694,0,0.5577018151425261,0.4325153442558931
130010,intensive,1,0,0,0.08404430178097969,0.9159556982190203
129073,intensive,1,0,0,0.41548245009205836,0.5845175499079416
130002,mid_high,1,0.07532832257403353,0,0.9246716774259665,0
127003,mid_high,1,0.031890313847823246,0,0.5503436919038495,0.4177659942483273
127016,intensive,1,0,0,0.2427364666398355,0.7572635333601645
129063,intensive,1,0.019176978700614054,0,0.330680730727142,0.6501422905722439
162011,mid_high,1,0.009164783973722154,0.0038028505081660062,0.49777516343008454,0.4892572020880273
162004,intensive,1,0,0,0.433811567203136,0.5661884327968639
127004,intensive,1,0.00950363664933954,0,0.3794591921234288,0.6110371712272316
127001,mid_high,1,0.17532000720757487,0,0.764196471140777,0.060483521651648116
130003,intensive,1,0.010541723218824416,0,0.3799500363606478,0.6095082404205278
162019,mid_high,1,0.1068592777981182,0.07244021486449215,0.5150221273357655,0.3056783800016241
127007,mid_high,1,0.14254234282258255,0.09542340724052864,0.7620342499368888,0
130006,intensive,1,0,0,0.07652291087378868,0.9234770891262113
127021,intensive,1,0.006960106382825217,0,0.1352146140671522,0.8578252795500225
129076,mid_high,1,0.12904433817296843,0.23272742872755467,0.6382282330994768,0
129064,intensive,1,0.00660812902458147,0,0.23877495114154096,0.7546169198338776
129066,mid_high,1,0.03845005815702645,0,0.9218342794392199,0.03971566240375365
127017,mid_high,1,0.015440103042651764,4.7310413842820885e-5,0.6176991510105094,0.36681343553299595
127025,mid_high,1,0,0,0.6583627266690344,0.34163727333096566
130004,intensive,1,5.664307264440086e-4,0,0.07408698743990859,0.9253465818336474
129079,mid_low,1,0.2876348936444877,0.5557661112917086,0.15659899506380373,0
162006,intensive,1,0.005849460528292621,0,0.2535677091988441,0.7405828302728633
130005,intensive,1,0.005920603080307165,0,0.1704320514906271,0.8236473454290657
162001,intensive,1,0.0020906972564200105,0,0.2944122642880687,0.7034970384555113
127006,mid_high,1,0.08415381090022629,0.33194003261794797,0.5839061564818258,0
129053,mid_high,1,0.4718228382483186,0.009027695923899823,0.5191494658277815,0
129055,mid_high,1,0.33981775908168343,0.21346347600697516,0.4467187649113414,0
127018,intensive,1,0.009324622112910389,0,0.14553045268145093,0.8451449252056387
129058,mid_high,1,0.2240511012800021,0.12178571888369812,0.6541631798362998,0
129051,mid_high,1,0.18881644345146584,0,0.811170183357889,1.3373190645162348e-5
127029,intensive,1,0,0,0.1385959420072674,0.8614040579927326
162002,intensive,1,0.005461077301064137,0,0.09994534382948116,0.8945935788694547
129067,intensive,1,0,0,0.3702372937358875,0.6297627062641126
127008,mid_high,1,0.18043963839335142,0.13047645242669326,0.6890839091799553,0
162003,intensive,1,6.232994327533751e-4,0,0.3206285317268575,0.6787481688403891
127019,intensive,1,0.0053785913921732716,0,0.06369008675866764,0.930931321849159
129052,mid_high,1,0.15109854025988628,0,0.8489014597401138,0
129069,mid_high,1,0,0,0.666665787615267,0.33333421238473304
162007,intensive,1,0.08078657933156723,0.014669341843342594,0.36338703792133403,0.5411570409037562
129054,mid_high,1,0.23580878536440805,0.1242820035610628,0.6399092110745291,0
127020,intensive,1,0.0015310527637659777,0,0.011587064303936249,0.9868818829322977
129057,mid_high,1,0.30159667619131686,0.12095777067414934,0.5774455531345338,0
127030,intensive,1,0.005883572529145597,0,0.2080755852326875,0.786040842238167
129048,mid_high,1,0.009987250009230134,0,0.6673038910978427,0.3227088588929271
129080,mid_high,1,0.12383831583645678,0.39353579597493027,0.4826258881886129,0
160022,mid_high,1,0.16208924598041155,0,0.8379107540195885,0
127022,intensive,1,0,0,0.05576072700427169,0.9442392729957283
129056,extensive,1,0.5538864112946854,0.13388668472231924,0.3122269039829954,0
69054,extensive,1,0.5142505170386324,0.10044765440129177,0.38530182856007583,0
129059,mid_high,1,0.15880526614483284,0.01275599147790576,0.82843874237726145,0
127023,intensive,1,0.003995570996469189,0,0.09640304135601704,0.8996013876475137
129047,intensive,1,0,0,0.41217803813626896,0.587821961863731
129061,extensive,1,0.7307375800196553,0.07808077950893776,0.19118164047140696,0
127024,intensive,1,0,0,0.00172274832705839,0.9982772516729416
127026,intensive,1,0,0,0,1
129060,extensive,1,0.7605191625016593,0.17392935445687274,0.065551483041468,0
69049,intensive,1,0.004775963292548929,0,0.2535354940459574,0.7416885426614936
129062,extensive,1,0.9745362543828225,0.025463745617177475,0,0
129050,mid_high,1,0.021934140651094808,0.0028636670719600333,0.7876817535385852,0.18752043873835997
69053,intensive,1,0.016054305016114635,0,0.1592320339454302,0.8247136610384551
160017,mid_high,1,0.23760281294622645,0,0.7623971870537736,0
129040,extensive,1,0.7996093032732184,0.0701621910800356,0.13022850564674593,0
69050,intensive,1,0.011570123086223008,0.012925688436609555,0.19490257445690012,0.7806016140202673
129039,extensive,1,0.9021304930176499,0.09786950698235007,0,0
69057,intensive,1,0.008745583214485849,2.0202952896947425e-6,0.18931929752168153,0.8019330989685429
160018,intensive,1,0,0,0.1120666033686085,0.8879333966313915
160021,intensive,1,0.006403548508459373,0,0.1913016941810745,0.8022947573104662
129032,extensive,1,0.9997954861186408,2.0451388135920274e-4,0,0
129030,extensive,1,0.8875115738950811,0.0729240593451472,0.039564366759771714,0
160019,intensive,1,0,0,0.002790174353320473,0.9972098256466795
129041,extensive,1,0.8304753369675648,0.16788724145880604,0.0016374215736291756,0
69035,mid_high,1,0.21172635037848603,0.03922666817048242,0.7490469814510315,0
127028,intensive,1,0,0,0.3069345457498248,0.6930654542501752
160016,mid_high,1,0.17221367773782936,0.12341820975432373,0.7043681125078469,0
129034,extensive,1,0.9573862816929123,0.04261371830708773,0,0
160020,intensive,1,5.180985434845239e-4,0,0.017224490304013563,0.9822574111525019
69052,intensive,1,0.0025719033037693443,0,0.024482419138504474,0.9729456775577262
129031,extensive,1,0.9720605500371511,0.027939449962848924,0,0
129042,extensive,1,0.8262304541737657,0.17376954582623425,0,0
69034,extensive,1,0.5244208411591866,0.2530312249556861,0.2225479338851273,0
129093,extensive,1,0.8175278000465651,0.1820156269814874,4.565729719474572e-4,0
160011,intensive,1,0.08979015571094538,0.008668038667570684,0.3128972378510123,0.5886445677704716
161020,mid_high,1,0.08901588073561545,0.04184884629352609,0.8691352729708585,0
69036,extensive,1,0.6523476600347631,0.048372527536392464,0.29927981242884444,0
69055,intensive,1,0.02205797277425408,8.518848449478597e-4,0.22711219901150684,0.7499779433692912
160014,intensive,1,0,0,0.026155596585623372,0.9738444034143766
129033,extensive,1,0.5108492751465028,0.23201560153770703,0.2571351233157902,0
129043,mid_low,1,0.2388572163677944,0.7551649683745864,0.0059778152576192055,0
160013,intensive,1,0,0,0.046441654475977555,0.9535583455240224
160012,intensive,1,0,0,0.11023766035367347,0.8897623396463266
161021,mid_high,1,0.24069221314140632,0.09701985243659536,0.6622879344219983,0
69058,intensive,1,0.009124916623498026,7.191272376524095e-5,0.13569984935415016,0.8551033212985866
69037,extensive,1,0.7000930197899855,0.19343659388000645,0.10647038633000809,0
160015,intensive,1,0,0,0.16509809996406777,0.8349019000359322
129035,extensive,1,0.851788971191858,0.14821102880814202,0,0
161022,mid_high,1,0.09636549714013366,0.0011706333734559117,0.9024638694864104,0
69038,intensive,1,0.03114440888034427,0.030574676942072457,0.46799924157946793,0.4702816725981153
129092,extensive,1,0.7252019515880979,0.1551122080755903,0.11968584033631183,0
69018,mid_high,1,0.2243810790847486,0.35731462618093823,0.4183042947343132,0
69046,mid_low,1,0.06398992184867176,0.613334945945163,0.32267513220616517,0
161023,mid_high,1,0.07654284299825612,0.013815821454368982,0.9096413355473749,0
129044,extensive,1,0.9189173980338349,0.07031869688691944,0.010763905079245663,0
69020,extensive,1,1,0,0,0
129020,extensive,1,0.7743823084140637,0.18869339956388473,0.03692429202205158,0
161024,mid_high,1,0.22623453986753458,0.36756204458727487,0.40620341554519057,0
129045,extensive,1,0.9970828203188167,0.002917179681183294,0,0
69047,extensive,1,0.56470726408485306,0.17320297410059007,0.2527408536059448,0.009348908208612068
69048,extensive,1,0.41356497351219484,0.19454493864800454,0.39188967410402276,4.137357778555451e-7
69039,mid_low,1,0.2687281865051571,0.5883239683471571,0.14294784514768574,0
69056,intensive,1,0.0017766964036103764,0,0.0647042312175515,0.9335190723788381
69022,extensive,1,0.7692281116397653,0.03437990773734321,0.1963919806228914,0
69040,mid_low,1,0.0505890769540389,0.8564589056210695,0.09295201742489154,0
161025,mid_high,1,0.08008228025624113,0.2173965901482647,0.7025211295954942,0
160007,intensive,1,0.059348793204599695,0,0.11621202815998233,0.8244391786354179
129021,extensive,1,0.6756593905742315,0.23335757927978182,0.0909830301459867,0
69041,mid_low,1,0.3809774840841687,0.5529139018861068,0.06610861402972452,0
160008,intensive,1,0,0,0.0907393041762723,0.9092606958237277
69019,extensive,1,0.5976326342797896,0.014080328645739474,0.3882870370744709,0
69024,extensive,1,0.4319021736139205,0.3857697022320028,0.18232812415407668,0
69042,extensive,1,0.794892156904735,0.18506069288398852,0.020047150211276444,0
161015,intensive,1,0.0077930468805510675,0,0.07580132576215699,0.9164056273572919
69017,mid_high,1,0.08037810058061015,0.005084847300979129,0.9145370521184107,0
160010,intensive,1,0,0,0.11955278108768787,0.8804472189123121
160009,intensive,1,0,0,0,1
129023,extensive,1,0.7225635698659582,0.2086306909739904,0.06880573916005149,0
69021,extensive,1,0.9626652511824444,0,0.03733474881755564,0
129017,mid_high,1,0.06162503103633765,0,0.6499012973551297,0.28847367160853266
129015,mid_high,1,0.10177509214449915,0.22146575479770697,0.6767591530577939,0
129022,extensive,1,0.8178269347173681,0.08655631316427133,0.09561675211836053,0
161028,intensive,1,0.011526179744378829,0,0.484274598369254,0.5041992218863671
129024,mid_high,1,0.002292293329547675,0.34045755678881684,0.6572501498816355,0
69043,extensive,1,0.4510578098545636,0.1430773942893729,0.40586479585606344,0
69023,extensive,1,0.6437555505784617,0.3562444494215383,0,0
161029,mid_high,1,0,0,0.5593986019273107,0.4406013980726893
161014,intensive,1,0,0,0.34604684206215997,0.65395315793784
69044,extensive,1,0.7219839752358684,0.19684879039885364,0.08116723436527787,0
69029,extensive,1,0.9770959011390542,0.017725601602962857,0.005178497257982935,0
69025,extensive,1,0.526251459177821,0.3200969842510295,0.15365155657114946,0
69002,mid_high,1,0.2780634698071397,0.07332467368747518,0.6486118565053851,0
69026,extensive,1,0.5434675095275846,0.45653249047241545,0,0
159021,mid_high,1,0.011458292715911466,0,0.606962319011476,0.3815793882726125
69031,extensive,1,0.6905239292887645,0.21238754553892417,0.09708852517231137,0
129016,mid_high,1,0.011914864359139517,0,0.9266721081794254,0.06141302746143507
129018,mid_high,1,0,0,1,0
69027,extensive,1,0.8863015993568362,0.09467641984703937,0.019021980796124504,0
161030,intensive,1,0,0,0.335810168943568,0.664189831056432
69045,mid_low,1,0.18683334035040336,0.5712035690814302,0.2413016052624782,6.614853056881899e-4
129025,mid_low,1,0.0788159092776803,0.6901022678134378,0.231081822908882,0
161016,intensive,1,0.006080967631387386,0,0.26018475353283504,0.7337342788357776
161031,intensive,1,0,0,0.3871267170680831,0.6128732829319169
160001,intensive,1,0,0,0.0374860487795595,0.9625139512204405
69028,extensive,1,0.8017498932582161,0.010219895177226549,0.1880302115645573,0
161010,intensive,1,0,0,0.25695710668931654,0.7430428933106834
160006,intensive,1,0,0,0.10298832920308577,0.8970116707969142
129027,extensive,1,0.9551821016621296,0.026185552369078498,0.0186323459687919,0
160003,intensive,1,0.008840477393470433,0,0.08066204871257394,0.9104974738939556
129019,mid_high,1,0.008385438167440263,0.0023641222511515316,0.9892504395814082,0
129026,extensive,1,0.8935939409562496,0.09563348259333698,0.01077257645041351,0
161017,intensive,1,0.002471255132250157,0,0.07803328037378124,0.9194954644939686
129086,mid_high,1,0.15405044014358363,0.1162997339466786,0.7296498259097378,0
69030,extensive,1,1,0,0,0
161032,intensive,1,0,0,0.3569189793349192,0.6430810206650808
129087,mid_low,1,0.08435443471360672,0.7772426762991291,0.13840288898726416,0
160004,intensive,1,0,0,0,1
69003,extensive,1,0.8313110197856624,0.028690478029641187,0.1399985021846964,0
129089,extensive,1,0.6246557451163827,0.37534425488361733,0,0
159013,intensive,1,0.0047482728402729185,0,0.23339323650994429,0.7618584906497828
160005,intensive,1,0,0,0.055570881552426545,0.9444291184475735
69004,extensive,1,0.9601298194567549,0.014756363850302335,0.02511381669294273,0
69032,extensive,1,0.9695171086746915,0.03048289132530842,0,0
69005,extensive,1,1,0,0,0
129001,mid_high,1,0.31183338277978734,0.07462688270653875,0.6135397345136739,0
129029,mid_high,1,0,0.05051294928746527,0.9494870507125347,0
129036,mid_low,1,0.1992366288715806,0.6081459592445675,0.1926174118838519,0
159014,intensive,1,0,0,0.340846043250434,0.659153956749566
161018,intensive,1,0.006254927037456261,0,0.11022971714461781,0.883515355817926
161011,intensive,1,0,0,0.11878621117475392,0.881213788825246
129009,mid_high,1,0.050795336262485065,0.07859201314651121,0.6844993803957831,0.18611327019522064
69033,mid_high,1,0.2937550532247017,0.12419374034683517,0.5820512064284632,0
129002,mid_high,1,0,0.0063813796351233605,0.9936186203648767,0
164013,intensive,1,0,0,0.14111472639500516,0.8588852736049949
69006,extensive,1,0.9487117223083915,0.051237666172856876,5.061151875160457e-5,0
161012,intensive,1,0,0,0.11088385198208833,0.8891161480179116
164015,intensive,1,0,0,0.10499052815982933,0.8950094718401707
129010,mid_high,1,0,0,0.8170243736310824,0.1829756263689176
161013,intensive,1,0.002189925318027935,0,0.30583458428740906,0.691975490394563
69014,extensive,1,0.9911048405071268,0,0.008895159492873263,0
129088,extensive,1,0.7351535096291254,0.21885304019617627,0.04599345017469824,0
161019,mid_high,1,0.006885743212377279,0,0.5116214638476776,0.4814927929399451
129003,intensive,1,1.4099155794179222e-4,0,0.38737387771169535,0.6124851307303628
129013,mid_high,1,0.19937383438868736,0.012947492570151542,0.7876786730411611,0
69007,extensive,1,0.4925564048243962,0.06742786149766465,0.4400157336779391,0
164014,intensive,1,0.0013660421527157878,0,0.05489541422522994,0.9437385436220542
69015,extensive,1,0.9878725960450666,3.5561594638670873e-6,0.012123847795469477,0
159011,intensive,1,5.94562732720425e-4,0,0.2814334192057745,0.717972018061505
129004,intensive,1,0,0,0.2418552423782192,0.7581447576217808
164010,intensive,1,0.0018743294492862047,0,0.056508963227787076,0.9416167073229267
159015,intensive,1,0.021268600670093077,0.006337821546968445,0.36368706262576816,0.6087065151571703
161006,mid_high,1,7.679901132270711e-4,0,0.9989771759972622,2.548338895107088e-4
69016,extensive,1,0.5595479939967621,0.1987794790562145,0.24167252694702335,0
158017,intensive,1,0.0029612899736753667,0,0.3243034935585555,0.6727352164677691
129005,mid_high,1,0,0,0.7157375285130635,0.28426247148693645
161007,mid_high,1,0.3415235934159255,0.15813810833700412,0.5003382982470703,0
129006,mid_high,1,0.009631690975277836,0,0.9496478089112257,0.0407205001134965
129014,extensive,1,0.8129359455592643,0.15718017850266022,0.029883875938075524,0
129028,extensive,1,0.5275765412374326,0.10362668733991902,0.3487888747038462,0.02000789671880217
164011,mid_high,1,0.1460581085128638,0.034025276035927136,0.7559060756305107,0.06401053982069836
161008,mid_high,1,0.011621312731362214,0.009634113781768781,0.978744573486869,0
129007,mid_high,1,0.03486690523950387,0.009851415729007386,0.9552816790314888,0
69010,extensive,1,0.8856462191056449,0.053581395556720195,0.060772385337634946,0
69008,extensive,1,0.40753397059362484,0.2959428175810586,0.29652321182531655,0
164006,intensive,1,0.0020292803037490178,0,0.015073502181558588,0.9828972175146924
143035,mid_high,1,0.08953023716200163,0.008344305840291293,0.9021254569977071,0
159003,mid_high,1,0.011905687696611822,0,0.4956643103528656,0.49243000195052256
159004,mid_high,1,0,0,0.9991367201834986,8.632798165013936e-4
143038,mid_high,1,0.09324994127198316,0.03606360526957581,0.870686453458441,0
129008,extensive,1,0.5031901662734136,0.138972401855642,0.3578374318709444,0
143034,mid_high,1,0,0,1,0
161009,mid_high,1,0.0024031317546196673,0,0.7698000118786007,0.22779685636677968
164007,intensive,1,0,0,0.0032843667551272398,0.9967156332448728
158016,mid_high,1,0,0,0.6345396425054803,0.3654603574945196
158018,mid_high,1,0,0,0.9837860310372503,0.016213968962749733
159018,intensive,1,0,0.010499097304096958,0.37402618956414957,0.6154747131317535
161001,intensive,1,0,0,0.2034913241216479,0.7965086758783522
143001,intensive,1,0.0167319535905793,0,0.44323448653807873,0.5400335598713419
164008,intensive,1,0,0,0.11111127752507287,0.8888887224749271
159006,intensive,1,0,0,0.20055713739917383,0.7994428626008262
164003,intensive,1,0,0,0.006609501433347702,0.9933904985666523
159019,mid_high,1,0.04988831679286368,0.002451436990955734,0.5033305616268959,0.4443296845892847
69011,extensive,1,0.844771434436233,0.15361534360235465,0.001613221961412289,0
69012,extensive,1,0.5177992208383221,0.032514412327507965,0.44968636683417,0
161002,intensive,1,0,0,0.12376124798766111,0.8762387520123389
158019,intensive,1,0,0,0.09348642166093953,0.9065135783390604
157018,extensive,1,0.5772386758016156,6.569275938926968e-4,0.42210439660449167,0
159002,intensive,1,0.02462690855764651,0,0.18523088202207105,0.7901422094202826
159005,intensive,1,0.039499064995825554,0,0.3825847746208504,0.577916160383324
143037,mid_high,1,0.009742830018419826,0,0.9902571699815802,0
69013,extensive,1,0.7839570042261043,0.11128476748369,0.10475822829020577,0
143045,mid_high,1,0,0,1,0
164004,intensive,1,0,0,0,1
143002,mid_high,1,0.3983463649035719,0.10344447120726387,0.49820916388916425,0
143020,mid_high,1,0.25649531532631636,0.05097968712849706,0.6925249975451866,0
159007,intensive,1,0,0,0.17409273649909646,0.8259072635009035
143021,mid_high,1,0.031156791170072883,0.0049302157588521885,0.9639129930710749,0
69009,mid_high,1,0.10340186642494287,0.34549082706072837,0.5511073065143287,0
161003,intensive,1,0,0,0.10459934106119577,0.8954006589388043
164009,mid_high,1,0.06667034002613866,0.09998110166216237,0.758874682042465,0.07447387626923396
161004,mid_high,1,0,0,0.9759336613700708,0.02406633862992926
158020,intensive,1,0,0,0.23491801746458646,0.7650819825354136
159020,mid_high,1,0.00618148623012139,0.009983375854457553,0.6582767256560931,0.325558412259328
164005,intensive,1,0.0031898107193960956,0,0.09403394947388137,0.9027762398067225
143003,extensive,1,0.45179699375315824,0.36424540524923466,0.18395760099760713,0
159008,intensive,1,0,0,0.08215754571337085,0.9178424542866291
158011,intensive,1,0,0,0.14700351694185806,0.8529964830581419
143024,mid_high,1,0.013482426221032228,0,0.9865175737789678,0
98041,intensive,1,0,0,0.3401861591614269,0.6598138408385731
158021,mid_high,1,0.019719874466326042,0,0.5534173073873003,0.4268628181463736
143017,mid_high,1,0.10725239393094987,0.04350716950814426,0.8492404365609059,0
157016,mid_high,1,0.01699120483543058,0.01668005465721904,0.9604347750814599,0.005893965425890483
98042,mid_high,1,0.036151329837514116,0,0.8110446943170599,0.152803975845426
143004,extensive,1,0.7802434363828044,0.10081685149447332,0.11893971212272231,0
157024,extensive,1,0.7717594962250319,0.15519683794334027,0.07304366583162779,0
164002,intensive,1,0.007034935059235455,0,0.07665977187993354,0.916305293060831
143031,mid_high,1,0.01262062191254084,0,0.9873793780874591,0
98043,mid_high,1,0.21821208182784624,0.04656665260084897,0.7352212655713047,0
157017,intensive,1,1.6117063436543868e-4,0,0.3817312540659514,0.6181075752996832
158012,intensive,1,0,0,0.03707154686284458,0.9629284531371555
158022,intensive,1,0.012268271436205383,0,0.29288055261399154,0.6948511759498031
143025,mid_high,1,0.02663970803607794,0.01799960810731832,0.9445712019798087,0.01078948187679503
143018,mid_high,1,0.20545726291574545,0.04132247552574058,0.753220261558514,0
98039,mid_high,1,0.2513986267009883,0,0.7164166598890956,0.032184713409916035
143032,mid_high,1,0.3164894300224357,0.02051060521932956,0.66299996475823475,0
143005,extensive,1,0.7054394859642391,0.14093237680511,0.1536281372306509,0
158025,mid_high,1,0,0,0.5861667779832606,0.4138332220167394
158023,intensive,1,3.8924177773018605e-4,0,0.42076202638054166,0.5788487318417281
143019,mid_high,1,0.015204587802642174,0,0.968559152949241,0.01623625924811682
143033,mid_high,1,0.06865223099350458,0.005146178532195683,0.9262015904742997,0
143006,mid_high,1,0.00489591662861128,0,0.9951040833713887,0
98032,extensive,1,0.9066199607908836,0,0.093380039209116375,0
98040,intensive,1,3.4629727362014e-4,0,0.31125051998934594,0.6884031827370339
143022,mid_high,1,0,0,0.9092403786997103,0.09075962130028971
158013,mid_high,1,3.1530972902423155e-4,0,0.7990185978785229,0.2006660923924528
158001,intensive,1,0,0,0.26739709227706765,0.7326029077229324
143030,mid_high,1,0.06956235839387313,0,0.9304376416061269,0
142040,mid_high,1,0.3566385455475159,0.21211290368366992,0.4312485507688142,0
143023,mid_high,1,0.06955741939206904,0.02780398571556971,0.9026385948923612,0
143010,mid_high,1,0.007377458431483667,0,0.9926225415685164,0
143007,mid_high,1,0.12591926450237692,4.5329644231576484e-5,0.8740354058533915,0
158002,intensive,1,0,0,0.1294497088358755,0.8705502911641245
157015,extensive,1,0.7012478044968827,0.028880681331893643,0.2698715141712237,0
157022,intensive,1,0.0251042936784477,0,0.4616747188813827,0.5132209874401696
142041,extensive,1,0.43666389611673107,0.41907100811423725,0.14426509576903168,0
158024,mid_high,1,0,0,0.8651210631880211,0.13487893681197893
158004,intensive,1,0,0,0.10282615263661557,0.8971738473633845
158014,mid_high,1,0,0,0.685120891366257,0.3148791086337431
98036,mid_high,1,0.023291422983312663,0,0.7696162479630946,0.20709232905359276
143026,mid_high,1,0.02341175122253007,0.008177023919365093,0.8076283004557404,0.16078292440236447
142043,intensive,1,0.0031317973426236313,0,0.4854128373862125,0.5114553652711639
157013,intensive,1,0.01050995037899681,0.010740696315188055,0.4038691784672321,0.5748801748385831
143028,mid_high,1,2.5136238105713326e-4,0,0.9997484614424876,1.761764552601222e-7
143008,mid_high,1,0.08698052093343946,0.029268884699980412,0.8837505943665801,0
98037,mid_high,1,0.06474310643007604,0,0.9007423724593641,0.034514521110559936
143015,mid_high,1,0.009218972124712654,0,0.9907810278752873,0
98034,mid_high,1,0.4097147204842766,0.019570599816011586,0.5707146796997118,0
98024,extensive,1,0.9842545266537521,0.008679907817337946,0.0070655655289099525,0
158005,intensive,1,0,0,0.22406600418228445,0.7759339958177156
157021,intensive,1,0.011562497934570126,0,0.10165958039696242,0.8867779216684675
143009,intensive,1,0,0,0.4939560669891008,0.5060439330108992
157008,intensive,1,0,0,0.0677361683140306,0.9322638316859694
98025,extensive,1,0.9363286636397625,0.01081319025140064,0.052858146108836795,0
143029,mid_high,1,0,0,0.9830175591211744,0.016982440878825663
142051,intensive,1,0.00888358852363599,0,0.33905056484922325,0.6520658466271407
158015,mid_high,1,0,0,0.96671481332955,0.03328518667045004
143016,mid_high,1,0.015097333215963722,0.00473357645170963,0.9801690903323267,0
158009,intensive,1,0,0,0.05620613349800904,0.9437938665019909
142038,extensive,1,0.6717403715866697,0.15127965447175667,0.17697997394157367,0
157009,intensive,1,0,0,0.2991070073199314,0.7008929926800685
157010,intensive,1,0,0,0.003243198105660034,0.99675680189434
143027,mid_high,1,0.04824720914336617,0.010862565195549397,0.9408902256610844,0
98026,mid_high,1,0.17466553708240365,0.014082277926033034,0.8104890246103313,7.631603812320186e-4
158003,mid_high,1,0.014011142001211147,0,0.7811057557885882,0.20488310221020067
142039,extensive,1,0.839540865931619,0.10155687790660574,0.05890225616177527,0
98027,mid_high,1,0.33388048482211835,0.0965726915420592,0.5695468236358224,0
157020,intensive,1,0.02041097723574771,0,0.2727497514820356,0.7068392712822167
143011,mid_high,1,0.020461394893962856,0,0.6806235085174867,0.29891509658855053
98035,intensive,1,0,0,0.20199134591025794,0.7980086540897421
157003,intensive,1,0,0,0,1
142042,mid_high,1,0.014035670603164184,9.95238769636715e-4,0.9849690906271991,0
157011,intensive,1,0.004615818191934034,0,0.11478740704598563,0.8805967747620803
98028,intensive,1,0.0015774066117033568,0,0.23061314748360934,0.7678094459046874
142044,intensive,1,0,0,0.332314706367086,0.667685293632914
157004,intensive,1,0,0,0.015710180470011527,0.9842898195299885
143012,mid_high,1,0,0,1,0
116019,mid_high,1,0.04661688239965251,0,0.9242735511432602,0.029109566457087347
143014,mid_high,1,0.007224250076719114,0,0.9927757499232809,0
158006,intensive,1,0,0,0.3186092465875997,0.6813907534124003
142050,mid_high,1,0.023387733019886253,0,0.932170958276937,0.04444130870317678
98019,intensive,1,0.0012918816765018063,0,0.081823239171656,0.9168848791518422
98020,intensive,1,0.0035989821910278,0,0.2130511701772547,0.7833498476317176
157012,mid_high,1,0.21251557076900476,0.013315158813669207,0.6027619507204449,0.1714073196968811
116015,extensive,1,0.539966852992861,0.0042279721962533035,0.3767309724896287,0.07907420232125695
142046,mid_high,1,0.001021749663290394,0,0.5940061013708146,0.40497214896589506
142045,intensive,1,0.0012643517719609966,0,0.1967834833267688,0.8019521649012702
157006,intensive,1,0,0,0.14812900639274698,0.851870993607253
116018,intensive,1,0.002880609400875634,0,0.32598283869983025,0.6711365518992941
142033,mid_high,1,0.3144093037533678,0.02174079609876484,0.6638499001478674,0
142031,intensive,1,0.009163334290824613,0,0.4025857027039276,0.5882509630052478
116022,mid_high,1,0.04392759781566397,0.011650339060793762,0.9444220631235423,0
142047,mid_high,1,0.008416828257653039,0,0.9171594368443353,0.07442373489801166
142020,mid_high,1,0.003367262654267413,0,0.9333042397735841,0.0633284975721485
116016,mid_high,1,0.012899963001865106,1.135316291753216e-6,0.7799563809256109,0.20714252075623218
157019,mid_high,1,0.23158870454301356,0.02226590171125573,0.6939076998682974,0.05223769387743336
98011,intensive,1,0,0,0.005727301112323455,0.9942726988876766
116023,extensive,1,0.5262568928469319,0.09105390053827685,0.38268920661479133,0
98022,intensive,1,0,0,0.04150818452807853,0.9584918154719215
158007,mid_high,1,0.0036863113011498345,0,0.8414905241468995,0.15482316455195066
142032,mid_high,1,0.20269876926530242,0.008055661705603732,0.7892455690290938,0
116009,intensive,1,0.011471646859268778,0,0.37928758618611474,0.6092407669546165
116021,intensive,1,0,0,0.4037844602866116,0.5962155397133884
116008,mid_high,1,0,0,0.7531835930711936,0.2468164069288063
98023,intensive,1,0.0052830927369307895,0,0.07957567417150917,0.91514123309156
116017,intensive,1,0,0,0.0650424423335082,0.9349575576664918
142021,mid_high,1,0,0,0.6807945167228715,0.31920548327712855
157001,intensive,1,0.0018678780598929438,0,0.04022642254873925,0.9579056993913678
143013,mid_high,1,0.025417779127995296,0,0.5713841255600445,0.40319809531196027
116027,extensive,1,0.48875659279842226,0.18442227937844768,0.32682112782313005,0
142022,mid_high,1,0.1072047513101378,0,0.6830461409437913,0.20974910774607086
142048,intensive,1,0.041256173269573995,0,0.2957388602756296,0.6630049664547963
98002,intensive,1,0.050173479003572385,6.543040219446016e-4,0.283082793970526,0.666089423003957
25041,mid_high,1,0.2718817384494735,0.10778080457245541,0.6203374569780711,0
98018,intensive,1,0.0023790487426666625,0,0.18800892354849685,0.8096120277088364
142034,mid_high,1,0.239825388803673,0.010370999933936772,0.7498036112623903,0
98001,extensive,1,0.8956517107102657,0.011854280995245717,0.0924940082944885,0
142035,mid_high,1,0.01845351996824834,0,0.5937018711386499,0.3878446088931018
98012,intensive,1,0,0,0.42026704755174865,0.5797329524482514
142012,mid_high,1,0,0,0.6452941093467338,0.35470589065326624
98021,intensive,1,0,0,0.17274756583234852,0.8272524341676515
25042,mid_high,1,0.1968548061933869,0,0.8031451938066131,0
142023,extensive,1,0.7431840747813223,7.120685515721465e-4,0.25610385666710556,0
98015,intensive,1,0.006767674230799311,0,0.16471633746282907,0.8285159883063716
98016,intensive,1,0,0,0.050134357894475984,0.949865642105524
116020,intensive,1,0,0,0,1
142001,mid_high,1,0,0,0.791635260007782,0.20836473999221805
142036,mid_high,1,0,0,0.9205956437962466,0.07940435620375336
142024,mid_high,1,0.06488462306659158,0.004913835889376092,0.9302015410440323,0
116026,extensive,1,0.9334203523832053,0.007911200402851567,0.0586684472139431,0
116010,intensive,1,0,0,0.04013406076599829,0.9598659392340017
98005,mid_high,1,0,0,0.7105157736699058,0.2894842263300942
142013,extensive,1,0.6312056515084928,0.09148867766283623,0.2773056708286709,0
98017,intensive,1,0,0,0.09851998445954321,0.9014800155404568
25039,extensive,1,0.9818465337723502,0,0.01815346622764984,0
116025,intensive,1,0.1956447169097768,0.024308274541319626,0.2953965002422515,0.4846505083066521
25029,extensive,1,0.9873095532487439,0.012690446751256024,0,0
98003,intensive,1,5.255201361061566e-4,0,0.11801413431891787,0.881460345544976
25036,extensive,1,0.4797001330340636,0.2549731659780739,0.2653267009878625,0
116011,intensive,1,0.029498663925686314,0,0.29427989713304115,0.6762214389412725
25040,mid_high,1,0.44172545415670256,0.08683161608456268,0.47144292975873475,0
142025,mid_high,1,0.15549746475995335,0.13157588767309128,0.7129266475669553,0
142015,mid_high,1,0.00399241002619352,0.08248691365860918,0.9078886121925803,0.005632064122616959
116001,mid_high,1,0.12457981642599569,0.13179840367812812,0.7436217798958762,0
98004,mid_high,1,0.2984492245437169,0,0.6196036497646709,0.08194712569161224
142014,mid_high,1,0.23123748302350786,0.011543786200527806,0.7572187307759644,0
142037,intensive,1,0.00743041497234115,0,0.44175448634305414,0.5508150986846048
98009,intensive,1,0,0,0.19156122795528036,0.8084387720447197
142027,mid_high,1,0.02294542779269247,0.03134022587288079,0.9456426991502492,7.164718417747327e-5
98006,intensive,1,0.023108501472818913,2.797338911965999e-6,0.453641468298151,0.5232472328901181
98008,intensive,1,0.009307172912291283,0,0.3526477210382022,0.6380451060495065
98007,mid_high,1,0.022263954816040668,0.012556875412126616,0.5780717401354715,0.38710742963636124
116012,intensive,1,0,0,0.05716004438529392,0.9428399556147061
25027,extensive,1,0.877566137189175,0.023927085339668572,0.09850677747115642,0
116002,intensive,1,0.0037769535762063816,0,0.10063407308463905,0.8955889733391545
142002,extensive,1,0.7734398781411079,0.0732214272563936,0.15333869460249852,0
25130,extensive,1,0.624915599304298,0.11048600684151144,0.2645983938541906,0
116024,intensive,1,0,0,0.009507380178332695,0.9904926198216673
25028,extensive,1,1,0,0,0
25037,extensive,1,0.5811359455409387,0.24406722795735153,0.17479682650170972,0
25043,mid_high,1,0.2050170834604863,0.0032381226912092925,0.7778211173207427,0.01392367652756178
25128,extensive,1,0.6618749228698271,0,0.33812507713017287,0
142028,mid_high,1,0,0,0.5845100480682308,0.41548995193176913
144002,mid_high,1,0,0,0.6180881239313352,0.3819118760686648
25034,extensive,1,0.6687983723353613,0,0.3312016276646387,0
116029,mid_high,1,0.027846712562989567,1.537057652892428e-4,0.7665848779720904,0.20541470369963077
116003,intensive,1,0,0,0.022201696905923784,0.9777983030940762
116028,mid_high,1,0.024119168867696817,0,0.5483381750782298,0.4275426560540734
145067,mid_high,1,0.09443331286847828,0,0.9055666871315217,0
25137,mid_high,1,0.3600876150391794,0.029873969203064028,0.6100384157577565,0
25129,mid_high,1,0.02711308547219374,0,0.9728869145278063,0
25138,intensive,1,0.08598103901400922,0,0.27157801540066734,0.6424409455853235
25033,extensive,1,1,0,0,0
142003,mid_high,1,0.010122103402993755,3.928997169057462e-5,0.5723183170486994,0.41752028957661624
142049,intensive,1,0,0.005657489201103434,0.3680031404455499,0.6263393703533467
116030,intensive,1,0,0,0.015107445076904086,0.9848925549230959
145068,mid_high,1,0.05705337886648937,0,0.9356993142119571,0.007247306921553542
25127,intensive,1,0.06846480821760631,0,0.38296524530230586,0.5485699464800878
116033,mid_high,1,0.05938298036993025,0,0.8620449593827236,0.07857206024734611
142019,mid_high,1,0,0,0.8811516820648698,0.11884831793513013
25026,extensive,1,1,0,0,0
116004,intensive,1,0,0,0.019585217563762858,0.9804147824362371
144003,intensive,1,0,0,0.10906727607880626,0.8909327239211937
116013,intensive,1,0,0,0,1
142017,intensive,1,0,0,0.08327741494578914,0.9167225850542109
116005,intensive,1,0.01111767851913778,0,0.03892324303664447,0.9499590784442178
145069,mid_high,1,0.05357047092479424,0.010356779523062598,0.6844770916638034,0.2515956578883397
25131,mid_high,1,0.029692754493821246,0.06293047216126127,0.5939789796345951,0.3133977937103224
144022,intensive,1,0,0,0.05338941196009732,0.9466105880399027
25023,extensive,1,0.8679502945702708,0,0.1320497054297291,0
142016,intensive,1,0,0,0.2261287731131249,0.7738712268868752
142004,mid_high,1,0.011888686780149281,0,0.5238776983056217,0.4642336149142291
25025,extensive,1,0.8782200213069473,0.006392939283556864,0.1153870394094958,0
25132,intensive,1,0.0030964475182410755,0,0.19741880683366167,0.7994847456480972
144005,intensive,1,0,0,0.15653064842099576,0.8434693515790043
25122,intensive,1,0.0122970273864349,0.004861826729200764,0.32798483419335644,0.6548563116910079
25024,mid_high,1,0.44338192648957586,0.03189113898088216,0.524726934529542,0
145064,intensive,1,0,0,0.27382697500880815,0.7261730249911919
25032,extensive,1,1,0,0,0
142018,intensive,1,0,0,0.09694052093830795,0.903059479061692
144021,intensive,1,0,0,0.060351596057537905,0.9396484039424621
116006,intensive,1,0.015003058498550064,5.276828258154962e-4,0.096734151476153,0.8877351071994815
145066,intensive,1,0,0,0.45041180370548434,0.5495881962945157
144020,intensive,1,0,0,0,1
116014,intensive,1,0.006577069942279314,0,0.06380312785789234,0.9296198021998283
25123,intensive,1,0.0030022573024813307,0,0.09623791701338766,0.900759825684131
25133,mid_high,1,0.18736334797553233,0.27735387527657596,0.5158859359234974,0.019396840824394343
142005,intensive,1,0,0,0.35073559964233625,0.6492644003576638
25136,mid_high,1,0.0012501289853684195,0,0.7309728461216509,0.26777702489298066
116032,intensive,1,0.0012155196889989707,0,0.08450823120912412,0.9142762491018769
25021,extensive,1,0.9840480468420254,0,0.015951953157974628,0
116007,intensive,1,0,0,0.08299475678716202,0.9170052432128379
25134,mid_high,1,0.3474012512665591,0.22185239850927005,0.4307463502241709,0
25124,intensive,1,0.001191533530336691,0,0.03607185516551739,0.9627366113041459
145070,mid_high,1,0.022741516375805997,0.012277050635972458,0.7070428373824085,0.25793859560581306
25107,mid_high,1,0.16824598287244666,0,0.8283747966188068,0.0033792205087466325
145065,intensive,1,0,0,0.18689586983709047,0.8131041301629095
25022,extensive,1,0.524859229109904,0.10968832070025751,0.36545245018983846,0
144007,intensive,1,0,0,0.10297450742770707,0.8970254925722929
142006,mid_high,1,0.046763280795357784,0,0.5634663192738185,0.3897703999308237
145063,intensive,1,0.007224823002303295,0,0.2571999223434334,0.7355752546542633
25031,extensive,1,1,0,0,0
25113,intensive,1,0.0064345856893720955,0,0.09631411747355889,0.8972512968370691
144024,intensive,1,0,0,0.001294845677894957,0.998705154322105
145072,intensive,1,0,0,0.1712579663517095,0.8287420336482905
25108,intensive,1,0.0025881001131709456,3.627945634862715e-4,0.377050508935558,0.6199985963877848
145071,mid_high,1,0.029763519647398026,0,0.5192795262176094,0.4509569541349926
142007,intensive,1,0.02887765705498809,1.4068822808367134e-4,0.2516231388603195,0.7193585158566087
142011,intensive,1,0,0,0.34224999777682624,0.6577500022231738
25125,intensive,1,0,0,0.04097183330570548,0.9590281666942945
25115,intensive,1,0,0,0.022587548429233117,0.9774124515707668
25111,mid_high,1,0.06822339140890402,0.011742634242185317,0.674228344431659,0.24580562991725166
116031,mid_high,1,0.10505042817241202,0.3064811497989194,0.5884684220286686,0
25095,intensive,1,0,0,0.3348943180966164,0.6651056819033836
25019,extensive,1,0.988709059702031,0,0.011290940297968972,0
144009,intensive,1,0,0,0.11712123179799788,0.8828787682020022
144025,intensive,1,0,0,0.09917260302286338,0.9008273969771367
142009,mid_high,1,0.3345178621071693,0.010136316410626622,0.6553458214822041,0
25092,mid_high,1,0.07506913141319849,0,0.9249308685868015,0
144006,intensive,1,0,0,0,1
25020,extensive,1,0.7965617919283003,0.043870657301009676,0.15956755077068996,0
142008,intensive,1,0,0,0.12264904700516455,0.8773509529948355
144023,intensive,1,0,0,0.4523893903546675,0.5476106096453325
25112,intensive,1,0,0,0.07489192865966061,0.9251080713403393
25119,intensive,1,0.003758616915259731,0,0.16989306916353256,0.8263483139212078
25109,extensive,1,0.9362563612526437,0.045577591555482896,0.01816604719187349,0
25093,mid_high,1,0.06261248958725145,0,0.7030575807120352,0.2343299297007134
144011,intensive,1,0,0,0.08688472072213009,0.91311527927787
145060,mid_high,1,0,0,0.5345390766179825,0.46546092338201744
25017,extensive,1,0.8826522107796965,0,0.1173477892203035,0
145061,intensive,1,2.97149374147325e-5,0,0.17256457005562126,0.827405715006964
144019,intensive,1,0,0,1.3530525518116082e-4,0.9998646947448189
145074,mid_high,1,0,0,1,0
25094,mid_high,1,0,0,0.6263439470254664,0.3736560529745337
145073,intensive,1,0,0,0.06808331653479294,0.9319166834652071
25096,intensive,1,0.013803120037874754,1.1588247156893143e-4,0.21208066661232958,0.7740003308782267
144008,intensive,1,0,0,0,1
25097,mid_high,1,0.03357757601076773,0.17676775739307876,0.6726638300200446,0.11699083657610891
25114,intensive,1,0,0,0.00399814103666558,0.9960018589633344
25016,extensive,1,0.9939895054352297,0,0.006010494564770326,0
145082,mid_high,1,0.006035583401301141,0,0.528974760439096,0.4649896561596029
25089,mid_high,1,0.04178557907438761,0.007084927751478559,0.9389991126417022,0.012130380532431631
145075,mid_high,1,0,0,0.7512842263261481,0.24871577367385186
145059,intensive,1,0,0,0.16675088190592613,0.8332491180940739
25116,intensive,1,0,0,0.09532340337088407,0.9046765966291159
25090,intensive,1,0,0,0.3392010859340535,0.6607989140659465
144010,intensive,1,0,0,0,1
144013,intensive,1,0,0,0.471487476233171,0.528512523766829
25120,mid_high,1,0.08088802833387973,0,0.8610521645920801,0.05805980707404009
144026,mid_high,1,0.00567508679578235,0,0.9506402938977916,0.043684619306426066
25091,mid_high,1,0.03276703980218051,0.03660812856967966,0.8852586082289364,0.04536622339920342
144027,intensive,1,0,0,0.13888147465116504,0.8611185253488349
146023,mid_high,1,0.015227933716008576,8.178869782306384e-5,0.6501204789227537,0.33456979866341463
25087,mid_high,1,0.05098068591870726,0.039198269079238464,0.7867200943508234,0.1231009506512309
25035,extensive,1,0.9124498690741915,0.060726036630456844,0.02682409429535169,0
25013,extensive,1,0.95829754964309,0,0.041702450356910004,0
144012,intensive,1,0,0,0.1300223421487306,0.8699776578512693
25141,intensive,1,0,0,0.18996119685885893,0.8100388031411411
25140,intensive,1,0,0,0.15376201989970784,0.8462379801002922
144018,intensive,1,0,0,0.10914562030405102,0.8908543796959489
25088,mid_high,1,0.029293680471704973,0.007527337520852588,0.6916968060466383,0.27148217596080415
144014,intensive,1,0,0,0.4921991343246425,0.5078008656753574
145078,intensive,1,0,0,0,1
25011,extensive,1,0.9317324387219108,0.0015869010840155148,0.06668066019407368,0
146022,mid_high,1,0.009422620459223267,0,0.9905773795407767,0
144030,intensive,1,0.01232337125154006,0,0.15949284180232318,0.8281837869461368
145077,intensive,1,4.947684864789574e-4,2.377850071949131e-4,0.25431579516773756,0.7449516513385885
25012,extensive,1,1,0,0,0
145079,intensive,1,0.0070392323766787415,0,0.07419683619453503,0.9187639314287862
144028,intensive,1,0,0,0.009311855539027736,0.9906881444609723
145058,intensive,1,0.001868491121477358,0,0.23819446787603657,0.759937041002486
25014,extensive,1,0.9992456425948707,1.3772726015127393e-4,6.16630144978081e-4,0
144029,intensive,1,0,0,0.035185525306498856,0.9648144746935011
25084,mid_high,1,0.23630110580447444,0.2103286523051518,0.4029166362937243,0.15045360559664944
25015,mid_high,1,0.30215859946609497,0.09536870941480637,0.6024726911190987,0
146021,mid_high,1,0.3116953689611994,0.13189519797339216,0.5564094330654085,0
25099,mid_high,1,0.013813399731171612,0,0.6779917081766617,0.30819489209216677
25085,mid_high,1,0.06079108992825701,0.005832562169523445,0.7470749259762032,0.18630142192601634
144017,intensive,1,0.008281152846041941,0,0.3950577547428938,0.5966610924110642
25100,intensive,1,0.009758481956555829,0,0.37475255477638714,0.615488963267057
145057,intensive,1,7.452355721674301e-5,0.00313125353294569,0.3412546454787005,0.6555395774311371
144034,intensive,1,0.02315758255950553,0,0.3920173608710196,0.5848250565694748
145080,intensive,1,0.004567604549839419,0,0.03522497398329698,0.9602074214668636
144016,intensive,1,0,0,0.030522174596782775,0.9694778254032173
146018,mid_high,1,0,0,0.988849374137942,0.011150625862057909
25139,intensive,1,4.025634866147862e-5,0,0.3443800224617008,0.6555797211896377
25104,extensive,1,0.6449703470021306,0,0.3550296529978693,0
115016,intensive,1,0.005512433162550215,0,0.24134200357700952,0.7531455632604402
25086,intensive,1,0.05016080268626215,0.0101688697672555,0.4013762918920864,0.5382940356543959
25007,extensive,1,0.8593548154320853,0,0.1406451845679148,0
144015,intensive,1,0,0,0.07292972416775492,0.9270702758322451
145081,intensive,1,7.122661550587911e-4,0,0.2702208472199481,0.7290668866249931
25008,extensive,1,1,0,0,0
25106,mid_high,1,0.1186685229342587,0,0.71140675740575,0.16992471965999137
25009,extensive,1,1,0,0,0
144031,intensive,1,0.04238482407361153,0.004559343874775441,0.145740622277555,0.807315209774058
25010,extensive,1,0.9341064585349125,0.015476377959162103,0.05041716350592537,0
144043,mid_high,1,0.18614334459273268,0.037210748414188186,0.7638751907863705,0.012770716206708626
115017,intensive,1,0,0,0.08056329596430355,0.9194367040356964
25080,mid_high,1,0.2522781242675363,0.03433878593127309,0.7133830898011906,0
144032,intensive,1,0,0,5.014951017383721e-4,0.9994985048982616
146017,mid_high,1,3.605551466983358e-4,0,0.848944551510462,0.15069489334283964
145053,intensive,1,0.0023716344303805264,0,0.13933290646797777,0.8582954591016417
25081,mid_high,1,0.17404344438882008,0.007432247135354989,0.4726496653464631,0.3458746431293619
115015,intensive,1,0.09311771169826374,0,0.4448620137305865,0.46202027457114975
146019,mid_high,1,0.3165754312370483,0,0.6499143811136285,0.03351018764932321
146020,intensive,1,0.0035730362674885516,0,0.32472239679976533,0.6717045669327462
25082,mid_high,1,0.07712583568946274,0.012280587416195927,0.50117125683831,0.4094223200560313
144033,intensive,1,5.781147720139217e-5,0,0.2533190984589891,0.7466230900638094
25083,extensive,1,0.8387378017122842,0.006895883570111636,0.1543663147176042,0
25101,extensive,1,0.9774354153505586,0,0.02256458464944139,0
25005,extensive,1,0.9719315559814459,0.013186847095984501,0.014881596922569636,0
144044,intensive,1,0,0,0.06723191198997246,0.9327680880100275
25067,mid_high,1,0.041707617841528453,0.037891813161755564,0.5744901652721746,0.34591040372454146
115014,intensive,1,0,0,0.10315615830966492,0.896843841690335
25103,extensive,1,0.9996697233823542,0,3.302766176458538e-4,0
25006,extensive,1,0.9747760728677618,0.025026992107524078,1.9693502471407012e-4,0
144040,mid_high,1,0.00752045879914391,0,0.8695432994611573,0.12293624173969883
25030,extensive,1,0.8755837156791557,9.199074676580879e-4,0.12349637685318622,0
146013,intensive,1,0,0,0.1278203560366701,0.8721796439633299
25076,mid_high,1,0.177031715656953,0.008473106219559547,0.8144951781234875,0
25079,mid_high,1,0.07961833733616998,0.08154931398462945,0.5801833162753721,0.25864903240382847
115013,intensive,1,0,0,0.45640627923006954,0.5435937207699305
25075,mid_high,1,0.07541145096587316,0.033303758624488526,0.548521409446337,0.3427633809633014
144039,intensive,1,0,0,0.33931420364019654,0.6606857963598034
145055,mid_high,1,0,0,0.5811559574318116,0.41884404256818836
115012,intensive,1,1.4224383165468147e-4,0,0.26717312047164554,0.7326846356966997
144035,mid_high,1,0,0,0.5545055142126063,0.44549448578739365
25078,mid_high,1,0.06389121521068651,0,0.8154079471531588,0.12070083763615475
145050,intensive,1,0,0,0.001391730793283499,0.9986082692067165
115011,intensive,1,0.11000614461978067,0.1002966076308734,0.21506393806210253,0.5746333096872434
144038,intensive,1,0,0,0.10776314637876536,0.8922368536212346
25004,extensive,1,0.7906967950843345,0.13965883759084327,0.06964436732482214,0
146012,intensive,1,0,0,0.051095855197584715,0.9489041448024153
25073,intensive,1,0.07282092226040715,0.0077049061471567235,0.38659559584223435,0.5328785757502017
115005,intensive,1,0,0,0.17140903482033476,0.8285909651796652
146014,intensive,1,0,0,0.06490884190421232,0.9350911580957877
25074,intensive,1,0.02850017192522343,0.0075639956192104126,0.4548083972307801,0.5091274352247861
146015,intensive,1,0,0,0.31161750811011196,0.6883824918898881
145048,mid_high,1,0.2702441404135242,0,0.725161807210863,0.004594052375612843
25002,extensive,1,0.9729002810142114,0.005851583711275925,0.021248135274512626,0
144037,intensive,1,0,0,0.4541542545144293,0.5458457454855707
115010,mid_high,1,0.012025464022418816,0,0.9879745359775812,0
146016,mid_high,1,0.16220476479579254,0.01666552375018465,0.8211297114540228,0
25001,extensive,1,0.9975609335461352,0.0024390664538647775,0,0
115006,intensive,1,0,0,0.10443902899207076,0.8955609710079292
115007,intensive,1,0.018382256410730036,0,0.2402973262857179,0.741320417303552
144036,mid_high,1,0.11521762388297738,0,0.8513013045139413,0.03348107160308141
115004,intensive,1,0.0028076531437574415,0,0.1765715881193693,0.8206207587368732
146008,intensive,1,0.009963131128800661,0,0.42662568044084603,0.5634111884303533
25003,extensive,1,0.4998401924634689,0.006917459514917459,0.4932423480216136,0
115009,intensive,1,0.03341742596122769,0,0.3916073333206629,0.5749752407181095
25071,mid_high,1,0.1335559934919447,0.001445648001215513,0.8649983585068398,0
146010,intensive,1,6.096854166611e-4,0,0.05339735677873533,0.9459929578046036
25063,intensive,1,0,0,0.22837122010403713,0.7716287798959629
145090,intensive,1,0,4.712323919465307e-5,0.15110732886060463,0.8488455479002007
25064,mid_high,1,0.002214326503462906,0,0.5001744135519737,0.49761125994456346
146009,intensive,1,0,0,0,1
115003,intensive,1,0.007795616220764075,0,0.17455088125211637,0.8176535025271195
115008,intensive,1,0.02525400489687616,0,0.15683549692595758,0.8179104981771662
25065,extensive,1,0.6146508860441884,0.23272922108678182,0.15261989286902974,0
146006,mid_high,1,0,0,0.8977941159888614,0.10220588401113861
146007,mid_high,1,0,0,0.9351880479393846,0.06481195206061544
145102,intensive,1,1.89145050447847e-4,0,0.31723731914281483,0.6825735358067373
145091,intensive,1,5.186129318090265e-4,0,0.36997222664407914,0.6295091604241119
146004,intensive,1,0,0,0.020725172367319272,0.9792748276326807
146005,mid_high,1,0,0,0.728094079622966,0.2719059203770339
115002,extensive,1,0.5180140917562711,0.02222494042701235,0.4594468464173541,3.141213993624611e-4
146003,intensive,1,0,0,0.019933807701819534,0.9800661922981805
25057,intensive,1,3.369081080209159e-4,0,0.30240696496849967,0.6972561269234794
146002,intensive,1,0,0,0.03991711030379879,0.9600828896962013
146001,intensive,1,0,0,0.3037373090959068,0.6962626909040932
145089,intensive,1,0,0,0.16665713153320816,0.8333428684667918
145046,mid_high,1,0.2384250871724285,0.02497133781417211,0.7362786928671089,3.2488214629053375e-4
145045,intensive,1,0.00556782647862218,0.0014735831755179377,0.06879268348006981,0.92416590686579
145043,intensive,1,0,0,0.17042587932038727,0.8295741206796127
25054,extensive,1,0.6644644326759633,0,0.3355214576239456,1.4109700091019497e-5
145044,intensive,1,0.01192687900672915,0,0.421121286971936,0.5669518340213349
25052,mid_high,1,0.09995282597119587,0.01892358894666295,0.8255870026857022,0.05553658239643896
25053,mid_high,1,0.07936218746916551,0,0.9206378125308345,0
145083,intensive,1,0.0038408480255817785,0,0.39942940849638664,0.5967297434780316
145039,intensive,1,0,0,0.1361556465134053,0.8638443534865947
25055,extensive,1,0.39145549048334244,0.29864208158306876,0.30990242793358874,0
145093,intensive,1,0.0333002547531187,0.002402168069536207,0.2910219059517603,0.6732756712255848
145042,intensive,1,0.001912519919113217,0,0.10768097883903985,0.890406501241847
145038,intensive,1,0,0,0.03823816182582159,0.9617618381741784
145087,intensive,1,0.002899309159382992,0,0.11596537724290994,0.881135313597707
145094,intensive,1,0.02055276945973743,0.0016255106447096187,0.14369443920780162,0.8341272806877513
145032,intensive,1,0.06772172397922502,0.010580724274926115,0.3280585636393681,0.5936389881064807
145095,intensive,1,0.003867687911249164,0,0.42514840883558797,0.5709839032531627
145040,extensive,1,0.6893778001857807,0.01692891497453398,0.28928398076681316,0.004409304072872212
145021,mid_high,1,0,0,0.7058685924809583,0.2941314075190417
145036,intensive,1,0,0,0.031538653913494454,0.9684613460865056
145031,intensive,1,0,0,0.03547296577733044,0.9645270342226696
145020,intensive,1,0,0,0.05637708932297329,0.9436229106770267
145096,extensive,1,0.8136808255222943,2.3138045045613344e-4,0.18608779402724956,0
145085,intensive,1,4.52135827405225e-4,0,0.31962548550276915,0.6799223786698256
145084,intensive,1,4.359358853133719e-5,0,0.43013652032721983,0.5698198860842488
145034,intensive,1,0,0,0.13854556139462318,0.8614544386053768
145030,intensive,1,0.07079183727404377,0.02558345965859438,0.39623099702348435,0.5073937060438775
145099,mid_high,1,0.07168839688665915,0.023517963276594934,0.9047936398367459,0
6001,extensive,1,0.9838210191010651,0.015226332269062594,9.526486298722998e-4,0
145019,mid_high,1,0,0,0.5128848076421165,0.4871151923578835
145029,mid_high,1,1.0349143835892564e-4,0,0.5605669491620289,0.4393295593996122
145098,extensive,1,0.6430342457980907,0.015222964387595623,0.3417427898143137,0
145028,intensive,1,0,0,0.23118612432706204,0.768813875672938
6002,extensive,1,0.9995882865620658,0,4.117134379342144e-4,0
145022,intensive,1,0,0,0.09065235380567037,0.9093476461943296
145018,intensive,1,0,0,0.48736150720933796,0.5126384927906621
6062,mid_high,1,0.3354596183803587,0.005194362462438774,0.5396928439453438,0.11965317521185874
6003,extensive,1,1,0,0,0
145026,intensive,1,3.575349630156514e-4,0,0.3569129417630281,0.6427295232739563
145007,intensive,1,0.0028495247713978523,0,0.07307870002362533,0.9240717752049769
145017,intensive,1,0.005577282569410512,0,0.32378607599468107,0.6706366414359084
145016,intensive,1,0,0,0.3721480862208947,0.6278519137791053
6004,extensive,1,1,0,0,0
145025,mid_high,1,0.4005260301767145,0.0067062381411024325,0.5523789280196832,0.04038880366249982
145015,intensive,1,0,0,0.2413503242692366,0.7586496757307634
6005,extensive,1,0.9067872778500266,0.037394920480477045,0.05581780166949645,0
6014,extensive,1,0.6827495381651368,0.03040636806510152,0.25537258803498153,0.03147150573478014
114101,mid_high,1,0.008122508103675267,0,0.5177089558506318,0.47416853604569287
145024,mid_high,1,0.4737386310371591,0.011161106241509297,0.5090949404444739,0.006005322276857771
145013,intensive,1,0.0011106108011944933,0,0.4065683803964849,0.5923210088023206
145006,intensive,1,0,0,0.18399485245808359,0.8160051475419164
114100,intensive,1,0.04147634018805492,0.003620059636366657,0.4704449746144823,0.4844586255610961
145014,intensive,1,0.06077086611023274,0.0011024397836858159,0.3467871097456124,0.5913395843604691
6006,extensive,1,0.8249946541746815,0.0243587954449074,0.15064655038041108,0
145011,intensive,1,0,0,0.2380642080039836,0.7619357919960164
145005,intensive,1,0,0,0.20768658177904276,0.7923134182209572
145009,intensive,1,0,0,0.348306534849482,0.6516934651505181
145004,mid_high,1,0.005516212970224697,0.039750221733103705,0.9463041087119529,0.008429456584718623
114102,intensive,1,0.0040244801830206225,2.9785310430235446e-4,0.2907102014682309,0.7049674652444461
6015,extensive,1,0.7514696719260449,0.0060952265558604285,0.24243510151809466,0
145003,intensive,1,0,0,0.05602302317113934,0.9439769768288606
6008,extensive,1,0.7083759821787804,0.015311257900456643,0.12772828516376825,0.14858447475699474
6016,extensive,1,0.9299325890834562,0,0.07006741091654374,0
114103,intensive,1,0.019980249887601432,0.00535025723880856,0.4153142044678739,0.5593552884057161
114106,intensive,1,0.023637112280168016,0.004489454247228695,0.40586152059446035,0.5660119128781429
145002,mid_high,1,0.1255955104458521,0,0.5970810440284018,0.27732344552574606
145010,intensive,1,0.036512998125553114,0.004430621518813689,0.36077018638006547,0.5982861939755677
114105,intensive,1,0.002258331543916532,3.4283151246062047e-4,0.24309302450929043,0.7543058124343324
6009,extensive,1,0.7662138322301417,0.014183986227117758,0.08776089155834627,0.1318412899843942
145001,mid_high,1,0.010401330791511123,1.3559303096857033e-4,0.9394156057271063,0.05004747045041402
114107,intensive,1,9.569552607553873e-5,0.0064840791820344685,0.4473060008407487,0.5461142244511413
114104,extensive,1,0.6569150942422477,0.13990229660641873,0.20318260915133354,0
6010,extensive,1,0.681593651486113,7.905192480501448e-4,0.11127235276785791,0.20634347649797896
6011,extensive,1,0.8532391889514634,0.03392898172052711,0.10069190665990281,0.012139922668106632
114109,mid_high,1,0.08433956291076826,9.855332592728177e-4,0.914424201684681,2.507021452779241e-4
114110,mid_high,1,0.4340351989716132,0.1240533079642778,0.44191149306410904,0
114115,mid_high,1,0.0630258442919575,0.03420760708475158,0.6315294413257622,0.2712371072975287
6013,extensive,1,0.9316008886521983,0.014449128042699065,0.05394998330510271,0
114111,intensive,1,0.01301078988028397,7.799465559215296e-4,0.3021827640650629,0.6840264994987316
114112,extensive,1,0.6595433602708443,0.0725947216948986,0.26786191803425713,0
114114,mid_high,1,0.06987790140546596,0.0017113094327819102,0.8815261535692664,0.046884635592485666
114085,intensive,1,0.10429055813753563,7.581160775429478e-6,0.25276637859588774,0.6429354821058012
114084,mid_high,1,0.3648350760602593,0.018354654856984023,0.6133637255352967,0.003446543547459921
6018,extensive,1,0.9593333109056756,0.009379636059234099,0.03128705303509027,0
114086,intensive,1,0.015481784201491747,0,0.14028962559442268,0.8442285902040856
114113,intensive,1,0.002772850426189556,3.390886139156558e-4,0.4244135396937056,0.5724745212661891
6019,extensive,1,0.9919426522153569,0.004268857119999658,0.0037884906646433567,0
114087,intensive,1,0.06006844341731334,9.32014797969262e-4,0.12916757999906983,0.8098319617856475
114116,intensive,1,0,0,0.07213677469938952,0.9278632253006105
114083,intensive,1,0.07382330396219737,0,0.20086588504369993,0.7253108109941027
6020,extensive,1,0.9469504810817518,0.007090596948508554,0.04595892196973957,0
114118,intensive,1,0.0010676963829005846,0,0.13137565048294353,0.8675566531341559
114079,intensive,1,0.030247922879234296,4.285410244986644e-4,0.3814864737963807,0.5878370622998864
114119,intensive,1,0,0,0.22545072736245386,0.7745492726375461
24098,mid_high,1,0.029811830118478887,0,0.963343281821881,0.006844888059640089
114127,intensive,1,6.486311494577265e-4,0,0.22383670654861842,0.7755146623019239
114082,mid_high,1,0.010807727151938826,0,0.7773583510134415,0.2118339218346196
114081,intensive,1,0,0,0.3486552861049649,0.6513447138950351
6021,extensive,1,0.9395034240419138,0,0.053072009168344404,0.007424566789741771
114089,intensive,1,0.03032887324375695,0,0.28361236260346273,0.6860587641527803
114076,mid_high,1,0.29196432090947605,0.15777855597110682,0.5502571231194171,0
114080,mid_high,1,0.03952720908840254,0.008197351593745652,0.6119042976775416,0.3403711416403102
6024,extensive,1,0.9324294100734731,0.002946141119567053,0.06462444880695978,0
114126,intensive,1,0,0,0.1146708183845761,0.885329181615424
6022,extensive,1,1,0,0,0
114090,intensive,1,0.024113155401893002,0,0.2535231913675957,0.7223636532305113
114077,intensive,1,0.012827210470452613,0.0054365886127597535,0.4141116399561744,0.5676245609606132
114074,intensive,1,0.0024966142901429096,0,0.46194050451702817,0.5355628811928289
24096,mid_high,1,0.10445210147773902,0.021362029586954958,0.874185868935306,0
24094,extensive,1,0.47867088200132296,0.06104026497758458,0.46028885302109246,0
114072,mid_high,1,0.207976839890723,0,0.783894420836334,0.008128739272942996
6025,extensive,1,1,0,0,0
114128,intensive,1,0.0028786866165435116,0,0.3931023085826116,0.6040190048008449
24095,mid_high,1,0.16870895711554482,5.138869298829379e-4,0.8307771559545722,0
6023,extensive,1,1,0,0,0
114073,mid_high,1,0.05101014021787408,0,0.8317207283715576,0.11726913141056831
12000,extensive,1,0.8469136050604302,1.9518733338794647e-4,0.15289120760618183,0
24092,mid_high,1,0.3367102951712239,0.2907334954106973,0.37255620941807877,0
6027,extensive,1,1,0,0,0
24093,mid_high,1,0.011716525203523237,0,0.9882834747964767,0
114148,mid_high,1,0.07260670021601541,0,0.9273932997839845,0
114129,mid_high,1,0.08530370684974214,0,0.8981311382427729,0.016565154907484916
24091,extensive,1,0.4972959776502633,0.024354459631855056,0.47834956271788165,0
6026,extensive,1,1,0,0,0
6028,extensive,1,1,0,0,0
114071,intensive,1,0,0,0.15013446985107887,0.8498655301489211
24089,mid_high,1,0.41847468101936364,0.15307734898880307,0.42844796999183327,0
114070,mid_high,1,0.4435068280745351,0.013367822102192301,0.5431253498232727,0
24088,extensive,1,0.7789506370595719,0.020186262005757922,0.20086310093467016,0
24090,mid_high,1,0.2542781030625148,0.06913088803997948,0.6765910088975057,0
114075,intensive,1,1.5606630577948271e-4,0,0.4698700260611985,0.529973907633022
114069,intensive,1,0.0016993419828472372,8.536949589311369e-4,0.25854750515458524,0.7388994579036364
24087,mid_high,1,0.40486664172195574,0,0.5951333582780443,0
24084,extensive,1,0.7813106388249194,0.11469577296894318,0.10399358820613742,0
24086,mid_high,1,0.19655307655899745,0,0.6621391200718584,0.14130780336914417
114091,intensive,1,0.09761148071459373,0.0011333711666603173,0.3829569489641416,0.5182981991546043
114122,mid_high,1,0.15290312810136225,0.04808149408003173,0.799015377818606,0
114131,mid_high,1,0.06984051119713666,0.0023400787309369067,0.9200636749672833,0.0077557351046431645
24083,mid_high,1,0.2822792527510831,0,0.7177207472489169,0
114068,intensive,1,0.010994129181815405,0.0031467648237424855,0.24492086454570788,0.7409382414487342
5029,extensive,1,1,0,0,0
24080,extensive,1,0.9063183536801488,0.05780404968338159,0.0358775966364696,0
114063,intensive,1,0,4.839595969297077e-5,0.08367102829672181,0.9162805757435852
114092,mid_high,1,0.10179834567037468,0,0.4912183174567926,0.4069833368728327
5030,extensive,1,1,0,0,0
24082,mid_high,1,0.11906038448990695,0,0.7954131585651462,0.08552645694494686
24085,mid_high,1,0.37040286555864754,0.12090278152833178,0.5086943529130207,0
114067,extensive,1,0.8309601425470547,0.003829301935018649,0.16521055551792657,0
100001,mid_high,1,0.28262340323930596,0.12122121409883443,0.5961553826618596,0
114060,intensive,1,0,0,0,1
24079,mid_high,1,0.16197274659584154,0,0.8380272534041585,0
24081,mid_high,1,0.15112294198980894,0.07742418610099541,0.7714528719091956,0
100002,mid_high,1,0.32823753044262427,0.15911153857819613,0.5126509309791796,0
24076,extensive,1,0.9115551478614817,0.05801259759855832,0.030432254539959996,0
100003,mid_high,1,0.002263452990424773,0,0.9977365470095753,0
24078,mid_high,1,0.071838656020256,0,0.928161343979744,0
24097,mid_high,1,0.18867068279270685,0.012959455781691647,0.7983698614256015,0
24075,mid_high,1,0.2841507458780033,0,0.6855208049994246,0.030328449122572067
24077,mid_high,1,0.06623628452093476,0.014019278852206229,0.919744436626859,0
24072,extensive,1,0.6578248316831805,0.2790165720549275,0.06315859626189199,0
114133,mid_high,1,0.24852375602013266,0,0.7514762439798673,0
100004,mid_high,1,0.01128996319340574,0.022403385074894488,0.9663066517316997,0
114061,intensive,1,0,0,0.007896107729233782,0.9921038922707662
100011,mid_high,1,0.34719911211499555,0,0.6528008878850045,0
24074,mid_high,1,0.1453236625504211,0.014097146687286437,0.7639381883685402,0.07664100239375224
24068,mid_low,1,0.36509795511828685,0.5893590104701342,0.045543034411578996,0
114147,mid_high,1,0.371510649842626,0,0.6198174079086387,0.008671942248735272
114132,mid_high,1,0.015181133145898872,0,0.5074446333390139,0.47737423351508723
5031,extensive,1,1,0,0,0
100010,mid_high,1,0.01676670763789915,0,0.6783775497203516,0.30485574264174925
24071,mid_high,1,0.394962317969304,0,0.4939621630405834,0.11107551899011264
24073,mid_high,1,0.1197728182591058,0.023144578332728323,0.8570826034081659,0
114057,mid_high,1,0.050101712051646444,0,0.5475527169241547,0.4023455710241989
5032,extensive,1,1,0,0,0
24067,extensive,1,0.728227164598778,0.2565068990399134,0.015265936361308607,0
24070,mid_high,1,0.3356709699697149,0,0.526462848827681,0.1378661812026041
114058,intensive,1,0.03381409129630816,0.011140971576395372,0.17489803100611406,0.7801469061211824
100005,mid_high,1,0.024231604937626258,0,0.9757683950623738,0
24063,extensive,1,0.5305039587992695,0.33388928234696047,0.13560675885377005,0
114062,intensive,1,0,0,0.04341365368638425,0.9565863463136157
24066,mid_high,1,0.37048712184329124,0,0.6231227862659667,0.00639009189074196
24069,mid_high,1,0.31497097223063203,0,0.6850290277693679,0
100008,mid_high,1,0.013759804636011086,0,0.9862401953639889,0
114064,mid_high,1,0.09346480008762699,0.03449246043617929,0.6949371959655868,0.17710554351060698
100012,extensive,1,0.5551711673677218,0,0.44482883263227824,0
24058,extensive,1,0.6124222430945901,0.30087790802582726,0.08669984887958261,0
114134,mid_high,1,0.13136888003325173,0.003889738801404577,0.8579661314910564,0.0067752496742873
100013,mid_high,1,0,0,1,0
24062,extensive,1,0.9017787200653219,0.09651760085545912,0.0017036790792189563,0
114146,mid_high,1,0.22826558180344855,0.015565795165655427,0.756168623030896,0
114056,intensive,1,0,0,0.120939371933626,0.879060628066374
24065,mid_high,1,0.3614828737388175,0,0.6385171262611825,0
24057,extensive,1,0.910770200763213,0.05050303700400152,0.038726762232785504,0
114066,extensive,1,0.9367394628767097,0.007879759744397802,0.05538077737889247,0
24061,mid_high,1,0.01105999754828888,0,0.9889400024517111,0
100006,mid_high,1,0.24645247566527806,0.04536603007098766,0.7081814942637343,0
24064,mid_high,1,0.4606945264471208,0.07267720173731886,0.4666282718155603,0
100014,mid_high,1,0.0697526054721134,0,0.9302473945278866,0
114135,mid_high,1,0.0969649970621373,0.0045694350986203325,0.8984655678392424,0
24056,extensive,1,0.7495087622824538,0.06256506011769244,0.18792617759985372,0
14060,extensive,1,0.7355889681349528,0.09047302856388349,0.17393800330116377,0
5033,extensive,1,1,0,0,0
114065,extensive,1,0.5431439883219338,0,0.4568560116780662,0
24060,mid_high,1,2.657427674841833e-4,0,0.9997342572325159,0
114055,mid_high,1,0,0,0.606964172668272,0.39303582733172804
5034,extensive,1,1,0,0,0
114093,mid_high,1,0.07282403896662755,0.0021125874874945347,0.651878469904975,0.273184903640903
24052,mid_high,1,0.1020416336386841,0.04982371776407382,0.8481346485972421,0
24055,mid_high,1,0.053264775398126504,0,0.6913585479887959,0.25537667661307756
24059,extensive,1,0.6712899050800478,0.039039784878859105,0.28967031004109306,0
114051,intensive,1,0,0,0.1406945904851269,0.8593054095148731
24051,mid_high,1,0.3361444039438384,0.0016071616267839253,0.6622484344293778,0
114054,mid_high,1,0,0,0.9288932618197567,0.07110673818024332
114048,mid_high,1,0.3820124857536816,0.03790405337279468,0.5416036837108346,0.03847977716268924
24054,mid_high,1,0.23299123285948062,0,0.7670087671405194,0
114052,intensive,1,0,0,0.3366451836278335,0.6633548163721665
24050,mid_high,1,0.09132772178092734,0,0.5732105869762397,0.335461691242833
100015,mid_high,1,0.06567971340711203,0.04337452171166045,0.8909457648812276,0
100009,mid_high,1,0.21066737225030702,0,0.7893326277496929,0
24046,mid_high,1,0.035451821459344064,0,0.9375993784570524,0.026948800083603522
24053,extensive,1,0.6249991681090139,0.20148809435622764,0.1735127375347585,0
114053,mid_high,1,0.016571712130913904,0,0.5373938036210253,0.44603448424806086
24049,extensive,1,0.5110983590704061,0.02827157678629704,0.4606300641432969,0
114136,mid_high,1,0.06538259399708363,0.008180511393780667,0.8617318830147984,0.06470501159433734
114094,intensive,1,0.008532900060235136,0,0.15997910817496877,0.831487991764796
24045,mid_high,1,0.2964162703175825,0,0.7035837296824176,0
24048,extensive,1,0.6034110158554783,0.10219090349057904,0.2943980806539427,0
114047,mid_high,1,0.08574908420835349,0,0.9142509157916465,0
5035,extensive,1,1,0,0,0
100007,mid_high,1,0.022046385599858838,3.314861203989059e-4,0.9776221282797423,0
100016,mid_high,1,0.04524376722004718,0.03129205480292356,0.9234641779770293,0
24042,mid_high,1,0.024564389200459814,6.996404150090368e-5,0.9753656467580393,0
24047,extensive,1,0.7440511734839119,0.1308550063540143,0.12509382016207382,0
100024,extensive,1,0.9735313428771125,0.01243225110353252,0.014036406019354932,0
5036,extensive,1,1,0,0,0
24044,extensive,1,0.9585240345605093,0,0.041475965439490746,0
100017,mid_high,1,0,0,1,0
24041,extensive,1,0.7229203288571437,0.013947989075065746,0.2631316820677905,0
114049,mid_high,1,0.00315455241381032,0,0.8670245005052267,0.12982094708096292
100022,mid_low,1,0.0917868826991316,0.6719678156618233,0.23624530163904514,0
114044,intensive,1,0.018036066430002568,0,0.4477114878392563,0.5342524457307412
24038,extensive,1,0.539811745956199,0.02022642867579351,0.4399618253680075,0
24043,extensive,1,0.9728356010152586,0.02309218322784092,0.004072215756900491,0
24040,extensive,1,0.8608721857270646,0,0.13912781427293536,0
114137,mid_high,1,0.48938766916119264,0.017210839305493983,0.49340149153331336,0
114138,mid_high,1,0.1761863415682524,0.03943725165439245,0.7843764067773551,0
24037,extensive,1,0.7349651229864917,0.03312031503044406,0.2319145619830642,0
100034,extensive,1,0.8017150546962106,0.014033523440009158,0.1679515304715951,0.01629989139218501
24034,mid_high,1,0.0817280942677977,0.020016138922510123,0.8982557668096922,0
100025,extensive,1,0.6960922798118683,0.18887859307141955,0.11502912711671213,0
24039,extensive,1,0.7956543558437368,0.18989125965177808,0.014454384504485192,0
100023,mid_high,1,0.1933876335496801,0.18338653238000358,0.6232258340703163,0
100018,mid_high,1,0,0.0049773490431155275,0.9950226509568845,0
24036,mid_high,1,0.4459470292742477,0.07964840038492747,0.47440457034082484,0
114042,intensive,1,0.008919200970538825,0,0.43331878588095935,0.5577620131485018
5037,extensive,1,1,0,0,0
100026,extensive,1,0.96461490237752745,0.03538509762247259,0,0
24033,mid_high,1,0.21597804394921374,0.3238882183133598,0.46013373773742644,0
24030,mid_high,1,0.055988095632229444,0,0.8621441768574639,0.08186772751030667
100021,extensive,1,0.6946947928074845,0.09044424538428263,0.21486096180823294,0
5038,extensive,1,1,0,0,0
100031,extensive,1,0.507757601932345,0.004506175811482069,0.48773622225617297,0
24035,extensive,1,0.773237957485639,0.11784140009956048,0.10892064241480058,0
100019,mid_high,1,0.09369869883093829,0.32004932231009975,0.586251978858962,0
24029,mid_high,1,0.07512691474667856,0.019146758878368444,0.905726326374953,0
114037,mid_high,1,0.19128283037974028,0.001158330737310243,0.756378448148445,0.05118039073450447
24032,mid_high,1,0.13720294299526128,0.36547389357559046,0.49732316342914823,0
114040,mid_high,1,0.18501179757119848,0.18622933549829113,0.6287588669305104,0
114095,intensive,1,0.011114749921115722,0,0.3265686162608447,0.6623166338180396
100029,extensive,1,0.9936854658538403,0.0063145341461596635,0,0
24028,mid_high,1,0.4284345402527335,0,0.5715654597472666,0
100020,extensive,1,0.7080069818283679,0.1713108127097732,0.12068220546185894,0
14059,extensive,1,0.9907125647593189,0.009161719959526568,1.2571528115456383e-4,0
24031,extensive,1,0.6185282816196401,0.23511170429283262,0.14636001408752727,0
114153,intensive,1,0.013081680309782991,0,0.2788656288786552,0.7080526908115619
24027,mid_high,1,0.06314903517734045,0.08165731644022058,0.8551936483824389,0
100030,extensive,1,0.9886814443098052,0.011318555690194822,0,0
114139,extensive,1,0.6795848564507048,0.10633776862899098,0.21407737492030426,0
5039,extensive,1,1,0,0,0
24026,mid_high,1,0.22637902820033462,0.3203510387611743,0.45326993303849106,0
114141,mid_high,1,0.10477785084435579,0.023955260937777355,0.7491160862507288,0.12215080196713807
114142,mid_high,1,0.08977808349249532,0.31506061395611296,0.5951613025513918,0
5040,extensive,1,1,0,0,0
114034,intensive,1,0.0501141412648641,0,0.24707657585424564,0.7028092828808903
24013,mid_high,1,0.25437534017902586,0.04113879726169148,0.69343837600999,0.011047486549292567
114036,mid_high,1,0.05518137466194101,0.07488404139861127,0.43826210104516217,0.43167248289428556
100028,extensive,1,0.5701387179063679,0.3853006819291246,0.04456060016450745,0
24010,mid_high,1,0.37265497981881707,0,0.627345020181183,0
24008,mid_high,1,0.2994254415627563,0.04331187966674705,0.6572626787704966,0
100027,mid_low,1,0.3495002724378287,0.4654899134327319,0.18500981412943943,0
114035,mid_high,1,0.162337535136177,0.012729514937519795,0.8249329499263032,0
100032,extensive,1,0.8633694696114028,0.12285720302777021,0.013773327360826936,0
24006,extensive,1,0.7362784967096556,0.04275647471393757,0.22096502857640685,0
114152,intensive,1,0.008243089087683429,0,0.21457604286535276,0.7771808680469638
24004,extensive,1,0.850985810866012,0.09170609584156461,0.05730809329242343,0
24002,extensive,1,0.8699485386625093,0.12873742308169678,0.0013140382557938841,0
114097,intensive,1,0.045926251116470335,0,0.23746916845474544,0.7166045804287843
100033,extensive,1,0.6373478168991877,0.32097422480540155,0.04167795829541071,0
24024,mid_high,1,0.18881868771789692,2.0932751572797656e-4,0.8109719847663751,0
24015,extensive,1,0.5816049096817283,0.003278970733326924,0.41511611958494476,0
24022,mid_high,1,0.01630736450655528,0.03245750304349067,0.9512351324499541,0
114151,intensive,1,0,0,0.15067258619350934,0.8493274138064907
114031,mid_high,1,0.12478194894236173,0.10090387016398819,0.7743141808936501,0
14058,extensive,1,0.9928280822210991,0.0011930687412788164,0.005978849037622125,0
114007,intensive,1,0.009250713303993617,2.820347019709481e-4,0.38696919769428556,0.6034980542997499
24020,mid_high,1,0.007662797536646829,0.005656350587053211,0.9866808518763,0
24018,mid_high,1,0.03927554843316294,0.019109420348562584,0.9416150312182745,0
5041,extensive,1,1,0,0,0
114143,intensive,1,0.04002377830228347,0,0.2824538288776307,0.6775223928200859
24016,mid_high,1,0.38553455850068485,0.02359748759179137,0.5908679539075238,0
114032,mid_high,1,0.19283237610644097,0.007087712230816893,0.8000799116627422,0
114144,mid_high,1,0.04073421386902041,0,0.7854751867833986,0.17379059934758104
114145,mid_high,1,0.23713351142226216,0.02178721714655315,0.709380203588595,0.031699067842589676
24017,mid_high,1,0.19857566407042826,0.09752621657850113,0.7038981193510706,0
5042,extensive,1,1,0,0,0
114033,intensive,1,0.0045928827832730605,0.04328759602707618,0.3221345887057142,0.6299849324839365
24014,extensive,1,0.6102802461435518,3.466787110043476e-4,0.3893730751454438,0
24025,mid_high,1,0.006979008009202954,0,0.7703659710235561,0.22265502096724094
114017,mid_high,1,0,0,0.7464067780356614,0.2535932219643386
114011,mid_high,1,0.41231466970703523,0,0.5876853302929648,0
24005,extensive,1,0.6700671345426026,0.2912100088796625,0.0387228565777349,0
114150,intensive,1,0.008369653653204214,0,0.22177683332392936,0.7698535130228664
114099,intensive,1,0,0,0.3655822293012972,0.6344177706987029
114098,intensive,1,0.015944111722536947,0,0.19935706138781564,0.7846988268896474
24003,extensive,1,0.8418890180864937,0.12945505237400734,0.02865592953949893,0
24001,extensive,1,0.6285397351601469,0.12913816047730445,0.24232210436254864,0
114030,mid_low,1,0.2984382002012674,0.3517600487404085,0.3498017510583242,0
24012,mid_high,1,0.36496543523210107,0.1627929284042511,0.47224163636364785,0
24011,mid_low,1,0.3592042521292455,0.5334351502526828,0.10736059761807173,0
24007,extensive,1,0.6362915488614962,0.29982524090671353,0.06388321023179029,0
24009,extensive,1,0.7942317626380734,0.1981369166095567,0.007631320752369893,0
24023,mid_high,1,0.0027456262118767598,0,0.9972543737881232,0
5043,extensive,1,1,0,0,0
114006,intensive,1,7.00226459723798e-6,0,0.1404686231645261,0.8595243745708766
114010,mid_high,1,0.032612581097025944,0,0.6197783252616691,0.34760909364130493
114029,mid_high,1,0.3253983002591357,2.9154689321355613e-4,0.6743101528476507,0
24021,mid_high,1,3.6106182862842743e-5,0,0.89166629773289,0.10829759608424715
114028,mid_high,1,0.46816356446139434,0.012177086720695068,0.5196593488179105,0
5044,extensive,1,1,0,0,0
114013,intensive,1,0.009041961242674632,0,0.279107231478955,0.7118508072783704
24019,mid_high,1,0.08080011700351053,0.1172251618915826,0.8019747211049069,0
14057,extensive,1,0.9930191391312343,0.006964813478962795,1.604738980289121e-5,0
114016,intensive,1,0,0,0.3265362455877713,0.6734637544122287
16094,intensive,1,0.008134212080446084,0,0.05050586173208268,0.9413599261874712
114019,intensive,1,0,0,0.4176782543752243,0.5823217456247757
114020,mid_high,1,0.010988634001632908,0,0.7916554589831812,0.19735590701518582
114005,intensive,1,0.10302925956247266,0,0.3311307786388447,0.5658399617986826
114026,mid_high,1,0.0298010732821963,0,0.9354463632411896,0.03475256347661412
114027,mid_high,1,0,0,0.9485499676470497,0.05145003235295028
16092,mid_high,1,0.03911929046048119,0,0.9515367019326477,0.009344007606871076
114009,intensive,1,0,0,0.032977053058363404,0.9670229469416366
16093,mid_high,1,0.027131930807556454,0,0.5800198031807683,0.3928482660116752
114004,intensive,1,0,0,0.1927758648362387,0.8072241351637613
16095,intensive,1,0,0,0.4130853395511668,0.5869146604488332
5046,extensive,1,1,0,0,0
5045,extensive,1,1,0,0,0
14056,extensive,1,0.9999320935705958,6.790642940429308e-5,0,0
114008,mid_high,1,0.007439545899214922,0,0.6455734625594431,0.34698699154134194
114015,mid_high,1,0.009386064370141835,0,0.9906139356298581,0
114014,intensive,1,0.02735111620984651,0.010190120463843334,0.4451687869573852,0.5172899763689249
114018,mid_high,1,0.03109418085822435,0,0.5661420179308257,0.4027638012109499
114003,mid_high,1,0,0,0.6148375210235604,0.3851624789764396
114021,mid_high,1,0,0,0.7846615038246074,0.2153384961753926
114024,mid_high,1,0.0046705698048198985,0,0.6369238615137901,0.35840556868138995
114025,mid_high,1,0.04610956691948449,0,0.7406235662798185,0.21326686680069704
114002,intensive,1,0.03046244815025626,0,0.2569135564070006,0.7126239954427431
16091,mid_high,1,0.0502397553899514,0.008922258626496149,0.8892729050675022,0.051565080916050214
66036,mid_high,1,0.2634706231884937,0,0.7365293768115063,0
114001,intensive,1,0.01695278703089788,0,0.4072534732360323,0.5757937397330698
66042,mid_high,1,0,0,1,0
66037,mid_high,1,0.0056296943796347015,0,0.6054286534975979,0.3889416521227674
66038,mid_high,1,0.10260902652913864,0,0.8973909734708614,0
66030,mid_high,1,0.2125763912240557,0.0020711026748177243,0.7621846502519136,0.023167855849212948
5047,extensive,1,1,0,0,0
66031,extensive,1,0.5384563644346747,7.122169752937652e-4,0.4608314185900315,0
14055,extensive,1,0.993204315252858,0.004616165655502717,0.002179519091639236,0
66044,mid_high,1,0,4.985750011692803e-4,0.8891782739102646,0.1103231510885661
16090,mid_high,1,0.02390927187552305,0,0.5647683774218074,0.41132235070266954
16089,intensive,1,0.03131115015755861,0,0.3663892836558544,0.6022995661865871
16088,extensive,1,0.7001460207851903,0.07391983716896999,0.22593414204583975,0
66016,mid_high,1,0.1023617158701643,0,0.8976382841298357,0
66045,mid_high,1,0,0,0.9165675019041162,0.08343249809588385
66043,intensive,1,0.004916474770622195,0.0934130206418217,0.4332621837595538,0.4684083208280023
66041,mid_high,1,0,0,1,0
66012,extensive,1,0.8274850851658928,0.03033151956557749,0.14218339526852966,0
14054,extensive,1,0.9792702681015332,0.01488781452003141,0.005841917378435436,0
5048,extensive,1,1,0,0,0
16104,mid_high,1,0.22764413719863685,0.12211794437291972,0.6502379184284435,0
66015,mid_high,1,0.20161321933446943,0.10834178229509596,0.6900449983704346,0
16087,mid_high,1,0.026391709694493812,0,0.4940316090775329,0.4795766812279733
66046,mid_high,1,0,0,1,0
66011,extensive,1,0.9810857671955814,0.01481018190084395,0.004104050903574644,0
66002,mid_high,1,0.11709640008594444,0,0.8829035999140555,0
66040,mid_high,1,0.014096575608502793,0,0.9383090024826093,0.047594421908887866
16086,mid_high,1,0.10589689268083054,0,0.8941031073191694,0
66001,mid_high,1,0.06320636026559959,0,0.9367936397344004,0
66027,mid_high,1,0.34778790174865537,0.18396830158330027,0.46824379666804433,0
66051,mid_high,1,0.021444232509170748,0.022782931744075138,0.8846286417887238,0.07114419395803036
66047,mid_high,1,0,0,0.5647535893448558,0.43524641065514424
16085,intensive,1,0.06707530820157154,0,0.4128554312822749,0.5200692605161535
66050,mid_high,1,0.013637450261707826,0,0.7216332582588811,0.26472929147941104
66014,extensive,1,0.5267589838079739,0.22027023218674124,0.2529707840052848,0
66010,extensive,1,0.7770555193548102,0.20610131824772854,0.016843162397461267,0
66024,mid_low,1,0.3317603638259138,0.5029949973648361,0.16524463880925014,0
66007,extensive,1,0.9971152090400576,0.002884790959942482,0,0
14053,extensive,1,0.9863231139348896,0.010166716916881651,0.0035101691482287405,0
66018,mid_high,1,0.34478100720434285,0,0.6552189927956571,0
5049,extensive,1,1,0,0,0
16115,mid_high,1,0.018806169449160012,0.08032037562442429,0.9008734549264157,0
66004,mid_high,1,0.045062403947218145,0.10551872130830477,0.8494188747444771,0
66017,mid_high,1,0.13345318671693668,0.22909571687706634,0.637451096405997,0
66003,mid_high,1,0.2047217285230897,0.013729486195264947,0.7815487852816454,0
66013,mid_low,1,0.1143160491691001,0.5717050459002123,0.3139789049306876,0
16083,intensive,1,0,0,0.1853136763436136,0.8146863236563864
66009,mid_low,1,0.3425018457115145,0.40470862932674906,0.25278952496173646,0
16105,intensive,1,0.0029846090613843486,0,0.31721603590617714,0.6797993550324385
66026,intensive,1,0,0,0.16506579250758313,0.8349342074924169
16113,mid_high,1,0.11548781166310554,0.2444985108048019,0.6400136775320926,0
66006,extensive,1,0.5944068709225538,0.27731570293935254,0.12827742613809365,0
66019,mid_high,1,0.13348383640150352,0.0049164975445168645,0.7520772011056491,0.10952246494833047
66020,extensive,1,0.5570255986807653,0.23729977983049397,0.20567462148874072,0
16082,mid_high,1,0.12547575726280258,0.07294249841675438,0.7931558849746667,0.008425859345776335
66025,intensive,1,0.015504642099536127,0.010498048313867159,0.3165218123413481,0.6574754972452487
14052,extensive,1,0.9514171260431172,0.02970965518058561,0.01887321877629719,0
66022,mid_high,1,0.04284871140528242,0.014780977948500407,0.9108396016300523,0.03153070901616492
5050,extensive,1,1,0,0,0
66008,mid_high,1,0.007440622269321854,0.04056292022882555,0.9519964575018526,0
16112,mid_high,1,0.1093523160340799,0.036573920582575255,0.8540737633833448,0
16136,intensive,1,0.0075564588524856926,0.00226362265443099,0.4341256952907244,0.5560542232023589
66005,mid_high,1,0.12984256767772992,0.18874778324444597,0.6814096490778241,0
16138,intensive,1,0.010713240384803587,0,0.19194735619995854,0.7973394034152379
66023,mid_high,1,0,0,0.5978472392275789,0.4021527607724211
66021,mid_high,1,0,0,0.7521719075029496,0.2478280924970504
16114,mid_high,1,0.022693069847385876,0,0.9773069301526142,0
7000,extensive,1,0.8999671957561991,8.462066063696601e-4,0.0991865976374312,0
16106,mid_high,1,0.008102199680813915,0.0031669168496497534,0.9887308834695363,0
16080,mid_high,1,0.11231023418722069,0.02475506940933718,0.8629346964034421,0
16124,mid_high,1,0,0,0.5892085488344002,0.41079145116559973
16070,extensive,1,0.9702349305594786,0.029765069440521413,0,0
16137,mid_high,1,0,0,0.9157572022827768,0.0842427977172232
16110,mid_high,1,0.0012051990268809375,0,0.7030134287552928,0.29578137221782624
16118,mid_high,1,0,0,1,0
16129,intensive,1,0,0,0.0946173328038288,0.9053826671961712
16107,extensive,1,0.5023180511440128,0.28918987613237945,0.20849207272360767,0
14051,extensive,1,0.9372015777002844,0.04063702445932581,0.022161397840389768,0
16071,extensive,1,0.7870874281232142,0.0531603062029938,0.15975226567379197,0
16125,intensive,1,0,0,0.06876254007888427,0.9312374599211156
16123,mid_high,1,0.01561775034483723,0,0.7948944389599596,0.18948781069520318
16121,mid_high,1,0,0,0.811170636783716,0.188829363216284
16073,mid_high,1,0.024847324383590556,0.01650695211833852,0.9565406075058684,0.0021051159922024954
16122,mid_high,1,0,0,1,0
16108,mid_high,1,0.2511289583689819,0.023322371616104197,0.7255486700149139,0
16119,mid_high,1,0,0,0.5840031547102076,0.4159968452897924
16109,mid_high,1,5.4714064908590084e-5,0,0.7623109749689612,0.23763431096613022
16135,mid_high,1,0.12043985663116454,0.01853461996701108,0.8610255234018244,0
16120,mid_high,1,0,0,1,0
16139,mid_high,1,0,0,1,0
16078,mid_high,1,0.29445748343518097,0.09621245512521559,0.6093300614396034,0
16068,mid_high,1,0.010709963117441375,0.006118487758675707,0.8982622548146635,0.08490929430921944
16048,intensive,1,0,0,0.10207544679977992,0.8979245532002201
16074,mid_high,1,0.0414827878639287,0.23831796619099815,0.7201992459450731,0
16134,mid_low,1,0.28845011383601715,0.36593927011403515,0.3456106160499477,0
16050,mid_high,1,0,0,0.9796746108658834,0.0203253891341166
16076,mid_high,1,0.13150566369484976,0.01622505113879374,0.8522692851663565,0
149057,mid_high,1,0.004600176502461999,0,0.9317009689368689,0.06369885456066902
16049,mid_high,1,0,0,0.6020066682355404,0.3979933317644596
16062,intensive,1,0.00588277432021619,0,0.3837601305261943,0.6103570951535895
149058,mid_high,1,0.016891442594230748,0,0.9396991746455049,0.04340938276026437
16064,mid_high,1,0.16659643407662605,0.15190979223476161,0.6814937736886123,0
149059,mid_high,1,0,0,1,0
16047,intensive,1,0,0,0.04274297424141399,0.957257025758586
16054,intensive,1,0,0,0.3941631245815703,0.6058368754184297
16063,mid_high,1,0.37513356635628253,0.008124362330146507,0.4055086507297618,0.2112334205838092
16077,mid_high,1,0.21404704027987928,0.2192818326747574,0.5666711270453634,0
16046,intensive,1,0,0,0.1467838298618037,0.8532161701381963
16002,mid_high,1,0.09033163899144274,0.015510806664659505,0.8941575543438978,0
16058,mid_high,1,0.35011940624885496,0.269683202316293,0.38019739143485204,0
16061,mid_high,1,0.2186188611030728,0.09354832501360034,0.6878328138833268,0
16003,mid_high,1,0.06981135613191036,0.0011183370504063007,0.7628631483712874,0.16620715844639586
149056,intensive,1,0,0,0.15669362773420484,0.8433063722657952
16056,mid_low,1,0.03519936902892469,0.5079199478538542,0.4568806831172211,0
149075,mid_high,1,0,0,1,0
149076,mid_high,1,7.113419170761282e-5,0,0.7383444772897835,0.26158438851850885
16057,mid_high,1,0.4229716692745087,0.10167436674483218,0.4753539639806591,0
16053,mid_high,1,0.00470281652038608,0,0.855758046747859,0.13953913673175486
149052,intensive,1,6.582263567247225e-4,0,0.282912893467682,0.7164288801755933
16042,intensive,1,0,0,0,1
16004,mid_high,1,0.04928113736451153,1.1846414700925142e-4,0.547666878531538,0.4029335199569413
16059,mid_high,1,0.23570822450236606,0.014890201321628962,0.749401574176005,0
16055,mid_high,1,0.3839639879772491,0.0036604188273500473,0.607190698444314,0.005184894751086883
16052,intensive,1,0,0,0.20044339949835868,0.7995566005016413
16043,intensive,1,0,0,0,1
16041,intensive,1,0,0,1.4326593689589057e-4,0.9998567340631042
149074,intensive,1,0,0,0.017068042281205332,0.9829319577187947
16005,extensive,1,0.5356638530855953,6.402963179115108e-4,0.4636958505964932,0
16011,mid_high,1,0.41515511776940767,0.11521801064070009,0.46962687158989225,0
16044,intensive,1,0,0,0.13054570566758159,0.8694542943324184
16007,mid_high,1,0,0,1,0
16010,mid_high,1,0.28072579030736705,0.1775752397015906,0.5416989699910424,0
17160,mid_high,1,0.08887482858681799,0.07000635031365092,0.7548308095411232,0.08628801155840787
17132,mid_high,1,0.26081576404322415,0.09100606060911172,0.6428943451601214,0.005283830187542721
149055,intensive,1,6.138014019828321e-4,0,0.373257989560985,0.6261282090370321
16008,mid_high,1,0.4498367720393253,0.04671368228338584,0.5034495456772888,0
16037,mid_high,1,0.21477330586208693,0.020256440161203603,0.7649702539767095,0
16038,intensive,1,5.935499004222903e-4,0,0.3003467192921718,0.6990597308074059
149054,intensive,1,0,0,0.3756974438369541,0.624302556163046
16040,intensive,1,0,0,0.05534847017623785,0.9446515298237621
16039,mid_high,1,0,0,0.7872436962326371,0.21275630376736293
149051,intensive,1,0.01992715620682697,0,0.15725599493400932,0.8228168488591637
16009,extensive,1,0.679349969520832,5.3635685495811594e-5,0.2965938296234663,0.0240025651702058
149053,mid_high,1,0.06609263175795496,0,0.9090864358407984,0.024820932401246665
16032,intensive,1,0,0,0.06576284694607469,0.9342371530539253
16035,intensive,1,0.005260632125372204,0,0.33319301391636796,0.6615463539582598
16012,mid_high,1,0.41944831551005074,0.05822152680739037,0.5223301576825589,0
16033,intensive,1,0.017700046874623943,0,0.46155001755131325,0.5207499355740628
16036,mid_high,1,0.2875789974770458,0.006179303208003993,0.7015214364131092,0.004720262901840986
16034,intensive,1,0,0,0.3331742351753488,0.6668257648246513
17131,extensive,1,0.707278997808307,0.2528697538775585,0.03985124831413451,0
16031,intensive,1,2.2286187001809745e-5,4.7913284074111734e-5,0.16239118218592527,0.8375386183429988
17159,mid_high,1,0.3712689089285183,0.2237440606652083,0.4049870304062734,0
16013,extensive,1,0.6416449707392073,0,0.35835502926079266,0
149043,intensive,1,0,0,0.05231392884385924,0.9476860711561408
149044,intensive,1,0,0,0.3035804875277168,0.6964195124722832
17125,mid_high,1,0.11494037290070841,0.3268737920530072,0.5581858350462844,0
17129,extensive,1,0.6076121454884661,0.020107110107513215,0.3722807444040207,0
16030,extensive,1,0.8633945278147841,0.05045461807605857,0.0861508541091573,0
149046,intensive,1,0,0,0.12106728883213991,0.8789327111678601
17126,mid_high,1,0.0916765490572874,0.07730137920712783,0.8310220717355847,0
16029,intensive,1,0.00879956698752469,0,0.12053106478067652,0.8706693682317987
149050,intensive,1,0,0,0.003958076079554642,0.9960419239204453
16027,extensive,1,0.7418766127382117,0.12268818553230765,0.1354352017294806,0
17148,intensive,1,0,0,0.12632049328507594,0.873679506714924
16025,mid_high,1,0.09922643255856231,0.02391208209548038,0.8768614853459573,0
16015,intensive,1,0.06487634266639254,0,0.2717301678798808,0.6633934894537267
16024,extensive,1,0.5023219090172547,0,0.49767809098274524,0
149041,mid_high,1,0.1870334230462045,0.03225275097756338,0.777738044872841,0.0029757811033911106
16028,mid_high,1,0.07347102826065066,8.479936501845298e-4,0.6424165617226445,0.2832644163665203
149042,mid_high,1,0.007259706811959422,0.0014395036293624885,0.8474685646086095,0.14383222495006856
16016,intensive,1,0,0,0.21607633862351314,0.7839236613764868
17123,mid_low,1,0.10117405451947553,0.5440347038689074,0.35479124161161707,0
149049,intensive,1,0,0,0.0034680061203286876,0.9965319938796713
149040,intensive,1,0.00539259199226407,0.0011797084871694671,0.18260528955268368,0.8108224099678828
16023,mid_high,1,0.03791344695134366,0.02191708106039207,0.9345317873838616,0.005637684604402743
17127,mid_high,1,0.021261454378729328,0.11674284366008351,0.8619957019611871,0
17122,extensive,1,0.4803097196433737,0.1342164851774297,0.37921100191685364,0.0062627932623429425
149045,mid_high,1,0,0,0.720238120424305,0.2797618795756949
17118,mid_high,1,0.01259433180440102,0,0.7808256033676945,0.2065800648279045
16022,mid_high,1,0,0,1,0
149047,intensive,1,0,0,0.26929362489328396,0.7307063751067161
16021,mid_high,1,0.003917646893925597,0.027522084594648742,0.9685602685114256,0
17116,mid_high,1,0.06524203141795587,0,0.568013506231747,0.3667444623502972
16020,mid_high,1,0.018759367349943715,0.0014523823097595196,0.9787322858420535,0.001055964498243256
149048,mid_high,1,0,0,0.8000704622178214,0.19992953778217856
16017,intensive,1,0,0,0.4374869245185511,0.5625130754814489
16019,mid_high,1,0.0014911042925068855,0,0.5300371240843761,0.46847177162311704
16018,intensive,1,0,0,0.4353106091418908,0.5646893908581092
149035,extensive,1,0.790997568482084,0.03061959851297801,0.17838283300493799,0
17121,mid_high,1,0.42856656613097327,0.007070284447998032,0.5112046109430664,0.05315853847796235
16150,intensive,1,0,0,0.3963449737369072,0.6036550262630929
17063,extensive,1,0.47164611422348257,0.043038009534154945,0.4408439304668479,0.04447194577551451
17104,intensive,1,0.0040047254054982944,0,0.22614471300585187,0.7698505615886498
17103,mid_high,1,0,0,0.9849754995107046,0.015024500489295415
149034,extensive,1,0.5639102823774261,0.04993637424352241,0.38615334337905144,0
17111,intensive,1,0.06821803127560787,0,0.4440288708439024,0.4877530978804897
17119,intensive,1,7.159757214221769e-4,0,0.029360580130527097,0.9699234441480508
17109,mid_high,1,0.014120981162793743,0.013488763760836108,0.935195102526924,0.03719515254944616
16143,mid_high,1,0,0,0.6518010595332301,0.34819894046676986
17064,mid_high,1,0.10279751404841951,0.021395763246365496,0.8432542590975073,0.03255246360770771
17061,intensive,1,0,0,0.1417662303616891,0.8582337696383109
149036,intensive,1,0,0,0.37770769489405237,0.6222923051059477
149037,intensive,1,0,0,0.001823936848475683,0.9981760631515243
149038,intensive,1,0,1.4448119968411577e-4,0.36658050444450946,0.6332750143558064
149033,mid_high,1,0.3259110149780918,0.05991638775588932,0.6141725972660189,0
17142,intensive,1,0,0,0.19347435883052833,0.8065256411694717
17158,intensive,1,0,0,0.4610034610995682,0.5389965389004319
17058,mid_high,1,0.12876661135391843,0.03030902477910013,0.8409243638669814,0
149039,intensive,1,0,0,0.38131810682684825,0.6186818931731517
156005,intensive,1,0,0,0,1
17106,intensive,1,0,0,0.0542072218500233,0.9457927781499766
17120,intensive,1,0,0,0.015918365981395337,0.9840816340186047
17114,intensive,1,0.0010465378085086025,0,0.17187663256066046,0.827076829630831
17143,intensive,1,0,0,0.2232699243145353,0.7767300756854647
16144,mid_high,1,0.25238269078907144,0,0.7034372868139359,0.044180022396992674
156006,intensive,1,0,0,0.0368725688368996,0.9631274311631004
17112,intensive,1,0,0,0.01690929366157347,0.9830907063384265
156004,intensive,1,0,0,0.06502032219604027,0.9349796778039597
17156,intensive,1,0,0,0.02839658368183799,0.971603416318162
156007,mid_high,1,0,0,0.6195487432573038,0.3804512567426962
17113,intensive,1,0,0,7.682951894737973e-4,0.9992317048105263
149029,intensive,1,0,0,0.049489606732831135,0.9505103932671689
17108,intensive,1,0,0,0.28771872801947823,0.7122812719805217
156003,intensive,1,0,0,0.28087257287469447,0.7191274271253055
17134,intensive,1,0,0,0.00639731947796121,0.9936026805220388
156011,intensive,1,0,0,0.31124813758123804,0.688751862418762
17102,intensive,1,0,0,0.15723276779638756,0.8427672322036124
16146,intensive,1,1.6630435195340998e-4,0.0011783738794793341,0.2729744339217847,0.7256808878467825
16148,mid_high,1,0,0,0.8272836317273718,0.17271636827262812
156008,intensive,1,0,0,0.46482812234352716,0.5351718776564729
17057,mid_high,1,0,0,0.5370549237905463,0.4629450762094537
17066,extensive,1,0.8234461817044713,0.009224311851315673,0.16732950644421307,0
149031,intensive,1,0,0,0.34096103693814334,0.6590389630618567
149030,intensive,1,0,0,0.3874335150761571,0.6125664849238429
156002,intensive,1,0,0,0.40239643187891366,0.5976035681210864
17101,intensive,1,0,0,0.20606073449825024,0.7939392655017498
149028,intensive,1,0,0,0.03932671297695068,0.9606732870230493
149070,intensive,1,0,0,0.24742887852803938,0.7525711214719606
156009,intensive,1,0,0,0.2575563443745973,0.7424436556254027
17162,mid_high,1,1.7401744397312454e-4,0.020660716881649298,0.9401112187796766,0.039054046894700906
156001,mid_high,1,0,0,0.7306102588142864,0.2693897411857135
149027,intensive,1,0.004289952455459835,0,0.20793131718289154,0.7877787303616486
149016,intensive,1,2.441696574958357e-4,0,0.17457852803789764,0.8251773023046065
149026,mid_high,1,1.259392660431119e-4,0,0.9297704097835003,0.07010365095045659
17091,mid_high,1,8.37163211191535e-7,0,0.5969106289883627,0.4030885338484262
17133,mid_high,1,0.25192829290369106,0.008085603166154127,0.49830101484593015,0.24168508908422467
156010,mid_high,1,0.017975566180592577,0,0.8951574862523309,0.08686694756707648
149015,intensive,1,0.015603458442247895,0,0.10522488472486782,0.8791716568328842
17135,mid_high,1,0,0,0.8123604568844242,0.18763954311557582
17089,mid_high,1,0.2018274293185418,0.015441548123462072,0.7827310225579961,0
17099,extensive,1,0.877026812270147,0.008814040529943397,0.11415914719990959,0
17068,intensive,1,0,0,0.19291879966097303,0.807081200339027
17067,intensive,1,0,0,0.1531142800279416,0.8468857199720584
17098,extensive,1,0.9562204537184925,0.006040367157210237,0.03773917912429724,0
17055,intensive,1,5.847981152864043e-4,0,0.047528032727439926,0.9518871691572737
149071,intensive,1,0,0,0.044109428870747126,0.9558905711292529
17090,intensive,1,0,0,0.3523136749129926,0.6476863250870074
17087,mid_high,1,0.0777812943078845,5.331882203028182e-4,0.909546898580019,0.012138618891793627
149023,intensive,1,0,0,0.28046869530440216,0.7195313046955979
17088,intensive,1,0,0,0.30340958976795573,0.6965904102320443
149025,mid_high,1,0,0,0.622986437825275,0.377013562174725
17154,mid_high,1,0.0414138555939239,0.018706437795756852,0.6975013269093553,0.242378379700964
149014,intensive,1,0,0,0.12543265265317902,0.874567347346821
17097,extensive,1,0.7453387065224761,0.004335847736386248,0.25032544574113763,0
17096,extensive,1,0.5801312431263833,0,0.41986875687361663,0
17095,extensive,1,0.9328524793059945,0,0.0671475206940055,0
149018,intensive,1,0,0,0.017850757137429042,0.982149242862571
149073,intensive,1,0,0,0.12282455615546042,0.8771754438445396
17085,extensive,1,0.8267324222775154,0.020458307710255613,0.15280927001222896,0
17069,mid_high,1,0.31352167074752085,0.010000003590082468,0.6764783256623966,0
149019,intensive,1,0,0,0.1255655990131981,0.8744344009868019
149020,intensive,1,0,0,0.04382097401403798,0.956179025985962
149021,intensive,1,0,0,0.1823563512087741,0.8176436487912259
149013,mid_high,1,5.037694358958699e-4,0,0.6734635881837366,0.3260326423803675
149024,mid_high,1,0,0,1,0
17084,intensive,1,0.021024046764675446,0,0.32557003148815433,0.6534059217471703
149022,mid_high,1,0,0,0.5878844142059914,0.4121155857940086
17081,intensive,1,0.0444103934470288,0.005931905236684724,0.2736758268191481,0.6759818744971384
17075,mid_high,1,0.065450433184124,0.010570187943754469,0.575151980483329,0.3488273983887925
17073,mid_high,1,0.07243539996194409,0,0.927564600038056,0
149017,intensive,1,0,0,0.03177072514764617,0.9682292748523538
17086,intensive,1,0,0,0.2931142952394602,0.7068857047605398
17070,intensive,1,0,0,0.3493640977937575,0.6506359022062426
17074,intensive,1,0,0,0.2331183829375592,0.7668816170624407
17071,intensive,1,0,0,0.1186521098702247,0.8813478901297753
149002,intensive,1,3.846761753970463e-4,0,0.23381908645160454,0.7657962373729984
149067,intensive,1,0,0,0.021844334800570957,0.9781556651994291
17152,intensive,1,0.006141160434329464,2.1709213744819334e-4,0.31467166383234907,0.6789700835958733
17147,mid_high,1,0.14432236055461528,0,0.8163625615915768,0.03931507785380787
17047,intensive,1,0,0,0.2242651026804067,0.7757348973195933
17080,intensive,1,0,0,0.3899379492382346,0.6100620507617655
149063,intensive,1,0,0,0.07958807940546087,0.9204119205945391
149064,intensive,1,0,0,0.010865645270909134,0.9891343547290908
149065,intensive,1,0,0,0.11318527271323325,0.8868147272867667
17039,intensive,1,0.11653355337023184,0.011326509897235335,0.3162984706785631,0.5558414660539698
17048,intensive,1,0,0,0,1
17049,intensive,1,0,0,0.004018969118101462,0.9959810308818985
149066,intensive,1,0.0015953162201796768,0,0.2298294775150085,0.7685752062648118
149068,intensive,1,0,0,0.4188078495084366,0.5811921504915635
17079,intensive,1,0.005796604084759424,0,0.3815250214944641,0.6126783744207766
149004,mid_high,1,0.042932842875341305,0,0.6085979333576341,0.3484692237670246
17038,intensive,1,0,0,0.22544770073986395,0.774552299260136
17020,intensive,1,0,0.0010800789560212307,0.24395913034288688,0.7549607907010919
17044,intensive,1,0,0,0.333456482209448,0.666543517790552
149001,intensive,1,0.001429490676518053,0.002805417330893589,0.4723926787894923,0.523372413203096
17019,intensive,1,0,0,0,1
17016,intensive,1,0.00684534590206884,0,0.10393695612394159,0.8892176979739895
17023,intensive,1,0,0,0.07938805336740935,0.9206119466325906
17037,intensive,1,0,0,0.2892588507633323,0.7107411492366678
17036,mid_high,1,0,0,0.690151760860512,0.30984823913948806
17025,intensive,1,0,0,0.15791512930161014,0.8420848706983899
17026,intensive,1,2.3779956138944065e-4,0,0.25500406861674696,0.7447581318218636
17030,intensive,1,0.0014629486906398723,0,0.02861252532803415,0.969924525981326
17015,intensive,1,0.001969132915874317,0,0.07853810325881833,0.9194927638253073
149007,intensive,1,0,0,0.15911568283759894,0.8408843171624011
17017,intensive,1,0,0,0.08908882562998821,0.9109111743700118
17018,intensive,1,0,0,0,1
17043,intensive,1,0.0070587908403615,0.01730818508742157,0.21891720821041083,0.7567158158618061
17022,intensive,1,0,0,0.08294688994524865,0.9170531100547513
17021,intensive,1,0,0,0,1
17024,intensive,1,0,0,0.004745532897613313,0.9952544671023867
149003,intensive,1,0.011960937038039687,0,0.21893760788731742,0.7691014550746429
149008,intensive,1,0,0,0.36676179623015187,0.6332382037698482
17031,intensive,1,0.0032893336417505,0,0.06698542910591988,0.9297252372523296
149006,intensive,1,0,0,0.23294747719337833,0.7670525228066216
17014,intensive,1,0,0,0.32977722747384425,0.6702227725261558
17027,intensive,1,0.042143810824855826,0,0.41519317073971257,0.5426630184354316
17034,intensive,1,0,0,0.19954620799939296,0.8004537920006071
17139,intensive,1,0,0,0,1
149009,intensive,1,0,0,0.338811444751067,0.6611885552489329
17140,intensive,1,0,0,0.026541682626936073,0.9734583173730639
149011,intensive,1,7.372391089086896e-4,0,0.1573377876551002,0.8419249732359911
149010,intensive,1,0,0,0.1318120517156763,0.8681879482843237
17032,intensive,1,0,0,0.08070460096794861,0.9192953990320514
17029,mid_high,1,0.09572112366816808,0.07448311382250566,0.7293257276862373,0.10047003482308897
17138,intensive,1,0.002478758840503407,0,0.24337171094884788,0.7541495302106487
17033,mid_high,1,0,0,0.5495372108494244,0.45046278915057564
17013,mid_high,1,0.05936713261831529,0,0.9406328673816847,0
17012,intensive,1,0,0,0.258086432383344,0.74191356761665606
17011,intensive,1,0,0,0.22201752426381036,0.7779824757361896
17150,intensive,1,0,0,0.07435695149545456,0.9256430485045455
17007,mid_high,1,0.15448133513522402,0,0.845518664864776,0
155001,intensive,1,0,0,0.23234142272550723,0.7676585772744927
155002,intensive,1,0,0,0.26917385082827694,0.7308261491717231
17151,mid_high,1,0.008423654046555607,0,0.6363274346391692,0.35524891131427516
17002,intensive,1,0.00443973663973439,0,0.18354113103529873,0.8120191323249669
17141,intensive,1,0,0,0.23129618237458305,0.768703817625417
17003,mid_high,1,0.023340294826185323,0,0.9766597051738147,0
17004,intensive,1,0,0,0.22835423585348827,0.7716457641465118
17008,mid_high,1,0.1275197945512691,0.017583183881207658,0.8548970215675232,0
155003,intensive,1,0,5.075768261078728e-4,0.2539991695318034,0.7454932536420887
17001,mid_high,1,0.15718277249284943,0,0.5283855116549682,0.31443171585218244
155004,mid_high,1,0,0,0.9758195663851661,0.02418043361483388
155006,mid_high,1,0.0015328498955270592,0,0.535787230247498,0.46267991985697493
154052,mid_high,1,0,0,0.8169076503488594,0.18309234965114057
154053,mid_high,1,0,0,0.781090338345768,0.21890966165423192
17149,mid_high,1,0.00841265399710931,0,0.6647939370857617,0.32679340891712894
154051,mid_high,1,0.06680083274168382,0,0.9331991672583162,0
155005,mid_high,1,0.004561477393767417,0,0.7235725361078341,0.2718659864983985
17009,mid_high,1,0.03726202992850787,0,0.9627379700714921,0
155021,mid_high,1,0.32292158133497567,0.041512563571563105,0.6355658550934612,0
155007,intensive,1,0.08162810021863465,0,0.33629381746630344,0.5820780823150619
155008,intensive,1,0.06244322010909668,0,0.3295132532096049,0.6080435266812985
17010,mid_high,1,0.04224847026899708,0,0.957751529731003,0
154043,intensive,1,0,0,0.01912757485269353,0.9808724251473064
155020,mid_high,1,0,0,0.7669679577507297,0.23303204224927035
155022,extensive,1,0.6752061204508155,0.01596606131443621,0.30882781823474825,0
154032,mid_high,1,0.1753927178584851,0.04319069446096219,0.7814165876805528,0
154050,mid_high,1,0,0,0.6244146814927688,0.37558531850723126
155023,extensive,1,0.7063819854920441,0.011767123577444898,0.28185089093051097,0
154041,intensive,1,0,0,0.07471862556446189,0.9252813744355382
155019,mid_high,1,0.2698026587478398,0.0029656895203442287,0.7183349625861198,0.008896689145696137
155024,mid_high,1,0.36557877034647523,0.045949719315713906,0.5884715103378109,0
155018,mid_high,1,0.3674436689994212,0.030422310127382796,0.602134020873196,0
154030,mid_high,1,0.24022653327288543,0.15104811941114504,0.6087253473159695,0
154037,intensive,1,0,0,0.28535716373842673,0.7146428362615732
154049,mid_high,1,0,0,0.7737319401083455,0.22626805989165458
154040,intensive,1,0,0,0.02327204927292372,0.9767279507270763
155017,mid_high,1,0.10917948928619045,0.013574285222143198,0.8265070283754761,0.05073919711619033
155027,extensive,1,0.47852063592351307,0.2744067250595291,0.24707263901695783,0
154054,intensive,1,0,0,0.09097397740118211,0.9090260225988179
154038,intensive,1,0,0,0.07808345836843618,0.9219165416315638
154028,mid_high,1,0.19881237499077037,0.0599674759681954,0.7195548016933204,0.021665347347713755
155025,mid_low,1,0.2614835865465289,0.6362874891843335,0.10222892426913761,0
154036,extensive,1,0.7511450659072572,0,0.2488549340927429,0
155013,mid_high,1,0.19316932390513725,8.271789548104076e-5,0.8067479581993817,0
155016,intensive,1,0,0,0.2578391393664805,0.7421608606335195
155026,extensive,1,0.7654129620488342,0.20159103747965132,0.03299600047151447,0
154047,intensive,1,0,0,0.0701806405383021,0.9298193594616979
154042,mid_high,1,0.0024611326508361363,0,0.5255017525946689,0.47203711475449495
154026,extensive,1,0.9660962036157951,0,0.03390379638420493,0
155015,mid_high,1,0.06691584927528475,0,0.5550024078123856,0.37808174291232965
154048,intensive,1,0,0,0.05449434770276313,0.9455056522972368
155012,mid_high,1,0,3.754988471787428e-4,0.9947641103824819,0.004860390770339305
154021,intensive,1,0.0308150340022125,0,0.2873551781526669,0.6818297878451206
154024,intensive,1,0,0,0.2452377654334116,0.7547622345665884
154022,intensive,1,0,0,0.24594526678110631,0.7540547332188937
154023,intensive,1,0,0,0.19211742576281046,0.8078825742371896
155011,mid_high,1,0.016905222036257803,0.034397859595965107,0.9486969183677771,0
155028,extensive,1,0.6063984617823436,0.17393387433125754,0.21966766388639886,0
154013,extensive,1,0.5071122623847825,0.00333744912839053,0.489550288486827,0
154020,intensive,1,3.900799569301542e-4,0,0.2015066977566789,0.798103222286391
155029,mid_low,1,0.16708492540030648,0.42522138028096945,0.40769369431872404,0
154012,intensive,1,0.003271855564868408,0,0.2627484946836154,0.7339796497515162
155030,mid_low,1,0.36982397463962746,0.37242545173412706,0.2577505736262455,0
155031,mid_high,1,0.3955391690221989,0.1343380225776006,0.47012280840020054,0
154019,mid_high,1,0.3419925437862586,0.05433575942551351,0.5616901575898277,0.04198153919840026
155044,mid_high,1,0.24474882533212083,0.047979657279661955,0.5422973645766402,0.16497415281157696
154004,extensive,1,0.8309289348449576,0.019618253045542135,0.14945281210950037,0
155043,mid_high,1,0.016155880927911384,0,0.9452268627779856,0.038617256294103
155032,extensive,1,0.45148019493131614,0.24912572835399788,0.299394076714686,0
154005,intensive,1,0.00225746084678516,0.004987072465087201,0.12410023636344476,0.8686552303246828
155010,mid_high,1,0.12832306459073117,0,0.6500947239205297,0.2215822114887391
155042,mid_high,1,0,0.00410181194490113,0.8815720772515641,0.11432611080353486
154007,intensive,1,0,0,0.028582796986530237,0.9714172030134698
155033,mid_high,0.9999111228187084,0.07751571768696552,0.06633617913136731,0.8561481031816671,0
154003,mid_high,1,0.04898430448809275,0.02680918513166721,0.8993099058220545,0.024896604558185573
155034,mid_low,1,0.06676295734867323,0.7180267991864377,0.2152102434648891,0
155040,mid_high,1,0,0,1,0
154011,intensive,1,0.005434674362572472,0,0.3034698773540157,0.6910954482834119
155035,mid_high,1,0.13131099183314413,0.25675447742380114,0.6119345307430547,0
155036,mid_high,1,0.20059252455196153,0.22756545813392381,0.5718420173141147,0
155041,mid_high,1,0,0.0022478540254155807,0.9977521459745844,0
154006,intensive,1,0.011188049813491628,0,0.4201008987674946,0.5687110514190138
155037,mid_high,1,0.3498767450738246,0.2362320717974285,0.4138911831287469,0
155009,mid_high,1,0.15651005544809016,0,0.8434899445519098,0
155038,mid_low,1,0.3589410101357456,0.42550878148550497,0.21555020837874944,0
154008,intensive,1,0.00959425471379712,0,0.276259987734222,0.714145757551981
155039,mid_high,1,0,0,1,0
154002,mid_high,1,0.016495791106445973,0,0.5901692061636945,0.39333500272985955
154009,mid_high,1,0.12730210939342437,0.09001006215280727,0.7826878284537684,0
154010,mid_high,1,1.2792455238752883e-4,0.019397100604589514,0.7562972017073614,0.22417777313566165
144054,intensive,1,0,0,0.06531477213556532,0.9346852278644346
144047,mid_high,1,0.01798019815982879,0,0.7871405870341739,0.19487921480599738
144049,intensive,1,0,0,0.20040812087245763,0.7995918791275424
144051,intensive,1,0,0,0.14566482715264711,0.8543351728473529
144050,mid_high,1,0.025369255973643628,0,0.6873252406090941,0.28730550341726224
144048,intensive,1,0.006066128437048222,0,0.16854487284675498,0.8253889987161968
144053,intensive,1,0,0,0.17492977947570967,0.8250702205242904
144052,intensive,1,0,0,0.22403749894244793,0.775962501057552
147018,intensive,1,0.01945904999279713,0,0.29163086677177347,0.6889100832354293
147019,intensive,1,0,0,0.05997107882461139,0.9400289211753886
147020,mid_high,1,0.01821185183083989,0,0.5383069169976681,0.4434812311714921
147021,mid_high,1,0.015676518191451373,0.004330904596298005,0.7765282230785109,0.2034643541337397
147022,intensive,1,0.010289045513999139,0,0.2769025249389036,0.7128084295470972
147024,intensive,1,0,0,0.3703135956832344,0.6296864043167656
147025,mid_high,1,0.09507783215998636,0.03422538123331152,0.8706967866067021,0
147026,intensive,1,0,0,0.2857414833515417,0.7142585166484583
147027,extensive,1,0.9242236517210152,0.07575057511055519,2.5773168429668686e-5,0
147028,mid_high,1,0,0,0.7641849984694442,0.23581500153055573
147030,mid_high,1,0,0.005005741656594673,0.715618513483057,0.2793757448603482
147031,intensive,1,0.03733061252879757,0,0.4037984576378188,0.5588709298333836
147032,intensive,1,0,0,0.3029867806007146,0.6970132193992854
147033,mid_high,1,0.053177312247719696,1.0278329249337586e-4,0.6155643564082645,0.3311555480515225
147034,intensive,1,0,0,0.23892632669274966,0.7610736733072503
147035,intensive,1,0,0,0.04382786416651359,0.9561721358334864
147037,extensive,1,0.589437334187216,0.1633046147993261,0.24725805101345785,0
147038,intensive,1,0,0,0.04679912908111796,0.9532008709188821
147039,intensive,1,0.01916527559784216,0.005247445245972906,0.3059035211410114,0.6696837580151735
580001,mid_high,1,0,0,1,0
580003,mid_high,1,0.2170488712988255,0,0.7829511287011744,0
580004,extensive,1,1,0,0,0
580005,mid_high,1,0,0,1,0
580006,mid_high,1,0.012963998642746227,7.233749992406796e-4,0.9764100535716049,0.009902572786408211
580007,extensive,1,0.9561037297513026,0.00763115674543798,0.03626511350325933,0
580008,mid_high,1,0.3793170603377354,0.01826064895208233,0.6024222907101823,0
580009,mid_high,1,0.003126659557386591,0,0.9968733404426134,0
580011,mid_high,1,0.012848065824036773,0,0.7876618350192125,0.19949009915675076
580012,mid_high,1,0.2642451373530289,0,0.7357548626469711,0
580013,extensive,1,0.8187575194713286,0.05411899975831965,0.12712348077035174,0
580014,mid_high,1,0.14176589703507891,0,0.8582341029649211,0
580015,mid_high,1,0.05550426806054162,0.1897596738034188,0.7547360581360396,0
580016,mid_high,1,0.004361526818604148,0,0.9956384731813959,0
580017,mid_high,1,0.1856041345190224,0.04771296295020739,0.7666829025307702,0
580019,intensive,1,0,0,0.09790215977066437,0.9020978402293356
580021,mid_high,1,0.043413942586685385,0,0.9457404225337448,0.010845634879569873
580022,mid_high,1,0.2310848943120022,0,0.7689151056879978,0
580023,mid_high,1,0.008650551727781133,0.008658431619167331,0.9826910166530516,0
580024,mid_high,1,0,0,0.9963427870681705,0.0036572129318295393
580025,mid_high,1,0.021373515168446627,0,0.9786264848315533,0
580026,extensive,1,0.7383294852894006,0.0763924897719294,0.18527802493867002,0
580027,intensive,1,0,0,0.4438203233873962,0.5561796766126038
580028,intensive,1,0,0,0.24934837969805712,0.7506516203019429
580029,mid_high,1,0.13510712183148482,0.1522598442268062,0.712633033941709,0
580030,extensive,1,0.4894707718771261,0.08786627980619464,0.4226629483166792,0
580031,intensive,1,0,0,0.21281310067934714,0.7871868993206529
580032,mid_high,1,0,0,0.5564896549306455,0.44351034506935444
580033,mid_high,1,0.19286050012952932,0.16194075923299772,0.6445190418745715,6.796987629014387e-4
580034,mid_high,1,0.14333651905095776,0.24695016973527784,0.6049020494503073,0.004811261763457069
580035,intensive,1,0.002701484667728987,0,0.33742321016292487,0.6598753051693461
580036,extensive,1,0.5191466252447804,0.42358970510648913,0.05726366964873041,0
580037,mid_high,1,0.08830664236396361,0.09035363338871572,0.8213397242473207,0
580038,mid_high,1,0,0,0.9628091438924333,0.037190856107566644
580039,mid_high,1,0.030053286096678622,1.6113906643262527e-5,0.9699305999966781,0
580040,extensive,1,0.6705085093583103,0.013446649915781166,0.31604484072590855,0
580041,extensive,1,0.7505263566278376,0.03427150689664514,0.21520213647551717,0
580042,mid_high,1,0.1742640945735991,0.08118913481837849,0.7445467706080224,0
581001,intensive,1,0.00808239552548211,0,0.1513747370317026,0.8405428674428153
581002,intensive,1,0,0,0.25082937838520625,0.7491706216147938
581003,extensive,1,0.5704116544173854,0.04974821989238318,0.3798401256902314,0
581004,intensive,1,0,0,0.15656224846317593,0.8434377515368241
581005,intensive,1,0,0,0.03916770299126575,0.9608322970087343
581006,extensive,1,0.6572095728506502,0.0517199654355488,0.29107046171380097,0
581007,intensive,1,0,0,0.21418539571756912,0.7858146042824309
581008,mid_high,1,0,0,0.99780984855999,0.002190151440010055
581009,intensive,1,0,0,0.11144847702157833,0.8885515229784217
581010,intensive,1,0,0,0.25229399637524363,0.7477060036247564
581012,mid_high,1,0.11742929652600076,0.04156924954163469,0.7428720884614445,0.09812936547092005
581013,mid_high,1,0,0,0.5288195550045222,0.47118044499547784
581014,intensive,1,0,0,0.2567743622589846,0.7432256377410154
581015,intensive,1,0,0,0.32053536915259234,0.6794646308474076
581016,mid_high,1,0.42161655962392997,0.06269121837210405,0.515692222003966,0
581017,mid_high,1,0,0,1,0
581018,mid_high,1,0,0,0.5430953278685536,0.4569046721314464
581019,intensive,1,0,0,0.22838263062237843,0.7716173693776216
581020,mid_high,1,0,0.17466338858986183,0.8253366114101381,0
581021,intensive,1,0,0,0.25373558345520103,0.746264416544799
581022,mid_high,1,0,0,0.5223218746448042,0.47767812535519577
581023,intensive,1,0,0,0.17700367014571863,0.8229963298542814
581024,intensive,1,0,0,0.34652055722789143,0.6534794427721086
581025,mid_high,1,0.41968626959294225,0,0.5742745347483886,0.006039195658669074
581026,mid_high,1,0.08687898714505059,0,0.9105297379478501,0.002591274907099298
581027,mid_high,1,0.019917951966394176,0,0.7256373789517058,0.2544446690819001
581028,intensive,1,0,0,1.2433832119662042e-4,0.9998756616788034
581029,intensive,1,0,0,0.10694761415519487,0.8930523858448052
581030,intensive,1,0.0248011030848009,0,0.08606734284665708,0.889131554068542
581031,intensive,1,0,0,0.0309212954925145,0.9690787045074855
581032,intensive,1,0,0,0.11767381813846384,0.8823261818615361
581033,intensive,1,0,0,0.09748715636103186,0.9025128436389681
581034,intensive,1,0,0,0,1
581035,intensive,1,0,0,0.013337503969807379,0.9866624960301926
581036,intensive,1,0,0,0.2939273320802984,0.7060726679197016
581037,intensive,1,0,0,0.2508117889056348,0.7491882110943652
581038,intensive,1,0,0,0.0245890616995598,0.9754109383004402
581039,intensive,1,0,0,0.0210726073290115,0.9789273926709885
581040,intensive,1,0,0,0.11432165651828384,0.8856783434817161
581041,intensive,1,0.002120952929434295,0,0.19989514614454432,0.79798390092602145
581042,mid_high,1,0.006984556506314453,0,0.9927663433747642,2.491001189213733e-4
581043,mid_high,1,0,0,0.9073790402067473,0.09262095979325265
581044,mid_high,1,0.046803528273158715,0.01177431319885524,0.941422158527986,0
581045,mid_high,1,0.008358011917245254,0.0016659753987723716,0.6266275335372106,0.3633484791467718
581046,mid_high,1,0.03581406495605887,0,0.6772509954936645,0.28693493955027666
581047,mid_high,1,0.04152254231365759,0.0034981501928600693,0.9510870213166613,0.0038922861768210166
581048,mid_high,1,0.0427661692557415,0.01800625833020259,0.5052769661801546,0.43395060623390136
581049,intensive,1,0.03509049258693398,0,0.36206130710192397,0.6028482003111421
581050,intensive,1,0.01673737928150979,0,0.15342570733498595,0.8298369133835043
582001,mid_high,1,0.33000291801191495,0.24240735302106897,0.4275897289670161,0
582002,mid_high,1,0.32053680320217637,0.01286009668987552,0.664354700140809,0.0022483999671390666
582003,mid_high,1,0.1325496330560605,0.008464621907191843,0.8589857450367476,0
582004,mid_high,1,0.008168112798069314,0,0.7889197562580612,0.20291213094386948
582005,mid_high,1,0.09317696853654073,0.005237180138862544,0.9015858513245967,0
582006,mid_high,1,0.010974908509667813,0,0.7888680889444475,0.20015700254588473
582007,mid_high,1,0,0,1,0
582008,mid_high,1,0.1630903345474014,0,0.8369096654525986,0
582009,mid_high,1,0,0,0.8674581748872788,0.1325418251127211
582010,mid_high,1,0.004151577610410052,0,0.6922754853102064,0.3035729370793833
582011,extensive,1,0.6111090384198687,0.016934852424603488,0.37195610915552774,0
582012,mid_high,1,0.045999113234989425,0,0.8595306253430702,0.09447026142194029
582013,intensive,1,0,0,0.15452396845513033,0.8454760315448696
582014,mid_high,1,0.0037637048799970757,0,0.5653915649561644,0.4308447301638385
582015,mid_high,1,0.023673003002449216,0,0.6479184720898454,0.32840852490770533
582016,mid_high,1,0.004908287151854598,0,0.9950917128481453,0
582017,mid_high,1,0.029860842162889905,0.020129097192558964,0.8595790765346624,0.09043098410988872
582018,intensive,1,0,0,0.009194042804003716,0.9908059571959963
582019,mid_high,1,0.014260789219416462,0,0.9028399337398162,0.08289927704076737
582020,intensive,1,0,0,0.032408018309649345,0.9675919816903507
582021,intensive,1,0,0,0.21523647039072377,0.7847635296092762
582022,intensive,1,0.0078010570912436,0,0.16081368425477885,0.8313852586539776
582023,intensive,1,0.03854090347109548,0,0.2234254299434121,0.7380336665854924
582024,intensive,1,0.006347749354918037,0,0.1793839369120386,0.8142683137330433
582025,intensive,1,0.04010642033124892,0.01053508451906988,0.34261656923424455,0.6067419259154366
582026,intensive,1,0.00904535953060609,0,0.08806763726871751,0.9028870032006764
582027,mid_high,1,0,0,0.5478961897094169,0.4521038102905831
582028,intensive,1,0.011682596101501503,0,0.10531600495095575,0.8830013989475427
582029,mid_high,1,0.08432138021436514,0,0.8754177605198088,0.04026085926582607
582031,mid_high,1,0,0,0.5196861848234338,0.4803138151765662
582032,mid_high,1,0,0,0.5015640036529445,0.49843599634705543
582033,intensive,1,0.003980617498704791,0,0.1312700269046383,0.8647493555966569
582034,intensive,1,0.0064920434000559635,0,0.39269709595364277,0.6008108606463013
582035,intensive,1,0,0,0.43488918544309363,0.5651108145569064
582036,intensive,1,3.405073992267286e-5,0,0.1665389924842995,0.8334269567757778
582037,mid_high,1,0.2230086739368627,0,0.7769913260631374,0
582038,intensive,1,1.7235006657774542e-4,0.0016254566962737964,0.16605101786821622,0.8321511753689322
582039,intensive,1,0,0,0.18602242839039868,0.8139775716096014
582040,intensive,1,1.2846555732986398e-4,0,0.18123841472737523,0.818633119715295
582042,intensive,1,0.023836829521058606,0.009916116049715823,0.3237145942084045,0.6425324602208211
582043,mid_high,1,0,0,0.6515193896979985,0.34848061030200145
582044,intensive,1,0,0,0.2111365888308925,0.7888634111691075
582045,mid_high,1,0.0036808040178045254,0,0.9963191959821954,0
582046,intensive,1,0,0,0.25494057294298994,0.74505942705701
582047,mid_high,1,0,0,0.5765940604618708,0.4234059395381292
582050,intensive,1,0,0,0.09538388670607625,0.9046161132939238
582051,intensive,1,0,0,0.07789640162408056,0.9221035983759195
582052,intensive,1,0.019423922907063743,0,0.2149131562869051,0.765662920806031
582055,intensive,1,0,0,0.06922572709819132,0.9307742729018087
582057,intensive,1,0,0,0.22085378890682414,0.7791462110931758
582058,mid_high,1,0.10476402052824894,0.003910349045052362,0.8913256304266987,0
582059,intensive,1,0,0,0.041106817115932094,0.9588931828840679
582060,mid_high,1,0.06974491401131717,0,0.7538028077093568,0.176452278279326
582061,intensive,1,4.5546426817831846e-4,0,0.09229774694212771,0.907246788789694
582062,mid_high,1,0.02562069159298655,0,0.6707325053505848,0.30364680305642866
258001,extensive,1,0.8867287831408593,0.007027655383584247,0.10624356147555646,0
258003,extensive,1,0.8613645047029787,0.0014941125899592144,0.13714138270706216,0
258005,extensive,1,0.9859353049619529,0.009159397488193648,0.004905297549853424,0
258006,extensive,1,0.9925479954143086,0.0035019499383654507,0.0039500546473259564,0
258007,extensive,1,0.7797918795003476,0,0.22020812049965244,0
258008,extensive,1,1,0,0,0
258009,extensive,1,0.9851550649456539,0.0049520749491587576,0.009892860105187381,0
258010,extensive,1,0.9941184441590067,0.005464164815057648,4.1739102593562927e-4,0
258011,extensive,1,0.5298934431453128,0,0.47010655685468716,0
258012,extensive,1,0.8849317220630332,0.006368629550711418,0.10869964838625537,0
258014,extensive,1,0.9719380081997329,0,0.028061991800267107,0
258015,extensive,1,0.7971111663461786,0,0.2028888336538214,0
583001,intensive,1,0,0,0.36515155197392607,0.634848448026074
583002,intensive,1,0,0,0.20142626687553872,0.7985737331244612
583003,mid_high,1,0,0,1,0
583004,mid_high,1,0.0189654625225031,0,0.7082672678502375,0.27276726962725933
583005,mid_high,1,0,0,1,0
583006,intensive,1,0,0,0.1763776687819288,0.8236223312180712
583008,mid_high,1,0,0,1,0
583009,mid_high,1,0.03776927433065636,0,0.9622307256693436,0
583010,mid_high,1,7.847841100076168e-5,0,0.9999215215889993,0
583011,mid_high,1,0.017840028552546686,0,0.8498884021830898,0.1322715692643635
583013,mid_high,1,0.14974226264679938,0.09035600563617688,0.7599017317170238,0
583014,mid_high,1,0.37148522498830694,0.19868274862956356,0.4298214550689579,1.0571313171577268e-5
583015,mid_high,1,0.03313724385764936,0,0.9668627561423506,0
583016,mid_high,1,0,0,1,0
583017,extensive,1,0.5363542173450759,0.05504270863254473,0.40860307402237933,0
583018,mid_high,1,0.035630794613485374,0,0.602549553215894,0.3618196521706206
583019,mid_high,1,4.3464557317398275e-5,0,0.5797366062751705,0.4202199291675121
583020,mid_high,1,0,0,1,0
583022,mid_high,1,0.07027368377626268,0,0.9297263162237374,0
583023,mid_high,1,0.0041582809067848845,0,0.9958417190932151,0
583024,mid_high,1,9.873644933311358e-5,0,0.9999012635506669,0
583025,extensive,1,0.5264584966792882,0.11860253033998688,0.3549389729807249,0
583026,mid_low,1,0.12050100631257984,0.4415635644350746,0.4379354292523456,0
583027,mid_high,1,0.042970827376313935,4.205380053459465e-4,0.9566086346183401,0
583028,intensive,1,0,0,0.2648304976622077,0.7351695023377923
583030,intensive,1,0.050536182094299276,0,0.3118213125350054,0.6376425053706953
583031,mid_high,1,0.0038843644659434465,0,0.7517597102351625,0.244355925298894
583033,mid_high,1,0,0.14257092689574866,0.8574290731042513,0
583034,mid_high,1,0.0067246303402164,0,0.9932753696597836,0
583035,mid_high,1,0,0,0.9559599314372247,0.04404006856277526
583036,mid_high,1,0,0,0.6824248095161651,0.31757519048383487
583038,mid_high,1,0.050015359235346224,0,0.9499846407646537,0
583039,intensive,1,0,0,0.17674874753629552,0.8232512524637045
583040,mid_high,1,0.003708791729023967,0,0.9962912082709761,0
583041,mid_high,1,0.10943814445147171,0.39856450612136185,0.49199734942716644,0
583042,intensive,1,0.010058620242986609,0,0.4296260385237489,0.5603153412332644
583043,mid_high,1,3.592192802154274e-4,0,0.6333618963965182,0.3662788843232664
583044,mid_high,1,0.11986929327980325,0,0.8801306189654309,8.775476585303692e-8
583045,intensive,1,0.01649709777059264,0.003473416105621926,0.3233689278109436,0.6566605583128419
583046,mid_high,1,0.06681510535556942,0,0.9216758442264287,0.011509050418001885
583047,intensive,1,0,0,0.11090232826141772,0.8890976717385822
79030,extensive,1,0.6625353811423071,0.030412018791112907,0.3070526000665799,0
79031,extensive,1,0.5654061846894753,0.0014380715212736768,0.43315574378925104,0
79033,mid_low,1,3.469333452399163e-4,0.8472212027536267,0.15243186390113336,0
172056,extensive,1,0.742950940712251,0,0.25704905928774896,0
172057,extensive,1,0.5428043724477613,0,0.45719562755223875,0
172060,mid_high,1,0.2795018949743963,0.01486084438413276,0.7056372606414709,0
258018,extensive,1,0.8284064763535517,0,0.17159352364644836,0
564050,mid_high,1,0.02060861342243336,0,0.9733021734029432,0.006089213174623397
566019,intensive,1,0,0,0.036989569352436476,0.9630104306475635
566021,mid_high,1,0.1153131932280123,0.051969574856080586,0.8327172319159071,0
566022,intensive,1,0,0,0.15758725137049226,0.8424127486295078
567027,mid_high,1,0.03658348239707724,0.0024955083662832615,0.8135946766330058,0.1473263326036337
567030,intensive,1,0,0,0.053685555569710296,0.9463144444302898
568036,mid_high,1,0.3257387052355273,0.011559806688963085,0.6627014880755097,0
568038,extensive,1,0.8917022480628143,0.014706066278015992,0.09359168565916967,0
568039,extensive,1,0.5652096016420799,0,0.43479039835792005,0
568041,mid_high,1,0.22570954742853422,0.03289113804928989,0.7413993145221759,0
568042,extensive,1,0.4389899677784485,0.21306781227263621,0.3479422199489153,0
568044,mid_high,1,0.46402207633284615,0.005733763318149345,0.5302441603490045,0
569052,mid_high,1,0.015157404306021124,0.022661857334453965,0.9621807383595249,0
570042,mid_high,1,0.015794420225751105,0.05048949497638795,0.933716084797861,0
570045,extensive,1,0.7114368505254324,0.007205584256016198,0.2813575652185514,0
571046,intensive,1,0,0.011624589790029075,0.22337764181647982,0.7649977683934911
571047,intensive,1,0.03150022227260489,0,0.09363498005746924,0.8748647976699259
572016,mid_high,1,0.11766285747915531,0,0.8823371425208447,0
572018,mid_high,1,0.23147395029893833,0.25710975395724905,0.5114162957438126,0
572019,mid_high,1,0.2217237264828256,0.18048183198497308,0.5977944415322013,0
572020,mid_high,1,0.40951540145138837,0.08039614899672887,0.5100884495518827,0
572021,mid_high,1,0.10605599891217922,0,0.8939440010878208,0
572028,mid_high,1,0.3721877859737898,0,0.6278122140262102,0
573010,intensive,1,0.07678025444966145,0,0.14586194536414326,0.7773578001861953
573011,intensive,1,0.07446824376690594,0,0.3155607581128376,0.6099709981202565
573012,intensive,1,0,0,0.10591706040164367,0.8940829395983563
573013,intensive,1,0,0,0.0944022621275876,0.9055977378724124
573014,intensive,1,0.03728712391497319,0,0.27965348814886853,0.6830593879361583
573015,intensive,1,0.013716835063132869,0,0.12936213367672997,0.8569210312601372
573016,intensive,1,0.012416866898403834,0,0.18293814922581705,0.8046449838757791
574025,mid_high,1,0.06013202785232721,0,0.4920537583381186,0.4478142138095542
575025,mid_high,1,0.027877861437466532,0,0.553553964492874,0.41856817406965946
575026,mid_high,1,0.005906703696698157,0,0.7555328631939962,0.23856043310930575
575027,mid_high,1,0.05732775008894514,0.001422619907728519,0.9061331215228313,0.035116508480495016
576022,mid_high,1,0.03346957459281806,0,0.5641671499419356,0.40236327546524636
576023,mid_high,1,0.17104345693687525,0,0.8289565430631247,0
576024,mid_high,1,0.05554543502320844,0,0.9444521376013468,2.427375444725953e-6
576025,mid_high,1,0.08520792770196585,0.00881830770943469,0.9059737645885995,0
576026,mid_high,1,0.04846529429152246,0,0.9254095701866684,0.02612513552180916
576027,mid_high,1,0.473825961831122,0.011430480462420478,0.5147435577064575,0
576029,intensive,1,0.001028384135094243,0,0.3094792528508389,0.6894923630140669
576030,mid_high,1,0.3547046875942397,0.11056639672793496,0.5347289156778253,0
576032,mid_high,1,0.29525928622859315,0.2990463610502826,0.40569435272112425,0
576033,mid_high,1,0.08756276695535475,0.3563511566896098,0.5560860763550354,0
576035,mid_high,1,0,0,0.7154325556298547,0.2845674443701452
577026,mid_high,1,0.26137230712518156,0.0017926807495259947,0.7368350121252925,0
577028,mid_high,1,0.2242601645150004,0.025207569098380418,0.7505322663866192,0
577029,mid_high,1,0.024064376856609164,0,0.9759356231433909,0
577030,mid_high,1,0,0,0.9895552796805487,0.010444720319451286
577031,mid_high,1,0.14786100697349042,3.402383610967644e-4,0.8517987546654128,0
578038,mid_high,1,0.06533466599862134,0.002766368129693493,0.5434914902219647,0.38840747564972045
578039,mid_high,1,0.13677272323124237,0.007885499527766925,0.842874134768361,0.01246764247262964
578040,mid_high,1,0.09636450435791186,0.004880133002154098,0.8889950966356258,0.009760266004308196
579052,mid_high,1,0.08338869408651535,0.01748493692487054,0.6303332385104803,0.2687931304781338
580043,mid_high,1,0.019551060092216205,0.0061948689493424676,0.9742540709584413,0
580044,mid_high,1,0,0,1,0
581051,mid_high,1,0.04320428176819137,0,0.520357598775296,0.43643811945651273
581052,intensive,1,0.0484345205520737,0.003735538795601893,0.1872914755732766,0.7605384650790478
581053,intensive,1,0.014503461736574281,0,0.35843157346323984,0.6270649648001859
581054,mid_high,1,0.0672888123044921,0.017681659521565075,0.9150295281739428,0
581055,extensive,1,0.5082945706096715,0.0931504406348987,0.39855498875542983,0
581056,intensive,1,0.010046963268781394,0,0.15082565366683193,0.8391273830643867
581057,intensive,1,0.04109237722328069,0,0.2857902290614778,0.6731173937152416
581058,extensive,1,0.5049926175110315,0,0.4950073824889685,0
581059,intensive,1,0.0032739283261243803,0,0.08644202165920974,0.9102840500146658
581060,mid_high,1,0.08252432180843235,0.008455031297133517,0.8254211331907427,0.08359951370369141
581061,intensive,1,0.05823522941766461,0,0.1537611611816264,0.788003609400709
581062,intensive,1,0.03560989108873755,0,0.3770305267105536,0.5873595822007088
581063,mid_high,1,0.24894049452426426,0,0.6409400256431813,0.11011947983255445
581064,intensive,1,0,0,0.2345383293282029,0.765461670671797
581065,mid_high,1,0,0,0.7385891142192568,0.26141088578074323
581066,mid_high,1,0.0039493950916995365,0,0.9960506049083004,0
581067,intensive,1,0.008482401419859077,0,0.29207002461670084,0.6994475739634402
582063,intensive,1,0.05260294414025139,0,0.35692497216023467,0.590472083699514
582064,intensive,1,0,0,0.02249979435148239,0.9775002056485176
582065,intensive,1,0.0276354106163438,0,0.17188239409834208,0.8004821952853141
582066,intensive,1,0,0,0.03536909127070461,0.9646309087292954
582067,mid_high,1,0.014225689451638783,0,0.5275407769829713,0.45823353356538993
582069,mid_high,1,0.09506223867835316,0,0.9049377613216468,0
582070,extensive,1,0.6113225907983242,0.052292189258585246,0.3363852199430905,0
582071,extensive,1,0.9388093073588386,0.0021243786412423046,0.059066313999919046,0
582072,intensive,1,0.037112090505136586,0.0014111126874006505,0.4665029366711809,0.49497386013628186
582073,mid_high,1,0.048250061876778876,0,0.48224600527628964,0.4695039328469315
582074,mid_high,1,0.06480730984039483,2.6049537419203507e-4,0.5378358021492229,0.39709639263619023
582075,intensive,1,0.09192107365564466,0.007365309206223495,0.3819239416593878,0.518789675478744
583048,intensive,1,0,0,0.385254647407118,0.614745352592882
583049,intensive,1,0,0,0.46836146123109346,0.5316385387689065
579053,extensive,1,0.5144338051768789,0.03170109435166234,0.4538651004714587,0
577032,mid_high,1,0.11622906343853986,0.006719978004298503,0.8770509585571616,0
570039,mid_high,1,0,0,0.9989199099336531,0.0010800900663469244
570044,intensive,1,0.04756773848249477,0,0.4249008111483621,0.5275314503691432
571052,mid_high,1,0.011763183823068447,0,0.9882368161769316,0
147042,intensive,1,0,0.001039563684282343,0.4215645614566829,0.5773958748590348
147043,extensive,1,0.8391047494511892,0.024532490322396468,0.13636276022641436,0
568028,extensive,1,0.7287182954714158,0,0.27128170452858424,0
163016,intensive,1,0.1851186468826646,0,0.35107514284576763,0.4638062102715677
155014,mid_high,1,0.08533409911540703,0.010915802392045702,0.6069221434217635,0.2968279550707838
563014,mid_high,1,0.05684054803957708,0,0.6627643837015593,0.28039506825886357
563015,mid_high,1,6.37090952441833e-5,0,0.9999362909047558,0
563012,mid_high,1,0.0035916472523807564,0,0.8658508065727979,0.13055754617482135
563025,mid_high,1,0.0398162717166752,0.009460008745357327,0.7078520156590071,0.24287170387896032
563022,mid_high,1,0.012908873146931784,8.062159438164856e-4,0.5891450891637553,0.3971398217454965
563027,intensive,1,0,0,0.3497130733317047,0.6502869266682952
563004,mid_high,1,0.04056913765970694,0.1957020941151135,0.7637287682251795,0
563005,extensive,1,0.49331228373545116,0.3082466878744538,0.19844102839009503,0
563006,mid_high,1,0.004864806138613405,0.07863097644070745,0.9165042174206791,0
563007,extensive,1,0.38899618549136566,0.2914598346693045,0.31954397983932986,0
563003,mid_high,1,0.003198352304688978,0.007613649683232013,0.9763958624663905,0.012792135545688426
564005,mid_high,1,0.1873130874122582,0.1291131214452287,0.683573791142513,0
564027,mid_high,1,0.3914797480044826,0.03131421196355423,0.5772060400319632,0
564041,mid_high,1,0.08925489902749412,0,0.9107451009725059,0
564042,mid_high,1,0.3189302444202447,0.02136312402209133,0.659706631557664,0
565008,mid_high,1,0.00786148394746454,0,0.5683446424367611,0.4237938736157744
565018,mid_high,1,0.08799676916928205,0,0.912003230830718,0
566017,intensive,1,0,0,0.21484648500533762,0.7851535149946623
567014,intensive,1,3.5408355241515067e-4,0,0.16940248425439694,0.830243432193188
566012,intensive,1,0.014680490194466973,0,0.18552960192185425,0.7997899078836788
566010,mid_high,1,0.19674647392396982,0.015447467182667372,0.7875555188221288,2.505400712339504e-4
566023,mid_high,1,0.022696408723063687,0,0.7213596389857272,0.25594395229120914
566004,intensive,1,0.0065466735753904074,0,0.29177070813089917,0.7016826182937104
568030,mid_high,1,0.08318943713435684,0,0.9121011919310757,0.004709370934567459
567026,mid_high,1,0.2797026385009502,0.08666024685109702,0.6336371146479528,0
567020,mid_high,1,0.31586037208965856,0.03485018247000209,0.6492894454403393,0
567012,mid_high,1,0.23671468868231638,0,0.7632640915969054,2.1219720778135027e-5
567011,intensive,1,0.0394450801290824,0.006393365026164102,0.26825723332462537,0.6859043215201281
567002,intensive,1,0,0,0.018505581322781985,0.981494418677218
567010,mid_high,1,0.02271967346662849,0,0.9560991741735523,0.021181152359819183
567028,mid_high,1,0.012293417457321988,0,0.6369643309050259,0.3507422516376521
567029,mid_high,1,0.12487512408116407,0,0.875124847047089,2.8871746915736654e-8
568019,mid_high,1,0.06987832614175701,0.061401268459649876,0.7908041424978911,0.07791626290070201
568031,extensive,1,0.8986232922439542,0.004495702679597892,0.09688100507644788,0
568034,mid_high,1,0.38047040691594103,0,0.619529593084059,0
568023,mid_high,1,0,0,0.8959800040785134,0.10401999592148656
569035,mid_high,1,0,0,0.813761086698001,0.18623891330199907
569036,mid_high,1,0,0,0.6118159526984727,0.3881840473015273
569019,mid_high,1,0.05349740838859874,0,0.7792489143154719,0.16725367729592935
569030,mid_high,1,0.0071842725843642066,0,0.9928157274156358,0
569026,mid_high,1,0.10176361516228792,0.014075760876494208,0.8841606239612179,0
569028,mid_high,1,0.19326119884229506,0.0069441289851983395,0.7997946721725065,0
569009,mid_high,1,0.2209541000703314,0.032090938791502974,0.7469549611381656,0
569016,mid_high,1,4.387515239242389e-5,0,0.5396855279234795,0.46027059692412814
569023,mid_high,1,0.07321403199182906,0,0.9267859680081709,0
569006,mid_high,1,0,0,1,0
569049,extensive,1,0.6986564990637467,0.01767015237757541,0.2836733485586779,0
569048,mid_high,1,0.008947956054671654,0,0.9910520439453283,0
570001,mid_high,1,0,0,0.7623629793659906,0.23763702063400935
570029,intensive,1,0.005552481554910896,1.0812235832005504e-4,0.4521717988146916,0.5421675972720774
172061,mid_high,1,0.1859736998805132,0.18733789560655112,0.6266884045129357,0
172007,mid_high,1,0.2576864058577237,0.0899991241917298,0.6523144699505465,0
172064,mid_high,1,0.3262425170861881,0,0.6737574829138119,0
172049,extensive,1,0.6849182116999587,0.14651532804268708,0.16856646025735428,0
172062,mid_high,1,0.2226941748026748,0.22100766816711262,0.5562981570302126,0
172028,mid_low,1,0.23769324574271897,0.695470423726446,0.06683633053083511,0
172037,extensive,1,0.7493601173351986,0.24654674923448672,0.00409313343031468,0
172029,mid_high,1,0.12156354142033071,0.11616398573637265,0.7622724728432967,0
172043,extensive,1,0.6735028266303266,0.07832993331165952,0.24816724005801385,0
172033,extensive,1,0.8241252529229462,0.018117281685776313,0.1577574653912774,0
172059,mid_high,1,0.3067206061692904,0.010489710741351759,0.6827896830893578,0
570010,mid_high,1,0,0,0.9916277961282863,0.008372203871713642
564028,mid_high,1,0.38775505879976324,0,0.6122449412002368,0
569015,mid_high,1,0.04732566825595168,0,0.9526743317440484,0
569005,mid_high,1,0,0,1,0
569042,intensive,1,0,0,0.2018426273285971,0.798157372671403
569051,intensive,1,0.0010583492856152882,0.0010376978796367733,0.4663566183233701,0.5315473345113778
571049,mid_high,1,0.1931691279907214,0.060421723363788975,0.7464091486454896,0
571048,mid_high,1,0.05216236594734501,0,0.5088900672923722,0.4389475667602828
571003,mid_high,1,0.14075420988678863,0.006941374230652369,0.852304415882559,0
571051,mid_high,1,0,0,1,0
571054,intensive,1,0,0,0.053069006150351976,0.9469309938496481
571053,intensive,1,0,0,0.053702806957540206,0.9462971930424598
571012,mid_high,1,0.033781959917287795,0,0.8708094439453505,0.09540859613736169
571005,intensive,1,0.07061220594931719,0,0.398027650659229,0.5313601433914538
571007,intensive,1,0,0,0.040922252091949225,0.9590777479080508
571041,intensive,1,0.018212329334572848,0,0.3027305629022817,0.6790571077631455
571027,mid_high,1,0,0,0.5927379858359042,0.4072620141640958
571026,mid_high,1,0,0,0.638622912002841,0.36137708799715895
571002,mid_high,1,0.12849242124337718,0,0.8715075787566229,0
571024,mid_high,1,0,0,0.9795283644134344,0.020471635586565656
571034,mid_high,1,0.027152093677659576,0,0.9728479063223404,0
571020,mid_high,1,0.02764528715586434,0,0.9723547128441357,0
570036,intensive,1,0.1257686365657904,0,0.28935970617288786,0.5848716572613217
570041,intensive,1,0.058697014384970665,0,0.18494956375945595,0.7563534218555734
570031,mid_high,1,0.012682751836626276,0,0.9873172481633737,0
570035,intensive,1,0,0,0.3710831388637631,0.6289168611362369
571010,mid_high,1,0,0,1,0
571011,mid_high,1,0.12081761887583581,0,0.5555966803838956,0.3235857007402685
572015,mid_high,1,0.04169123545524877,0.05552392520839915,0.9027848393363521,0
572002,mid_high,1,0.3250155723617102,0,0.6749844276382898,0
572013,mid_high,1,0.3798181826400336,0.2128443248153178,0.40733749254464857,0
572003,mid_high,1,0.4013670912358577,0.026661578143147145,0.5719713306209951,0
572022,extensive,1,0.5855507957582596,0.30448352964116554,0.10996567460057483,0
572024,extensive,1,0.555077233939342,0.007151592361112971,0.43777117369954494,0
572023,extensive,1,0.6966791637907903,0.018280198199196553,0.28504063801001317,0
572025,mid_high,1,0.2677751319713455,0.012065284581568483,0.720159583447086,0
572014,mid_high,1,0.13648992523298967,0.005844687811947935,0.5878655385333749,0.2697998484216876
573004,intensive,1,0.009208017333953345,0,0.07016033316136606,0.9206316495046806
573009,mid_high,1,0.12361623756444198,0.0175967234797334,0.8425421722926177,0.016244866663206917
574016,mid_high,1,0,0,0.9030128836327243,0.09698711636727576
574015,mid_high,1,0.19313661652276107,0,0.7842887477399695,0.022574635737269422
574006,mid_high,1,0.0325350901569709,0,0.7111491986737503,0.25631571116927887
574005,intensive,1,0.012905941503550776,0,0.08529262736752735,0.9018014311289219
574008,mid_low,1,0.3225688528622647,0.4296165382027029,0.24781460893503235,0
574004,mid_high,1,0.14505080141370502,0,0.854949198586295,0
574012,mid_high,1,0.07097089381711044,0.013176196976898872,0.711154019282399,0.20469888992359175
574013,intensive,1,0.0018027216092306405,0,0.03769337928035217,0.9605038991104172
574002,intensive,1,0.06672910526425732,0,0.3408953431544422,0.5923755515813005
574014,intensive,1,0.02476049247466782,0.0025095278031805313,0.22954409387691763,0.743185885845234
574019,mid_high,1,0.3293687853378531,0.18753026465814865,0.4831009500039983,0
575005,mid_high,1,0.17927082118790066,0.004008835407399183,0.8167203434047001,0
575020,extensive,1,0.6108344298919813,0.14433956729140254,0.24482600281661615,0
79013,mid_high,1,0.03347451146948923,0.06419957038726871,0.902325918143242,0
79032,mid_high,1,0.12139597837963598,0.19576184862889462,0.6828421729914694,0
79009,mid_high,1,0.08068521855189933,0.17520034203926893,0.7441144394088317,0
79011,mid_high,1,0.33599796729496645,0.08348550911948854,0.5805165235855451,0
79003,mid_high,1,0.04093451884894371,0.004715277740179381,0.8648818686966732,0.08946833471420376
79029,extensive,1,0.6580327606815746,0.0119561098368694,0.3300111294815561,0
574026,mid_high,1,0.19222152122624242,0.23771834025343735,0.5700601385203202,0
575021,extensive,1,0.9988216207030829,0.0011414586318680869,3.6920665049020424e-5,0
575008,mid_high,1,0.07581555985038237,0.06665145055655475,0.8575329895930629,0
575006,mid_high,1,0.010449780245561905,0,0.989489275339899,6.0944414539026706e-5
575028,mid_high,1,0,0.031465086382071634,0.7080669288800021,0.2604679847379262
79012,mid_high,1,0.04884255884625082,0.003939915292402175,0.947217525861347,0
571040,mid_high,1,0.07455200937526825,0.015173772197880644,0.9102742184268511,0
568035,extensive,1,0.7333146749336752,0.14783809876834503,0.11884722629797975,0
568033,mid_high,1,0.23873906704501774,0.23435618849428044,0.5269047444607018,0
576031,extensive,1,0.9545593219160609,0.0029611188077994237,0.04247955927613977,0
576011,mid_high,1,0,8.24536238833345e-4,0.9991754637611666,0
576012,intensive,1,0,0,0.45323255420413555,0.5467674457958644
576006,mid_high,1,0,0,0.9928742841169529,0.0071257158830470724
576003,mid_high,1,0,0,0.8407377222591914,0.15926227774080862
578046,mid_high,1,0.0548918918891403,9.052316109479665e-4,0.7591268617114145,0.18507601478849717
578045,mid_high,1,0.0268148777331835,0,0.5793137552138361,0.3938713670529804
578031,mid_high,1,0.18109470537629216,0.002027551576222611,0.8168777430474853,0
578049,intensive,1,0.02777019283755146,0,0.17828095697795257,0.793948850184496
578001,extensive,1,0.7677354567025638,0.10149732050177034,0.13076722279566583,0
578005,mid_high,1,0.2456692712082776,0.056702273822176935,0.6976284549695454,0
564052,mid_high,1,0.0457718895609296,0.04006258203526281,0.9141655284038076,0
578023,mid_high,1,0.0029798791425908336,0,0.9970201208574092,0
578042,mid_high,1,0.1785435175363449,0.01178784085295541,0.8096686416106997,0
578041,mid_high,1,0.2706822466057866,0.05502241347248507,0.6742953399217283,0
578010,mid_high,1,0.1258056472032839,0.036337890735736095,0.83785646206098,0
578007,extensive,1,0.801603016808477,0,0.19839698319152296,0
563010,mid_high,1,0.006382670668173302,0.089108438706734,0.6313935187709199,0.27311537185417284
563001,mid_high,1,0.4036804315232746,0.09873269987126218,0.49290670976394196,0.004680158841521265
563002,intensive,1,2.920059006246741e-4,0,0.3871812939821445,0.6125267001172308
574017,mid_high,1,0.13317703650582235,6.708694850392313e-4,0.8661520940091384,0
564001,mid_high,1,0.47083787834774693,0.05030595434914709,0.478856167303106,0
570006,mid_high,1,0.03554456134565811,0,0.9644554386543419,0
571008,mid_high,1,0.24283807288214473,0,0.7571619271178552,0
572026,extensive,1,0.5450766705374946,0,0.45492332946250535,0
572027,mid_high,1,0.2894603029397874,0.02713511270271997,0.6834045843574926,0
577027,mid_high,1,0,0,0.6365648184577414,0.3634351815422587
172052,mid_high,1,0.2533815979861887,0.03270835292540355,0.7139100490884077,0
6064,extensive,1,0.997787009596368,0.002212990403631998,0,0
79001,mid_high,1,0.044638606374112114,0,0.8935172078023602,0.06184418582352767
79005,mid_high,1,0.10486916579995882,0,0.8951308342000411,0
79007,mid_high,1,0.11461358733645735,0.013425366133466848,0.8719573187043391,3.7278257366542854e-6
79010,mid_high,1,0.2566753210960784,0,0.7433246789039216,0
79035,mid_high,1,0.27863870069283736,0.0035203625469330865,0.7178409367602295,0
144055,intensive,1,0,0,0.3397577840828797,0.6602422159171203
144004,intensive,1,0,0,0.007774753683908013,0.992225246316092
162026,intensive,1,0.030534669392789197,0.0010318050194290036,0.3943162656133209,0.5741172599744608
172001,mid_high,1,0.3149145288403682,0.06643931833030076,0.618646152829331,0
172008,mid_high,1,0.02872570937250449,0.0922447890276,0.8790295015998956,0
172018,mid_high,1,0.09981184622004234,0.009251340291774242,0.8909368134881834,0
563011,mid_high,1,0,0,0.9252980567154773,0.07470194328452277
563026,mid_high,1,0.034829613897657555,0,0.7857491543441105,0.1794212317582319
564019,mid_high,1,0,0,1,0
564014,mid_high,1,0.01501846334228848,0.0637248610666105,0.921256675591101,0
564003,extensive,1,0.7473373058567666,0.19640833985963682,0.05625435428359657,0
564002,mid_high,1,0.03177436769921267,0.060858255543271386,0.9073673767575159,0
564029,mid_high,1,0.04799696145873078,0,0.9520030385412692,0
564012,mid_high,1,0.01208340093846636,0.0038089554719094483,0.7671978963304521,0.21690974725917206
564017,mid_high,1,0,0,0.7377750314809687,0.2622249685190314
564018,mid_high,1,0,0,0.8028013564911357,0.1971986435088643
564023,mid_high,1,0,0,0.5732342603706565,0.42676573962934344
564037,intensive,1,0,0,0.23347312594502623,0.7665268740549738
564026,mid_high,1,0,0,1,0
566007,intensive,1,0.034477085552513276,0,0.3088838516491399,0.6566390627983468
566020,intensive,1,0.04699467799736986,6.221504144263819e-4,0.3058357948568688,0.646547376731335
567004,intensive,1,0.020268857947552732,0,0.4439337485837205,0.5357973934687268
568004,mid_high,1,0.05364688705343945,0,0.8100300371015328,0.13632307584502784
568006,mid_low,1,0.28315890750015865,0.413474765413343,0.30336632708649836,0
568020,extensive,1,0.4814706297688657,0.4327295983073798,0.08579977192375458,0
570009,mid_high,1,0.008897234655546947,0.0018631164358442367,0.676996845226234,0.3122428036823747
570017,mid_high,1,0.1293048879769794,0,0.8706951120230206,0
570046,mid_high,1,0.25506154409442827,0.019119541134237864,0.7258189147713339,0
570020,mid_high,1,0.03992781038001529,0,0.9600721896199848,0
571035,intensive,1,0,0,0.02353761172302578,0.9764623882769742
571038,mid_high,1,0.009325626359505977,0,0.9682195259742971,0.02245484766619695
575002,intensive,1,0,0.05056677013403179,0.06926571222590899,0.8801675176400592
575009,intensive,1,0,0,0.08779480199620911,0.9122051980037909
575029,intensive,1,0,0,0.029645477494333432,0.9703545225056666
575014,intensive,1,0.030562384538402765,0,0.4447775489943306,0.5246600664672666
576020,mid_high,1,0.18172251199299838,0.02166473387787115,0.7966127541291305,0
576008,mid_high,1,0.14030221464601228,0,0.8596977853539877,0
576028,mid_high,1,0.12015043814381464,0,0.8798495618561853,0
577025,mid_high,1,0,0,1,0
578033,intensive,1,0.0018256830823914832,0,0.2580668095160417,0.7401075074015668
583037,intensive,1,0,0,0.11354755496748617,0.8864524450325139
583032,intensive,1,0.009564433097835317,0.005290901771413922,0.08788230907782753,0.8972623560529233
114078,intensive,1,0,0,0.28397882376371325,0.7160211762362867
114149,mid_high,1,0.08620376676854802,0,0.901970789746014,0.011825443485437967
164001,intensive,1,0.0126604369685795,0,0.4226162211808598,0.5647233418505607
25038,extensive,1,0.5164730901082862,0.24120126280774745,0.24232564708396634,0
16096,intensive,1,0,0,0.42646645100296804,0.573533548997032
16045,intensive,1,0.012904235237639857,0.00447866404335601,0.2326615844415539,0.7499555162774502
16051,intensive,1,0,0,0.41260816602668654,0.5873918339733135
66049,mid_high,1,0,0,1,0
66048,mid_high,1,0,0,0.905407698003072,0.09459230199692806
583012,mid_high,1,0.24808778197859171,0.005601246024905995,0.7239059878968783,0.02240498409962398
583029,mid_high,1,0.10929687367512263,0,0.8907031263248774,0
578008,mid_high,1,0,0,0.531126881856391,0.46887311814360905
578043,intensive,1,0.0012564421225002202,0,0.41132893213676047,0.5874146257407393
578032,intensive,1,0,0,0.06463284303097852,0.9353671569690215
578037,intensive,1,0.04326986480509434,0.003200597734162679,0.1643853851447746,0.7891441523159684
79028,mid_high,1,0.34924308688196715,0.15271111799241138,0.49804579512562147,0
573006,mid_high,1,0.19500807246644056,0,0.7819009992902829,0.023090928243276514
573005,intensive,1,0.009365997744788055,0,0.16172224767362145,0.8289117545815905
6065,extensive,1,0.6660494585979937,0.0232373456677375,0.25875207607978945,0.05196111965447937
6007,extensive,1,0.5908161455778401,0.02443761472904258,0.2874310962808214,0.09731514341229583
134029,extensive,1,0.5039636022915147,0.1131566504588498,0.38287974724963547,0
143039,mid_high,1,0.1985399575053007,0.03282348436857522,0.7686365581261241,0
143041,mid_high,1,0.3660350260671185,0.006066613985422789,0.3664299939040269,0.26146836604343177
129077,extensive,1,0.9098544553960435,0.08514537685996612,0.005000167743990368,0
129078,extensive,1,0.5609117230800171,0.12917357524496326,0.3099147016750196,0
129081,extensive,1,0.7601718098815927,0.04234485919407204,0.19160357839619896,0.005879752528136261
129070,mid_high,1,0.0199138987967557,4.7510891903181193e-4,0.8864681270615404,0.09314286522267202
150025,intensive,1,0,0,0.37839547715167116,0.6216045228483289
134032,mid_high,1,0.09315505952859736,0,0.9068449404714026,0
163062,intensive,1,0.013651959289851351,0,0.45672650619623323,0.5296215345139155
163047,mid_high,1,0.23794247821449413,0.11908131597303524,0.6429762058124706,0
128020,mid_high,1,0.18092642122767597,0.01709239190463797,0.6443999386022611,0.15758124826542502
131036,intensive,1,0.004473270120618282,0,0.16982479829971878,0.825701931579663
127002,intensive,1,0.0036372404021339988,0,0.14348914442094718,0.8528736151769188
127015,mid_high,1,0,0,0.6964010567882644,0.3035989432117356
69051,mid_high,1,0.017413605623381206,0,0.9297924693060312,0.05279392507058756
160002,intensive,1,0.02062563275860247,9.106773633505042e-4,0.24028329740870996,0.7381803924693371
25018,mid_high,1,0.11805518461772141,0.023295246445501315,0.7202473196430448,0.1384022492937325
25077,mid_high,1,0.05064082681439651,0,0.48679746794699374,0.4625617052386098
114050,intensive,1,0.0026205967547650658,0,0.44619900966142,0.5511803935838149
114038,intensive,1,3.905638377912104e-4,0,0.4776827648339072,0.5219266713283015
16084,intensive,1,0,0,0.3193222691367385,0.6806777308632616
17105,intensive,1,1.4099179793518085e-4,0,0.05827856674643054,0.9415804414556342
16014,intensive,1,0.026977610800939657,0,0.31160952632525535,0.661412862873805
145037,intensive,1,0.013554608983977388,3.434840851362979e-4,0.4816539685769988,0.5044479383538875
145033,intensive,1,0.0021997493154052115,0,0.04855373179271416,0.9492465188918806
17083,mid_high,1,0.08978358910499513,0.12348137501309406,0.7867350358819108,0
17136,mid_high,1,0.30491131548280914,0.1547775865586185,0.5403110979585724,0
114130,extensive,1,0.6801743840902275,0.022011399251410015,0.2978142166583625,0
6012,extensive,1,0.9729532552608949,0.008363132273334965,0.01868361246577015,0
114088,intensive,1,0.030871249499746765,0,0.23446990701159087,0.7346588434886624
145051,intensive,1,0.09599246200320763,0,0.2689918216230046,0.6350157163737877
145052,mid_high,1,0.1018103280633441,0.02342441248242764,0.8747652594542282,0
144042,mid_high,1,0,0,0.5949363549269381,0.40506364507306186
144046,mid_high,1,0.03100439645661764,0.006528370216289134,0.5802927816945898,0.38217445163250346
142010,mid_high,1,0.006258342015088566,0,0.596706806996633,0.3970348509882784
143036,mid_high,1,0.024582445687471893,0.00338283909141977,0.9720347152211083,0
144001,intensive,1,0.011149998835068025,0,0.27303867290691697,0.715811328258015
130025,intensive,1,0.014840900820442747,0,0.2947649292750384,0.6903941699045189
138056,intensive,1,0.10563845337129713,0,0.30804194824737535,0.5863195983813275
138057,intensive,1,0.06547516763985499,0,0.3471159168027244,0.5874089155574206
163064,mid_high,1,0.06877065919060216,0.023618698513325303,0.751049700853263,0.15656094144280963
131073,mid_high,1,0.37592935091020946,6.671755269161264e-6,0.5579275078817837,0.06613646945273768
131047,intensive,1,0.01899106418794385,0,0.09206162498268061,0.8889473108293755
128003,mid_high,1,0.11933638726890122,0,0.5531906813840792,0.3274729313470195
66029,mid_high,1,0.004228061429170056,0,0.9234710572518607,0.07230088131896924
66028,mid_high,1,0.13431497483091095,0,0.8656850251690891,0
17124,mid_high,1,0.2785289227055865,0.0167710991510217,0.7046999781433918,0
17117,mid_high,1,0.13486960603399467,0.004323398556106435,0.7383365147785776,0.12247048063132131
149060,intensive,1.0000000000000002,0.004921598417020519,0,0.4591463361831563,0.5359320653998231
