ID,Researcher,Date,Time,LocationID,MeadowID,Species,Number_Counted,Remarks_Counts,Ronde,__id
3524,938,31/03/2025,8:37:00 AM,5,5029,BTG_terr,10,,1,TmdPcD5hZkdQR1omKCZoOV1SbiM
3549,938,31/03/2025,10:45:00 AM,5,5030,BTG_terr,4,,1,UXRjVCg2SEgpb0ZNUV0pKThldj4
3525,938,31/03/2025,8:45:00 AM,5,5031,BTG_terr,3,,1,V0pdYSFrQXJaNV1FbUcrT2R1RVg
3548,938,31/03/2025,10:43:00 AM,5,5032,BTG_terr,5,,1,S2VhT0VdQyYoT09OaU41XUdBWCk
3526,938,31/03/2025,8:51:00 AM,5,5033,BTG_terr,2,,1,UCVSO3MpeEBLd3pjOGhBRkwwSEU
3547,938,31/03/2025,10:32:00 AM,5,5034,BTG_terr,3,,1,TjpYW2NoUTBPRzRHSDA3QXIxTCo
3527,938,31/03/2025,8:57:00 AM,5,5035,BTG_terr,9,,1,Wik5azRreVJIW1cpU1hoRjgwQT4
3546,938,31/03/2025,10:25:00 AM,5,5036,BTG_terr,3,,1,Sm0zS2UyZ1MjNTNIIzNwR3BHbm4
3528,938,31/03/2025,9:03:00 AM,5,5037,BTG_terr,4,,1,TEo8a3VxdmkwZ0w7biklUEQwYVk
3545,938,31/03/2025,10:18:00 AM,5,5038,BTG_terr,12,,1,WSFKZVQ7K1lhYTRbRjYmeDxzW1g
3530,938,31/03/2025,9:09:00 AM,5,5039,BTG_terr,2,,1,TzJCdjw8KmJFYXU4OT5pdWRYV3g
3544,938,31/03/2025,10:13:00 AM,5,5040,BTG_terr,3,,1,JW5iPlkqY0JCU1tlIW9dJS10TlU
3531,938,31/03/2025,9:16:00 AM,5,5041,BTG_terr,7,,1,JTFFQ2dGQnF5Wm5nVmRFJlMqQGY
3543,938,31/03/2025,10:08:00 AM,5,5042,BTG_terr,3,,1,WXFhUGhiKnN5NzN3YXlTLUs-Sms
3532,938,31/03/2025,9:24:00 AM,5,5043,BTG_terr,13,,1,IVdKbkd5Nih4ZE9UWGVGNmtIZ00
3542,938,31/03/2025,10:03:00 AM,5,5044,BTG_terr,5,,1,KEx4cWtsRlBRNHlQNW9oLXp6I1s
3534,938,31/03/2025,9:33:00 AM,5,5045,BTG_terr,7,,1,VyZzWXhLMmgjbUN4WS1wI2pDTz4
3540,938,31/03/2025,9:56:00 AM,5,5046,BTG_terr,13,,1,PColQkRHWHkqTU0wenZpeVV6bzU
3537,938,31/03/2025,9:49:00 AM,5,5047,BTG_terr,2,,1,Rj5rR1cmSVtZQUNRM3hOcCFGd0Y
3538,938,31/03/2025,9:49:00 AM,5,5048,BTG_terr,4,,1,PGxMTjM3ZW46NHhlKEg6dEh0NjM
3539,938,31/03/2025,9:50:00 AM,5,5049,BTG_terr,3,,1,VHZ1N1V1UXZscCVrKUddZUI6c3I
3536,938,31/03/2025,9:49:00 AM,5,5050,BTG_terr,4,,1,T2o3JUc0UTYqUz5ndVAqOktoVjY
3608,938,07/04/2025,9:34:00 AM,5,5029,BTG_terr,21,,2,VSg8UUZjMWlxRU14M2F0cilUSlI
3607,938,07/04/2025,9:27:00 AM,5,5030,BTG_terr,2,,2,Sytlam1OTmNzO0RTVjl0REhES0E
3609,938,07/04/2025,9:43:00 AM,5,5031,BTG_terr,16,,2,UnlyUjxVKndiOUJrMXh0KlBickg
3606,938,07/04/2025,9:27:00 AM,5,5032,BTG_terr,8,,2,SWgwO0txNCtPQXYpaXEhb21IcXM
3610,938,07/04/2025,9:50:00 AM,5,5033,BTG_terr,6,,2,V2RDbGU1QU1ZUnQmajpWR1F6O1o
3605,938,07/04/2025,9:17:00 AM,5,5034,BTG_terr,12,,2,V0hFaVR1MS00PCE2WHdqNFBJIXI
3611,938,07/04/2025,9:54:00 AM,5,5035,BTG_terr,13,,2,RHBLVEluSilOeEE5Y045a3RKSEQ
3604,938,07/04/2025,9:12:00 AM,5,5036,BTG_terr,2,,2,TXJSSDNrRTspckIoIWtoRmNKN0A
3612,938,07/04/2025,10:01:00 AM,5,5037,BTG_terr,14,,2,WVBdPiFkOXJJbis6bSg4TXpxeFk
3603,938,07/04/2025,9:09:00 AM,5,5038,BTG_terr,7,,2,KXhJc1Yrd05pTnVlcz5zMkFMTjU
3613,938,07/04/2025,10:10:00 AM,5,5039,BTG_terr,2,,2,K21rRypsQiNQPCNRQXArVTZDW0Q
3602,938,07/04/2025,9:04:00 AM,5,5040,BTG_terr,5,,2,KFFSUXkzQDJMayFrRXVlNEJ3VkU
3614,938,07/04/2025,10:12:00 AM,5,5041,BTG_terr,4,,2,WzkqbEpyU1JIaWklVztdRXRTPG8
3601,938,07/04/2025,8:58:00 AM,5,5042,BTG_terr,5,,2,QDhmOkJoeEhhY2E6UktuSXJqMWw
3615,938,07/04/2025,10:18:00 AM,5,5043,BTG_terr,13,,2,VUIxJmN4S2QjTGxATWlSbTgoWkM
3600,938,07/04/2025,8:49:00 AM,5,5044,BTG_terr,14,,2,VkN4V1s6Sjxnb2NxNUxRKk5ATkI
3616,938,07/04/2025,10:23:00 AM,5,5045,BTG_terr,3,,2,RDJKPGVHbWQtSzNUYlppTnk5aiE
3599,938,07/04/2025,8:47:00 AM,5,5046,BTG_terr,12,,2,RUR4XSpzKWxILUBBU0duN294aVk
3596,938,07/04/2025,8:41:00 AM,5,5047,BTG_terr,2,,2,UWxpVEU3dFg7YSg6YW5KeGQzZDo
3597,938,07/04/2025,8:41:00 AM,5,5049,BTG_terr,4,,2,Rnk8Y2NWWT5ROWZQJkk5bHdzKkY
3598,938,07/04/2025,8:41:00 AM,5,5050,BTG_terr,2,,2,SjoxPm1NblVxTF1dT25AbmswKUA
3665,938,14/04/2025,8:11:00 AM,5,5029,BTG_terr,14,,3,RXEjc25jZ0tqKWJGbHZdI0FnbnE
3688,938,14/04/2025,10:39:00 AM,5,5030,BTG_terr,2,,3,JnVYT1BdNEtNd0ZIUnVbWzhYUFA
3666,938,14/04/2025,8:22:00 AM,5,5031,BTG_terr,19,,3,KHIhcWk6RzglKCNVK3lCNHIzNk0
3687,938,14/04/2025,10:36:00 AM,5,5032,BTG_terr,12,,3,VD4xOlZbUlotV3k6NUQqd2gwJmY
3667,938,14/04/2025,8:29:00 AM,5,5033,BTG_terr,10,,3,KzpuVztrb1JZY0J1eEIqOzNwUS0
3686,938,14/04/2025,10:28:00 AM,5,5034,BTG_terr,5,,3,U11zKHEzQ3ldUi1yOU04YmJSS0E
3668,938,14/04/2025,8:40:00 AM,5,5035,BTG_terr,8,,3,WShFZEB6WU5aJj5JTzpda2Ntbis
3685,938,14/04/2025,10:19:00 AM,5,5036,BTG_terr,8,,3,IVl0KiYxZjpDdk54IWlHVHpxbHU
3669,938,14/04/2025,8:52:00 AM,5,5037,BTG_terr,18,,3,RExReFpFWm5KVlhFNWI5b2g4emY
3684,938,14/04/2025,10:12:00 AM,5,5038,BTG_terr,12,,3,UmZxJjMhYSM1WypkWmlVQTE5JW8
3671,938,14/04/2025,9:03:00 AM,5,5039,BTG_terr,9,,3,KmdYNDRbNHMxWDg5K3Y5byMwSFU
3683,938,14/04/2025,10:03:00 AM,5,5040,BTG_terr,9,,3,S1BaPEh6bzM3ZXMlWGhOOityKzA
3672,938,14/04/2025,9:12:00 AM,5,5041,BTG_terr,11,,3,IW5JbFUqSEhlUG9aR1YxKGQyOUI
3682,938,14/04/2025,9:52:00 AM,5,5042,BTG_terr,4,,3,JWRGODt0WltzXWwlV0BQLVVDXTk
3673,938,14/04/2025,9:17:00 AM,5,5043,BTG_terr,14,,3,RCVbUzVYVVJJT28zbHgpaTs2NHY
3681,938,14/04/2025,9:46:00 AM,5,5044,BTG_terr,10,,3,IUpWdXgwLVBKQkRtKEA1KHdZNGQ
3675,938,14/04/2025,9:19:00 AM,5,5045,BTG_terr,8,,3,U004djFOeVVxKElWdT5NUkdXR3k
3680,938,14/04/2025,9:40:00 AM,5,5046,BTG_terr,20,,3,SmlZUDh0Z0Y1dDFqYmQwV3E7Mmw
3676,938,14/04/2025,9:27:00 AM,5,5047,BTG_terr,2,,3,VyU7RVBybyFHIU0zKTZ6Myoyb2s
3677,938,14/04/2025,9:27:00 AM,5,5048,BTG_terr,9,,3,VWtYQkltWzQ4ZjRpOkpRPGxyTFs
3678,938,14/04/2025,9:28:00 AM,5,5049,BTG_terr,4,,3,WWNqeit2QXJaWkJqSzAjSHcqc0g
3679,938,14/04/2025,9:28:00 AM,5,5050,BTG_terr,2,,3,XVVJS3Iyc0AwMFQtcTM8aXVPNyU
3284,3172,02/04/2025,10:01:00 AM,6,6002,BTG_terr,2,,1,RU5JKHpyYjt0KGJjWnlJIVh3OXA
3283,3172,02/04/2025,9:54:00 AM,6,6004,BTG_terr,7,,1,KktKcmN1MnJvYyMmNGdVSTBDd2M
3282,3172,02/04/2025,9:50:00 AM,6,6005,BTG_terr,3,,1,IU5oUWNDbWc3akNVKis7QENjQ2k
3281,3172,02/04/2025,9:43:00 AM,6,6006,BTG_terr,4,,1,QEUpOVd5dzJ1MEBPaSYzOztjWGk
3279,3172,02/04/2025,9:37:00 AM,6,6007,BTG_terr,7,,1,VEMtJSktKClKVDY7WDVXWHNpUSM
3278,3172,02/04/2025,9:27:00 AM,6,6008,BTG_terr,15,,1,Tlg2U0ghMSMzRTYxQilIM1ZJNUQ
3277,3172,02/04/2025,9:20:00 AM,6,6009,BTG_terr,3,,1,TWd5ISgqOE80ZEJ5YkxFXVchbA
3276,3172,02/04/2025,9:15:00 AM,6,6010,BTG_terr,7,,1,UXNoQ3NhVGQyMEtpRlY4UGRmOUw
3274,3172,02/04/2025,9:08:00 AM,6,6011,BTG_terr,6,,1,IXk4OnFTb0hwPD56VGFSSzJQIzM
3273,3172,02/04/2025,9:02:00 AM,6,6012,BTG_terr,10,,1,WnJ3RkElNjNlYlFMYV0wTmNJaXg
3272,3172,02/04/2025,8:58:00 AM,6,6013,BTG_terr,6,,1,PDNxUzBtWmJEczlbXWdFbkZuQ0s
3271,3172,02/04/2025,8:58:00 AM,6,6018,BTG_terr,2,,1,KlNBeHBEKnZKPkNVO1ZdQEppPGw
3268,3172,02/04/2025,8:42:00 AM,6,6019,BTG_terr,5,,1,R3NydkZELU5WW2ImWHhLWWZJSGw
3267,3172,02/04/2025,8:42:00 AM,6,6020,BTG_terr,6,,1,VmkpMj5GJlR2bEJWMTNLRU1WZSo
3266,3172,02/04/2025,8:37:00 AM,6,6021,BTG_terr,1,,1,T3ZZQikyM3V4VlVlRFZSM0tKUSs
3264,3172,02/04/2025,8:13:00 AM,6,6022,BTG_terr,5,,1,KU84VkxMN3RnXU9GQWplNFNkO2E
3263,3172,02/04/2025,8:12:00 AM,6,6023,BTG_terr,5,,1,Wm03Y0QqU1FEWyo3OnhWM1BWbSk
3261,3172,02/04/2025,8:06:00 AM,6,6024,BTG_terr,2,,1,Uyk7U1JpVW8-TDJPWGhNUkVdcGk
3262,3172,02/04/2025,8:11:00 AM,6,6026,BTG_terr,2,,1,VDxQOiowazk7UXdoYjF3d3VdVXg
3285,3172,02/04/2025,10:48:00 AM,6,6065,BTG_terr,2,,1,R2JhVCpVc0BCSWQlJXlzM3BUZkI
3388,3172,09/04/2025,10:28:00 AM,6,6002,BTG_terr,10,,2,WUljViZaVHYqMFklJnNYb1Y2c3Q
3387,3172,09/04/2025,10:21:00 AM,6,6003,BTG_terr,1,,2,WEYmQHImZ05kajZwSjRDNjxMb1E
3385,3172,09/04/2025,10:15:00 AM,6,6004,BTG_terr,2,,2,I2ZTKE0-bFhsS2ZlYnZXRVtpKC0
3384,3172,09/04/2025,10:08:00 AM,6,6005,BTG_terr,1,,2,RHgpTWVbbFojRjwxbmE2d0k0LVI
3383,3172,09/04/2025,10:05:00 AM,6,6006,BTG_terr,1,,2,KnQ0cHJ5SVtsaVpObVZjYkNkW0A
3381,3172,09/04/2025,9:49:00 AM,6,6007,BTG_non_terr,22,als groep in grasland foeragerend,2,Jiptc0ldW2VrUnJZKGk3IWpGbjs
3379,3172,09/04/2025,9:43:00 AM,6,6008,BTG_terr,8,,2,WWotZ2ZAUltSYksrO21JcWNuYlk
3378,3172,09/04/2025,9:37:00 AM,6,6009,BTG_terr,6,,2,LXdvMmwyNzFTJWxmNiZqWWZ2TFk
3376,3172,09/04/2025,9:30:00 AM,6,6010,BTG_terr,8,,2,WCtwYUBpW2Erbm1VOCtBO3hBOmQ
3375,3172,09/04/2025,9:26:00 AM,6,6011,BTG_terr,6,,2,SERQJSVzSzh5YjRUdEBQVj5FKkk
3374,3172,09/04/2025,9:18:00 AM,6,6012,BTG_terr,8,,2,KGcmeVYoTSZCVmhyKTEjSnM2I2U
3373,3172,09/04/2025,9:12:00 AM,6,6013,BTG_terr,11,,2,XWszVitTZEt2bTZTTHlPU0FCKTg
3372,3172,09/04/2025,9:07:00 AM,6,6018,BTG_terr,2,,2,XWpWOSZuVk9FO29XOUBEMTthbnQ
3371,3172,09/04/2025,9:00:00 AM,6,6019,BTG_terr,6,,2,KjN4bUtTMmIqcDlmXShyLVUzKlc
3369,3172,09/04/2025,8:53:00 AM,6,6020,BTG_terr,8,,2,RClWRCZxNkx2QzRtOClEblI1MyU
3368,3172,09/04/2025,8:44:00 AM,6,6021,BTG_terr,4,,2,JVUpOiNrNnNIREcqQUVbcTBwY0E
3366,3172,09/04/2025,8:29:00 AM,6,6023,BTG_terr,3,,2,SytJdjwwd1JQY1U8KmpLYXprIyE
3364,3172,09/04/2025,8:25:00 AM,6,6024,BTG_terr,4,,2,SExXSThzRzkrKSNOT0ZnM2taajU
3363,3172,09/04/2025,8:11:00 AM,6,6025,BTG_terr,3,,2,SWojZVhsVld6RGc8JXglWGhBUWs
3365,3172,09/04/2025,8:29:00 AM,6,6026,BTG_terr,2,,2,TUNWWms7dzl5SkotKklSYVVvW1M
3362,3172,09/04/2025,8:07:00 AM,6,6065,BTG_terr,4,,2,TXJONE93M3pkUFZibzprelEhTmQ
3495,3172,16/04/2025,10:46:00 AM,6,6002,BTG_terr,1,,3,KzNXWkVAbWU8cCpvWlNvIW5dVkk
3493,3172,16/04/2025,10:33:00 AM,6,6003,BTG_terr,5,,3,SiVtaEhrOSVdTVlSYjhmZzJhTyY
3492,3172,16/04/2025,10:29:00 AM,6,6004,BTG_terr,15,,3,UzkyQFVaRlM3eCEhXWRZJTxPQVI
3491,3172,16/04/2025,10:23:00 AM,6,6005,BTG_terr,5,,3,TzNXZEIpRThpeEsjXTl1QTAoWlg
3489,3172,16/04/2025,10:08:00 AM,6,6006,BTG_terr,8,,3,RXA1KmQ1SysqY0EzWTJMNVJrKFo
3487,3172,16/04/2025,10:01:00 AM,6,6007,BTG_terr,9,,3,Jmp4KEAtaWFnSlB0SllScEdSZDo
3485,3172,16/04/2025,9:54:00 AM,6,6008,BTG_terr,4,,3,K2QhS21jd3ljOiVqKDs1KlppVTE
3484,3172,16/04/2025,9:51:00 AM,6,6009,BTG_terr,9,,3,SXVbYkR6cXBTMmN2WSVkPnpDLVY
3483,3172,16/04/2025,9:43:00 AM,6,6010,BTG_terr,17,,3,K0MoRjBsMThLZzdwQigrRVVsaVQ
3481,3172,16/04/2025,9:38:00 AM,6,6011,BTG_terr,6,,3,Pkh5QUsxcz4-N0tubjFILTFJNCo
3480,3172,16/04/2025,9:29:00 AM,6,6012,BTG_terr,12,,3,UGJTTG4qVyFLdHFGT046MjNsI2Y
3479,3172,16/04/2025,9:22:00 AM,6,6013,BTG_terr,5,,3,KWlqM3cmcXd0bnA1MXZxQTghPGY
3478,3172,16/04/2025,9:13:00 AM,6,6018,BTG_terr,2,,3,UTJaK1lGOHI7cTYhS3pzR21bYSs
3477,3172,16/04/2025,8:53:00 AM,6,6019,BTG_terr,8,,3,QztEN3hyRDQ4K2pCckFXcF15aDI
3475,3172,16/04/2025,8:44:00 AM,6,6020,BTG_terr,5,,3,RWZuKmgmODhsQ29FdisjQ0xoMCo
3473,3172,16/04/2025,8:36:00 AM,6,6021,BTG_terr,2,,3,IWc5UTc-S2FpZFJSQjYtbHlVPms
3470,3172,16/04/2025,8:23:00 AM,6,6022,BTG_terr,8,,3,RTZOIXNyejo-cT50KkdjT1g-WUQ
3469,3172,16/04/2025,8:18:00 AM,6,6023,BTG_terr,4,1 on nest,3,TCtDc1dALWowZUNFXTBEWlcmLWQ
3467,3172,16/04/2025,8:03:00 AM,6,6024,BTG_terr,3,,3,WilAKVg7enZdczYyRnchNGYyMUw
3466,3172,16/04/2025,8:00:00 AM,6,6025,BTG_terr,2,,3,WHE4JTlLaERMdGl3Y2J0cTRGbDw
3468,3172,16/04/2025,8:13:00 AM,6,6027,BTG_terr,1,,3,Izl5NFp3V2Y5eW9OQmI7RyVMdE4
3498,3172,16/04/2025,11:54:00 AM,6,6065,BTG_terr,2,,3,WV0maFplNTJpTXFHVWI-d0hNKFg
3551,938,31/03/2025,11:03:00 AM,7,7000,BTG_non_terr,78,inclusief. ijslanders,1,VW5XS3dSckxHSmpuSUl5dG8wM28
3552,938,31/03/2025,11:10:00 AM,7,7000,BTG_terr,6,,1,RUhFVFJsJnE6S1FrSlJnVFEzSHk
3620,938,07/04/2025,10:57:00 AM,7,7000,BTG_non_terr,13,,2,THd6bTJ2NzJvZSUzeEgmZjNqJQ
3619,938,07/04/2025,10:46:00 AM,7,7000,BTG_terr,11,,2,SkxXeFtOMzdhY09RKmJiYzgzJWc
3689,938,14/04/2025,11:12:00 AM,7,7000,BTG_terr,7,"EV: 7000 entered twice, unsure if wrong MeadowID used or double.",3,SHFjQUlPdlpdTDVxM0Q8R2FOZTI
3265,3172,02/04/2025,8:33:00 AM,12,12000,BTG_terr,20,,1,XXUzNHVLdSM-VSFJb20yNEEwKEw
3377,3172,09/04/2025,9:33:00 AM,12,12000,BTG_terr,3,,2,V0s8Z0JZV21QI0xKbz5KSWNXOGE
3490,3172,16/04/2025,10:19:00 AM,12,12000,BTG_non_terr,2,,3,PksoSnMqeilnS2duKjNSKkJWQkc
3474,3172,16/04/2025,8:41:00 AM,12,12000,BTG_terr,11,,3,SHdrajFzVF1Oa0JKKTVLRndqdUo
5307,2627,03/04/2025,10:10:00 AM,14,14051,BTG_terr,1,,1,PFdUPEpJUipWJio3OGc2ZjVMKDI
5281,2627,03/04/2025,10:24:00 AM,14,14052,BTG_terr,5,,1,WEZMRCpnPjA2ZDQhdUZFdEl4UDA
5279,2627,03/04/2025,9:47:00 AM,14,14054,BTG_terr,5,,1,UFVRWnNXSnQ7T04mWHZJeW9neTw
5289,2627,03/04/2025,9:41:00 AM,14,14055,BTG_terr,8,,1,ITBkUG1RYlpMdm87bGUxNUJmRTA
5286,2627,03/04/2025,9:09:00 AM,14,14056,BTG_terr,11,,1,WGFZKjJbNUZhTkYqXWZkPl0tKHY
5301,2627,03/04/2025,8:44:00 AM,14,14057,BTG_terr,2,,1,Wyk7Q3ZlRU1aWVoyWiU4T1BbQkU
5306,2627,03/04/2025,8:43:00 AM,14,14058,BTG_terr,2,,1,WGtMY09GSTowXSkrRyY6YnVtKGY
5290,2627,03/04/2025,8:21:00 AM,14,14059,BTG_terr,3,,1,V0w3dlY0KTh2Zys-Y1V0YXYjOyE
5449,2627,11/04/2025,10:20:00 AM,14,14051,BTG_terr,3,1 op nest,2,RzwwMVdxTW5mVjgrNldKWExtOHE
5453,2627,11/04/2025,10:31:00 AM,14,14052,BTG_terr,4,,2,XWVNclZ1ajROOStrbmgwWEdRcmw
5446,2627,11/04/2025,10:27:00 AM,14,14053,BTG_terr,1,,2,UDVDWmVGdyVnOWM5SEU1SVtsQkI
5448,2627,11/04/2025,10:46:00 AM,14,14054,BTG_terr,4,,2,KDV0dThSSDxJeno2RGVJYnVvWzc
5451,2627,11/04/2025,10:56:00 AM,14,14055,BTG_terr,9,,2,VWlSK21aZ0JvTHBWWUglKlZaaHY
5452,2627,11/04/2025,11:28:00 AM,14,14057,BTG_terr,2,,2,QGJJTnFQSi1nKE1Ca05sQ0RlNEs
5450,2627,11/04/2025,11:28:00 AM,14,14058,BTG_terr,4,,2,VEFuKkA3SjYpKmVKUkBwKylVdWU
5454,2627,11/04/2025,11:45:00 AM,14,14059,BTG_terr,4,,2,Kk08az5mdEMhOmoqVzJXKTMmUTU
5447,2627,11/04/2025,11:44:00 AM,14,14060,BTG_terr,2,,2,Jk95TkJbbT5lZC1mTTpUZWRAcWU
5520,2627,15/04/2025,11:58:00 AM,14,14053,BTG_terr,4,,3,TSpqJVRCYjJEbVs0M2RVaGhIUFA
5529,2627,15/04/2025,11:51:00 AM,14,14054,BTG_terr,6,,3,K2FLWWREMWdxPEpmcysqZXdnYmY
5534,2627,15/04/2025,11:29:00 AM,14,14055,BTG_terr,4,,3,K1o1MGxLY0RySENHNVF1eXM8W0I
5518,2627,15/04/2025,10:49:00 AM,14,14056,BTG_terr,11,2 op nest,3,W0Y7ajgxVjdYJW1rMTxXKVt2aTE
5530,2627,15/04/2025,10:17:00 AM,14,14059,BTG_terr,6,2 op nest,3,UDFjZ1Fna0ArZnRNITdFeXJpWUU
5315,2627,04/04/2025,11:20:00 AM,16,16029,BTG_terr,2,,1,TWkoKjZvcFdXPll3ZihMWEAwbE8
5322,2627,04/04/2025,9:00:00 AM,16,16058,BTG_terr,3,,1,RTM0Qjg7JnZbc0xpWlBPdkk7ag
5326,2627,04/04/2025,9:09:00 AM,16,16076,BTG_terr,2,,1,K2hyYSZ4cW8mKnhrQlc0YkNwY1U
5338,2627,04/04/2025,9:28:00 AM,16,16077,BTG_terr,8,,1,UXV1cmM3bC0tSW9hK0V4YSFrVDk
5343,2627,04/04/2025,8:41:00 AM,16,16078,BTG_terr,2,"EV: 16078 entered twice, different count and time so probably wrong MeadowID entered.",1,IWkrWEZIMVFOaFBSRHBuZUtBI0c
5340,2627,04/04/2025,8:41:00 AM,16,16079,BTG_terr,1,"EV: 16079 entered twice, different count and time so probably wrong MeadowID entered.",1,PFllNF1oRCtObl1OZzM3RTs3Uj4
5312,2627,04/04/2025,8:30:00 AM,16,16081,BTG_terr,2,,1,T2wzKClDKCozKVAzR1k8ejJpVl0
5325,2627,04/04/2025,11:33:00 AM,16,16088,BTG_terr,2,,1,VTVqcjRLQmxBZjcmPkNxMEFLIyY
5321,2627,04/04/2025,8:13:00 AM,16,16108,BTG_terr,1,,1,QCNEdCMlZnZmSkplejtGPFgoQU8
5334,2627,04/04/2025,9:51:00 AM,16,16144,BTG_terr,8,,1,I2d4NFVRcE5CTyglVDZ4dytDbUo
5491,2627,10/04/2025,9:07:00 AM,16,16013,BTG_terr,2,,2,WypSKmc-WUJWTyhlSFBMMWpddDs
5486,2627,10/04/2025,9:04:00 AM,16,16014,BTG_non_terr,1,,2,WiolN2g5JlNCZnVSalhXQVpmVjM
5459,2627,10/04/2025,9:12:00 AM,16,16037,BTG_terr,2,"EV: 16037 entered twice, unsure if wrong MeadowID used or double.",2,XWM6WFFILUVmUXVObzI3OjBlO0k
5487,2627,10/04/2025,9:11:00 AM,16,16055,BTG_terr,2,,2,VFkwb1toaE9vKjxMKjlzdFVQLUA
5496,2627,10/04/2025,9:14:00 AM,16,16056,BTG_terr,1,,2,TVo5MypmaVRBO1MpJTVuaDtdRFg
5458,2627,10/04/2025,9:26:00 AM,16,16058,BTG_terr,2,,2,S0lOaTJIPiU-TWlZOGUza1V2NEc
5473,2627,10/04/2025,8:59:00 AM,16,16077,BTG_terr,1,,2,RT5bY288bmo8QzdBWVAyRWVaN24
5499,2627,10/04/2025,8:19:00 AM,16,16080,BTG_terr,1,,2,R2o4UVtPdmVzY3luOmpnZzdLZkk
5478,2627,10/04/2025,9:42:00 AM,16,16082,BTG_terr,1,,2,UCkzZGMlbiNkblEtIz5zMVFNWDk
5470,2627,10/04/2025,8:13:00 AM,16,16086,BTG_terr,1,,2,PnFickAyKnFJc0NOOENUc2d0Yis
5483,2627,10/04/2025,10:07:00 AM,16,16110,BTG_terr,2,,2,U0pSVlZaYWFGeSZxOkpRVGpkdC0
5573,2627,17/04/2025,11:36:00 AM,16,16056,BTG_terr,1,,3,V1J6MzVmTyZCczhLVXp0V0cmKnQ
5576,2627,17/04/2025,10:18:00 AM,16,16077,BTG_terr,5,"EV: 16077 entered twice, unsure if wrong MeadowID used or double.",3,JTk0K2d3JUtVVkRMNygwJUludjM
5582,2627,17/04/2025,10:49:00 AM,16,16078,BTG_terr,4,,3,XVhPeUEwJldWeWYpVzlbSS0yWEw
5571,2627,17/04/2025,9:55:00 AM,16,16079,BTG_terr,4,,3,Vjo-dEEqN3pdaFJOKlFOWDNkdGI
5580,2627,17/04/2025,10:17:00 AM,16,16081,BTG_terr,2,,3,T2lialImWWhzKlc2KUZjJmdvMXg
5570,2627,17/04/2025,10:17:00 AM,16,16082,BTG_terr,1,,3,VXV0OHRtdmhrSElrWDc2OGVUO3g
5559,2627,17/04/2025,12:34:00 PM,16,16091,BTG_terr,2,,3,LWwpWjMyTiEjMHMqTVBMcXowdk4
5380,2627,05/04/2025,10:00:00 AM,17,17007,BTG_terr,2,,1,SWVWODMjR1spQlJheDJRPmRsTjQ
5368,2627,05/04/2025,9:05:00 AM,17,17089,BTG_terr,2,,1,Sno3eCEoOFs1KExuV3EodkcwNGo
5361,2627,05/04/2025,9:04:00 AM,17,17090,BTG_terr,1,,1,TUxwNS1BRDBHbDFSJkhqamcoNnQ
5388,2627,05/04/2025,8:02:00 AM,17,17122,BTG_terr,4,,1,TWExMT45QWRSZjVSRyVwSkY6ZTk
5366,2627,05/04/2025,8:03:00 AM,17,17123,BTG_terr,2,,1,KjJaNWZmWG8xRyhZOEA2VjdLVk0
5379,2627,05/04/2025,9:09:00 AM,17,17162,BTG_terr,2,,1,LWVAM05zbFJ5KENlYSNFMUcoeXU
5417,2627,09/04/2025,9:28:00 AM,17,17033,BTG_terr,1,,2,VWpnam4qRjRuTl1bYWRpMltwMTM
5418,2627,09/04/2025,10:20:00 AM,17,17122,BTG_terr,3,,2,UUZAXStFeU5VaGtDIV01PG45XWc
5412,2627,09/04/2025,11:01:00 AM,17,17162,BTG_terr,2,,2,SCpAVUpsMDRjc1pwKHA8NE5sd2M
5393,2627,09/04/2025,10:52:00 AM,17,17189,BTG_terr,1,"EV: 17189 entered twice, unsure if wrong MeadowID used or double.",2,Q0hQKmI7MFVwZUNuQHlXUipoPmg
5512,2627,16/04/2025,10:04:00 AM,17,17008,BTG_terr,2,,3,TDM3YUJJKiFkTjY1QkVPUXpMTE4
3585,938,03/04/2025,10:06:00 AM,24,24002,BTG_terr,2,,1,WzZTMVFCU0NrTXVnb2otdjooRGQ
3582,938,03/04/2025,9:59:00 AM,24,24003,BTG_terr,2,,1,UjFBSmxmbFJIJXU5Z0pSOzh4NA
3586,938,03/04/2025,10:06:00 AM,24,24004,BTG_terr,4,,1,RkM0dCo-ZkVsLXZDZWVnQHVjTV0
3583,938,03/04/2025,9:59:00 AM,24,24005,BTG_terr,4,,1,Wz5RJVpydU55TiEqUlRVTERHbzo
3587,938,03/04/2025,10:07:00 AM,24,24006,BTG_terr,4,,1,UEozUWs2Q1BScHApMnpUKjsmOHg
3589,938,03/04/2025,10:08:00 AM,24,24007,BTG_terr,3,,1,STBIbHVpKXdYeTVqcGxbRDFuOT4
3588,938,03/04/2025,10:07:00 AM,24,24008,BTG_terr,2,,1,SlpdSnl3PFh1V28tOHh2IVdlODg
3581,938,03/04/2025,9:57:00 AM,24,24010,BTG_terr,5,,1,XShlI1NGRGRsSClkIWJ2aC1xKmM
3580,938,03/04/2025,9:44:00 AM,24,24017,BTG_terr,1,,1,R2t2TlldTWVlUTZhKC1XRWRxcm8
3568,938,03/04/2025,9:08:00 AM,24,24036,BTG_terr,4,,1,UitxV3UoVnFOKkRGMTRDZnZSPFs
3569,938,03/04/2025,9:08:00 AM,24,24037,BTG_terr,7,,1,TU8qSHliZW9KYWkyRTlYRXZ4cnI
3566,938,03/04/2025,8:36:00 AM,24,24038,BTG_terr,4,,1,TEdKQFgzUz56KFAyYS1lRSVPMXM
3579,938,03/04/2025,9:42:00 AM,24,24039,BTG_terr,1,,1,SThNckBsOnVuKjNZNXRWNDBWMnM
3570,938,03/04/2025,9:11:00 AM,24,24040,BTG_terr,2,,1,TSpGKk46KjshK1V3STZFKDkzaEY
3571,938,03/04/2025,9:11:00 AM,24,24041,BTG_terr,6,,1,QCEqdFdAIWVNZmlRW3Aqa2NmKlo
3565,938,03/04/2025,8:32:00 AM,24,24042,BTG_terr,6,,1,KDpNKC1uUD50STZzaCo1UVt5S1c
3572,938,03/04/2025,9:13:00 AM,24,24044,BTG_terr,10,,1,UVJHQG9JaUllNW8qQzpYTEA1Oks
3573,938,03/04/2025,9:14:00 AM,24,24045,BTG_terr,5,,1,T1tJWkp1TDNXZTE5OFdPWG9WPj4
3574,938,03/04/2025,9:14:00 AM,24,24049,BTG_terr,4,,1,JmYyc2Iwa3AxVk1jI1hWdTdkTCo
3575,938,03/04/2025,9:17:00 AM,24,24050,BTG_terr,3,,1,WktLVzs2K0ROOFhmaTRCVTgtZys
3576,938,03/04/2025,9:23:00 AM,24,24055,BTG_terr,4,,1,PHpVNko5QCE2JjRoQFg2VjJGckw
3561,938,03/04/2025,8:19:00 AM,24,24057,BTG_terr,2,,1,RF1teXVQJnRXdmcjKjpjKzVoNXU
3564,938,03/04/2025,8:20:00 AM,24,24062,BTG_terr,2,,1,STxtYzhYRkI5eFtdPEFkYlVCakE
3562,938,03/04/2025,8:19:00 AM,24,24063,BTG_terr,2,,1,K1k3S3BrYiNzJkIyeiY4SHQ1cT4
3563,938,03/04/2025,8:19:00 AM,24,24067,BTG_terr,2,,1,RjVlN1hDbiM-dlM0S2FpYmYpQTs
3559,938,03/04/2025,8:12:00 AM,24,24076,BTG_terr,1,,1,WyZuI3QrJXF3V3dxQjQoVGMoWTE
3558,938,03/04/2025,8:08:00 AM,24,24080,BTG_terr,2,,1,Sk5iZW1aI2dYUE1FKjR0IWlUOFM
3557,938,03/04/2025,8:06:00 AM,24,24084,BTG_terr,6,,1,TzJTdjpKYnBzdHB4Y2NwNTpScw
3556,938,03/04/2025,8:03:00 AM,24,24089,BTG_terr,6,,1,QFMyPGM0bzI4V0k6Z2lqRzlHYTw
3555,938,03/04/2025,8:02:00 AM,24,24091,BTG_terr,2,,1,XURoQFRESUlkQi1CKTlzUDwhTko
3553,938,03/04/2025,7:58:00 AM,24,24094,BTG_non_terr,2,,1,KzNRLXBwIWZzYjlpKEd0d1ZmU2M
3656,938,09/04/2025,10:35:00 AM,24,24002,BTG_terr,4,,2,KkhZNFU6KTFPRkJYeThkZWIhSHA
3652,938,09/04/2025,10:32:00 AM,24,24003,BTG_terr,2,,2,KDl0Wz5oS2hFUCN6eHZ2PjRoMTk
3655,938,09/04/2025,10:35:00 AM,24,24004,BTG_terr,6,,2,UG9wQEJNSTJPTkJvdjNDV05jZ3c
3651,938,09/04/2025,10:32:00 AM,24,24005,BTG_terr,4,,2,I1k2amRqOU42PGdjSCFlYkx4QQ
3654,938,09/04/2025,10:34:00 AM,24,24006,BTG_terr,2,,2,KjtaazhBQ3UjTlNHSkUqVXNUWmc
3650,938,09/04/2025,10:32:00 AM,24,24007,BTG_terr,4,,2,TCFpa3dCQ3BoK0tWOWdaKjlzOCg
3653,938,09/04/2025,10:34:00 AM,24,24008,BTG_terr,2,,2,Kjg6VFBrKysjZSYpVChkSDg-Uk0
3649,938,09/04/2025,10:22:00 AM,24,24015,BTG_terr,2,,2,Tmchd3MlO0BDRl0xaEklNj5QUlY
3635,938,09/04/2025,8:54:00 AM,24,24034,BTG_terr,3,,2,WEpaYkt0SHJYKlo8YSpdWnVuQio
3636,938,09/04/2025,9:18:00 AM,24,24036,BTG_terr,2,,2,WERUVVE3KCY2ZnJteEs8LWQ7IUk
3637,938,09/04/2025,9:19:00 AM,24,24037,BTG_terr,4,,2,W1UmS2drS1B6VDQ5bExzXTA6LV0
3634,938,09/04/2025,8:53:00 AM,24,24038,BTG_terr,2,,2,Syg2TDdlNTVrTEpsKjp2WTJXbUI
3647,938,09/04/2025,10:08:00 AM,24,24039,BTG_terr,1,,2,JiZaeSNHKVl6aEJ0R3ZBPEdJUDQ
3638,938,09/04/2025,9:22:00 AM,24,24040,BTG_terr,4,,2,KFtyc2Z1VTZ6RW9RKTZsNDEqWGk
3639,938,09/04/2025,9:22:00 AM,24,24041,BTG_terr,2,,2,TzA-UDoqSWhpQEBiWXZOdGRzdE4
3633,938,09/04/2025,8:45:00 AM,24,24042,BTG_terr,6,,2,K0ZFYjZbRlhBbXcoTk1nISo8MD4
3646,938,09/04/2025,10:05:00 AM,24,24043,BTG_terr,2,,2,VltFUDUldmI-WnFtK2xGTlstZ0g
3640,938,09/04/2025,9:25:00 AM,24,24044,BTG_terr,6,,2,PHIqbVFdekJacSV6VGhOVDRvMno
3641,938,09/04/2025,9:25:00 AM,24,24045,BTG_terr,4,,2,JjtZREpZYktLZCp6WHVQaE5UZlc
3632,938,09/04/2025,8:43:00 AM,24,24046,BTG_terr,1,,2,LVNjd04pPG9FME9xODxpTjxJMEk
3642,938,09/04/2025,9:32:00 AM,24,24050,BTG_terr,2,,2,WXN6bHZudHhxN1JJb10tMXVVZFA
3643,938,09/04/2025,9:36:00 AM,24,24054,BTG_terr,7,,2,SjVGdStUIXlLVmdLNkd6VjRAcDA
3631,938,09/04/2025,8:34:00 AM,24,24056,BTG_terr,2,,2,PFZzeFI3cUo5JiVhTCtVSS1DZnU
3630,938,09/04/2025,8:32:00 AM,24,24063,BTG_terr,2,,2,SzEjYiZTWUpROW9xY2xPaWgmMDM
3629,938,09/04/2025,8:31:00 AM,24,24067,BTG_terr,2,,2,UjZBV3MoKlNiO1FqdGFwd1YqRUI
3644,938,09/04/2025,9:48:00 AM,24,24074,BTG_non_terr,20,gemengde groep tussen de wulpen,2,W3lqNFJETkFrSHFLMEAhLWhFcSk
3627,938,09/04/2025,8:24:00 AM,24,24076,BTG_terr,1,,2,XV1NT1N1OisqTlNdeXgqdiZHT3U
3626,938,09/04/2025,8:21:00 AM,24,24080,BTG_terr,3,,2,Q05ONkdVUWc3a3lkMExyM29sNHE
3625,938,09/04/2025,8:18:00 AM,24,24084,BTG_terr,4,,2,UClZYjdhQEVoV288WlgqXXplTSo
3623,938,09/04/2025,8:15:00 AM,24,24089,BTG_terr,4,,2,SEF4a3QrRmd2U2NwcDRtQyVHMls
3622,938,09/04/2025,8:11:00 AM,24,24094,BTG_terr,1,,2,I3lCR0YqTE8qWnk7cWxJVzRZNDg
3717,938,16/04/2025,10:39:00 AM,24,24002,BTG_terr,2,,3,VjRPWHFEOnpKPm1HT1RSUmFpcEU
3716,938,16/04/2025,10:39:00 AM,24,24003,BTG_terr,2,,3,JSNTUitRdk9BMEx0S3ZIW1p6SD4
3718,938,16/04/2025,10:39:00 AM,24,24004,BTG_terr,2,,3,VW8mOmRnVkQ5OXNTV206W0NJW3A
3715,938,16/04/2025,10:39:00 AM,24,24005,BTG_terr,3,,3,Jk9nUCkqZkU7PmlmSHohWnhyRF0
3719,938,16/04/2025,10:40:00 AM,24,24006,BTG_terr,7,,3,VTIrekwzPjgpJVIlNC1GVlZmZkA
3714,938,16/04/2025,10:38:00 AM,24,24007,BTG_terr,6,,3,S0JdYU9qWzZkQXFFQGMlTVlIPHk
3720,938,16/04/2025,10:40:00 AM,24,24008,BTG_terr,2,,3,UHBjKHVqaCpRcWhGaVd2clNbOTk
3703,938,16/04/2025,9:45:00 AM,24,24019,BTG_terr,1,,3,XSFjZXVmOyZ6SCo6Kk1JKjlAaTI
3706,938,16/04/2025,9:50:00 AM,24,24033,BTG_terr,2,,3,RSVNNUBKQTpsMipDUGRCRnA2cHc
3704,938,16/04/2025,9:49:00 AM,24,24036,BTG_terr,2,,3,Smhzej5OcDJKQ282UFphdjRvcTw
3705,938,16/04/2025,9:50:00 AM,24,24037,BTG_terr,9,,3,Ry1jKDpIWzw1KmhyPihTLVNROk0
3701,938,16/04/2025,9:31:00 AM,24,24038,BTG_terr,5,,3,UGsxdGZsNDRjTCkhKyM1MUdndiY
3707,938,16/04/2025,9:54:00 AM,24,24040,BTG_terr,6,,3,ITxhN0gheSE4dmJwV2w5Yio1Ulc
3708,938,16/04/2025,9:54:00 AM,24,24041,BTG_terr,9,,3,UEMraV16RTFzWSYmbnY2KHEqWTM
3699,938,16/04/2025,9:29:00 AM,24,24042,BTG_terr,4,,3,S0ImPmVhQmJpeXYocSpuZktIZTk
3710,938,16/04/2025,9:59:00 AM,24,24044,BTG_terr,12,,3,UFhpTmdmdUNDXVl2S1d0UiVKRys
3709,938,16/04/2025,9:59:00 AM,24,24045,BTG_terr,5,,3,XXhAVTpsMUliN2lkOSVhJiFWSFY
3713,938,16/04/2025,10:16:00 AM,24,24048,BTG_terr,2,,3,KkdtWzEhbUNUcys5eSk8ako0TXI
3711,938,16/04/2025,10:02:00 AM,24,24049,BTG_terr,3,,3,RzNwSFkxKDV4KTkwMFYmZlpyKj4
3698,938,16/04/2025,9:21:00 AM,24,24057,BTG_terr,1,,3,RUhZM2pdWV0wWkV2K2tAcUJlQQ
3697,938,16/04/2025,9:11:00 AM,24,24062,BTG_terr,2,,3,Km9yUjAxJXZFUDZbUjYjPEFPcyU
3696,938,16/04/2025,9:04:00 AM,24,24084,BTG_terr,5,,3,VlExNTFhOC0xMGpIKkQqPkRMTD4
3695,938,16/04/2025,9:00:00 AM,24,24089,BTG_terr,4,,3,SEJoRjJLMTV4MCpKQSpRKj5SUnE
3694,938,16/04/2025,8:56:00 AM,24,24092,BTG_terr,2,,3,QEs2Tm9IeC0oWjFXTiEhNCZdPHQ
3693,938,16/04/2025,8:51:00 AM,24,24094,BTG_terr,2,,3,WEkqbylkIzRxaiVhISZBN2cjN0c
3236,3172,31/03/2025,10:08:00 AM,25,25003,BTG_terr,1,,1,W05dWTRZTDBCa0lzWmtvOkRvTTU
3235,3172,31/03/2025,10:07:00 AM,25,25004,BTG_terr,2,,1,Wyg0a1hdZFAzREV1YyZyd2JZKDw
3234,3172,31/03/2025,9:59:00 AM,25,25006,BTG_terr,4,,1,U2w0WWN0Jm14N1JSO1pGb00tZCM
3232,3172,31/03/2025,9:55:00 AM,25,25009,BTG_terr,2,,1,SCNFVzI5MisqQ1BDZShxRkVAaSo
3231,3172,31/03/2025,9:49:00 AM,25,25010,BTG_terr,4,,1,RHNXV1tRXW8lSHdoOkI-SDVKJjU
3230,3172,31/03/2025,9:46:00 AM,25,25014,BTG_terr,3,,1,TWpjcygyMjV1S2lMMlZxJUgxY1A
3229,3172,31/03/2025,9:42:00 AM,25,25015,BTG_terr,2,,1,UzpYcFAhaEl0KClZU2FFJlJNQnQ
3243,3172,31/03/2025,11:01:00 AM,25,25017,BTG_terr,2,,1,TVtpUGNUdUhFdlc7Vi02JkpXZ0I
3226,3172,31/03/2025,9:26:00 AM,25,25025,BTG_terr,3,,1,JWIqUTkhdW9CTl0zWnZRWVVVUE8
3225,3172,31/03/2025,9:25:00 AM,25,25027,BTG_terr,2,,1,JldMNjshLWJAMHlxQFJlSlJFcCo
3241,3172,31/03/2025,10:47:00 AM,25,25032,BTG_terr,6,,1,TUchdGUhKXM0QSprKzVFIyU6SWU
3239,3172,31/03/2025,10:40:00 AM,25,25033,BTG_terr,1,,1,VHVKOHBibnEtRExUSTdlcio-bWE
3242,3172,31/03/2025,10:50:00 AM,25,25035,BTG_terr,2,,1,IyUoajM4eU9JK3VZajtXWWtqQGM
3238,3172,31/03/2025,10:32:00 AM,25,25041,BTG_terr,2,,1,SDNQZE0lMmd1TkpIc3JCdztbdTY
3215,3172,31/03/2025,8:45:00 AM,25,25054,BTG_terr,4,,1,WHY8OlBdaiFKSFpWcSo5MTV1UGQ
3216,3172,31/03/2025,8:48:00 AM,25,25055,BTG_terr,11,,1,WmpiNU9ka205aXpZUSVSN0otPkg
3214,3172,31/03/2025,8:43:00 AM,25,25057,BTG_terr,3,,1,TS1pPkNhNFFXPCtPVXhWJlFCMCo
3212,3172,31/03/2025,8:39:00 AM,25,25063,BTG_terr,17,,1,SGwqb3YwKjJORipvcTg2S3YwUEs
3233,3172,31/03/2025,9:59:00 AM,25,25067,BTG_terr,2,,1,LUApQVBNeSlIOzk7K0xqdDZydis
3228,3172,31/03/2025,9:33:00 AM,25,25089,BTG_terr,2,,1,JihGUnE3UWN2eE9OKnB6Z003IWU
3221,3172,31/03/2025,9:11:00 AM,25,25096,BTG_terr,1,,1,PkhWOVl3RXdsbDcqK0lxJXVTcUA
3227,3172,31/03/2025,9:29:00 AM,25,25107,BTG_terr,8,,1,WDZWa01sSilOS0FHdHVNTUNXa3I
3205,3172,31/03/2025,8:06:00 AM,25,25115,BTG_terr,2,,1,WTlSNGYxTVJhMzc2ajZPZ21BaHY
3340,3172,07/04/2025,9:59:00 AM,25,25002,BTG_terr,2,,2,VkhYcEM5eVQ0IzRGQEtidkdjNis
3341,3172,07/04/2025,9:59:00 AM,25,25004,BTG_terr,2,,2,PDolWykoVHcoQUVlZkREUytIXWk
3339,3172,07/04/2025,9:55:00 AM,25,25005,BTG_terr,1,,2,S0RZTEoxVUVXNHpWW1RxZ2dia2E
3336,3172,07/04/2025,9:43:00 AM,25,25012,BTG_terr,2,,2,RzpbbkNJVW9WVVBrYytQTSpUcVI
3335,3172,07/04/2025,9:43:00 AM,25,25014,BTG_terr,1,,2,Uz5YbnlpajxTI2tdOlI1aTVDdng
3334,3172,07/04/2025,9:36:00 AM,25,25015,BTG_terr,2,,2,Izg0dW4qaWsrKXZGRDxXTGktWFo
3328,3172,07/04/2025,9:19:00 AM,25,25019,BTG_terr,1,,2,T0YrKmV0Oz5qI3Q4QipJU3JxUUo
3325,3172,07/04/2025,9:11:00 AM,25,25025,BTG_terr,2,,2,PDk5b0JZNFs4bWxWWzxCTU9dUzg
3344,3172,07/04/2025,10:35:00 AM,25,25027,BTG_terr,5,,2,TXQ0OVI7Tip6UT5JWF1IciEwOzU
3348,3172,07/04/2025,11:10:00 AM,25,25030,BTG_non_terr,2,,2,K0QrcnM3dXc5aSprTG1oKjhDYkA
3346,3172,07/04/2025,10:49:00 AM,25,25032,BTG_terr,3,,2,JiFkeC1wQVZmcUBLKHgqeURCUQ
3345,3172,07/04/2025,10:44:00 AM,25,25033,BTG_terr,10,,2,UTRjSy1zTjlpOW0ySWZjZj44ZDk
3319,3172,07/04/2025,8:40:00 AM,25,25057,BTG_terr,8,,2,VzJRbSVBSUY6ZmNhbyoxTWZuKlM
3318,3172,07/04/2025,8:39:00 AM,25,25064,BTG_terr,4,,2,KDtGWGFldDF0ZUY6Mml5NmJ1Q3A
3337,3172,07/04/2025,9:50:00 AM,25,25067,BTG_terr,6,,2,VEY1WWMqZHFKb25TU2hQcFBzWjo
3317,3172,07/04/2025,8:35:00 AM,25,25073,BTG_terr,1,,2,QGVzTTJ2ZWc6M0JTRElaZiZXbW4
3316,3172,07/04/2025,8:35:00 AM,25,25075,BTG_terr,4,,2,USEldXhGPGhlNEUqcnBVM01jPiU
3330,3172,07/04/2025,9:28:00 AM,25,25087,BTG_terr,2,,2,UmVISlROdnNJcU0yaVZOXUlrO1Y
3329,3172,07/04/2025,9:20:00 AM,25,25089,BTG_terr,2,,2,UEA8Z2h4MCpCXTwxZEhYbilbNSU
3321,3172,07/04/2025,9:00:00 AM,25,25094,BTG_terr,2,,2,R1RbIWFXbCozXWc5cFZSaUV2bEY
3327,3172,07/04/2025,9:15:00 AM,25,25095,BTG_terr,4,,2,VzU4aypaKkE-RjZaYTdLZ09NOTk
3310,3172,07/04/2025,7:53:00 AM,25,25115,BTG_non_terr,1,male islandica,2,SFpMbj4-PG1pY1BoZjo0MmRBREM
3305,3172,07/04/2025,7:53:00 AM,25,25115,BTG_terr,11,,2,T25aV0Z1US1JUClqUSo6NWxhVFk
3307,3172,07/04/2025,7:57:00 AM,25,25124,BTG_terr,7,,2,ITFDNCFJSztNIU05I1poQWVHUlk
3323,3172,07/04/2025,9:03:00 AM,25,25132,BTG_terr,4,,2,SnV4PlFlQHJkNEUjOGhzZEM-VzA
3304,3172,07/04/2025,7:47:00 AM,25,25140,BTG_terr,4,,2,VWRVQFU4aHdIY1BVayUha2w1ISU
3439,3172,14/04/2025,9:57:00 AM,25,25002,BTG_terr,2,,3,SFtHM0ltV2JYKmtbW3A4eWFSYVg
3440,3172,14/04/2025,9:57:00 AM,25,25004,BTG_terr,4,,3,TilVOEBtcHNEKHY4JnpWWUhaaXA
3436,3172,14/04/2025,9:51:00 AM,25,25005,BTG_terr,3,,3,Q0B2aFkpUzRSUXdGOncxYXlFVUw
3437,3172,14/04/2025,9:52:00 AM,25,25006,BTG_terr,2,,3,WmJvW2gpQG8qZylQYXRjWUBjRjo
3434,3172,14/04/2025,9:43:00 AM,25,25012,BTG_terr,1,,3,K1NmcnNoayUtJjg7KkdiKzVwOyU
3432,3172,14/04/2025,9:38:00 AM,25,25014,BTG_terr,4,,3,JWpBWG8rKWdRd0JxRi1CbTw-TWU
3435,3172,14/04/2025,9:45:00 AM,25,25015,BTG_terr,2,,3,PFdIbjomb1ZRc3BTNCp6KWxESCM
3431,3172,14/04/2025,9:26:00 AM,25,25018,BTG_terr,2,,3,TDExeSkoRGkyIUctOXJbaXZlW2E
3430,3172,14/04/2025,9:21:00 AM,25,25019,BTG_terr,2,,3,WCNXaltIJUVhcCFhQiZwSyhPIWY
3429,3172,14/04/2025,9:15:00 AM,25,25027,BTG_terr,4,,3,I1ZyZ3kyNnBBaXooWVQ5dC1yN1A
3446,3172,14/04/2025,11:03:00 AM,25,25031,BTG_terr,1,,3,UypacGVOQjU6NWlSd0tbNnJPQjo
3445,3172,14/04/2025,10:54:00 AM,25,25032,BTG_terr,5,,3,JUlqbExLaVdIQUZKXSE4UnhSYVo
3444,3172,14/04/2025,10:46:00 AM,25,25033,BTG_terr,6,,3,VihpSWhxVzotTFBCVU1yOFlyVmI
3442,3172,14/04/2025,10:31:00 AM,25,25039,BTG_terr,3,,3,QHlVb287JXdrWSpWdUQtbk87LUU
3421,3172,14/04/2025,8:42:00 AM,25,25053,BTG_terr,2,,3,TEFGRGVpLSYqNCMxQnlGTVcwLXg
3417,3172,14/04/2025,8:27:00 AM,25,25054,BTG_terr,5,,3,W08jK0dHWGFWMW0pMSpJRTJGSEI
3420,3172,14/04/2025,8:34:00 AM,25,25055,BTG_terr,2,,3,VlNFQUBWRG1taCZFOm9mUW1ATVA
3416,3172,14/04/2025,8:27:00 AM,25,25057,BTG_terr,6,,3,SDEtZEFnOU8zbGhdUzlYW2Y3W3E
3438,3172,14/04/2025,9:55:00 AM,25,25067,BTG_terr,2,,3,TCVWUShrNjZyUEI0JipDbGJpWCo
3412,3172,14/04/2025,8:09:00 AM,25,25073,BTG_terr,2,,3,VXk2KFhybGxCJWt1Y24xJmdzPio
3423,3172,14/04/2025,8:52:00 AM,25,25084,BTG_terr,4,,3,KXJMOE4zdC07SyFdK1o0OjRkNWs
3424,3172,14/04/2025,8:52:00 AM,25,25087,BTG_terr,2,,3,SlhzPGhvJnBWO1A5OVZuSVdlKVs
3425,3172,14/04/2025,8:52:00 AM,25,25088,BTG_terr,1,,3,Q0lmeHhzTTBrTmM2czNbRDUrIW8
3426,3172,14/04/2025,8:57:00 AM,25,25098,BTG_terr,3,,3,RjNSb1NRWS1NMFpUTEcqXTIxVDo
3409,3172,14/04/2025,8:02:00 AM,25,25105,BTG_terr,2,,3,SThnPCpJcyFMOCo5OSVVeT5dRmY
3402,3172,14/04/2025,7:33:00 AM,25,25115,BTG_terr,8,,3,THA8UzxSUklEMjJDKUVFQ1pGJkk
3427,3172,14/04/2025,9:03:00 AM,25,25131,BTG_terr,4,,3,RWdINUhdZSNjOCtaZVJLRXFqS0c
3407,3172,14/04/2025,7:55:00 AM,25,25140,BTG_terr,1,,3,KzJvJVZoUisrSEhXW2N1ZnBddyU
5287,2627,03/04/2025,11:09:00 AM,66,66007,BTG_terr,2,,1,ViNXQ3laIT5uaihPdWVXcUIxZyY
5280,2627,03/04/2025,11:21:00 AM,66,66010,BTG_terr,1,,1,IUcrTk5iKzclSkMrMGotb1tmcHI
5303,2627,03/04/2025,11:09:00 AM,66,66011,BTG_terr,2,"EV: 66011 entered twice, probably wrong MeadowID entered.",1,LURjKkV1U2hJQHdPJmVrLUUtVU4
5292,2627,03/04/2025,11:20:00 AM,66,66015,BTG_terr,1,,1,LSVZaSZSeElOOFNObHlLN0ImYWE
5284,2627,03/04/2025,11:13:00 AM,66,66037,BTG_non_terr,1,,1,SHVlcGtzUF1ITnYpWypYRnlyY20
5467,2627,10/04/2025,10:15:00 AM,66,66007,BTG_terr,2,,2,Jlo5MW81TWspaFNYSCtGMikjTUc
5562,2627,17/04/2025,8:46:00 AM,66,66007,BTG_terr,1,,3,TF1lN1lkMWExcDFQYjd5SlJwQio
5558,2627,17/04/2025,8:46:00 AM,66,66011,BTG_terr,2,,3,THo2JSppdGdMT2NUSipaKEZBbW0
5577,2627,17/04/2025,9:11:00 AM,66,66025,BTG_terr,1,,3,WDJQNWtlKnc7SXBPemVJYjohZjw
5579,2627,17/04/2025,8:17:00 AM,66,66047,BTG_terr,6,copulation Aeltsjemar and ....,3,JWU8bVpKZHl3Y0A5PjViPCFkNDI
1449,2568,31/03/2025,11:47:00 AM,69,69003,BTG_terr,4,,1,
1450,2568,31/03/2025,11:38:00 AM,69,69004,BTG_terr,32,,1,
1451,2568,31/03/2025,11:34:00 AM,69,69005,BTG_terr,24,,1,
1452,2568,31/03/2025,11:20:00 AM,69,69006,BTG_terr,12,,1,
1453,2568,31/03/2025,11:15:00 AM,69,69007,BTG_terr,6,,1,
1455,2568,31/03/2025,11:07:00 AM,69,69010,BTG_terr,6,,1,
1458,2568,31/03/2025,10:30:00 AM,69,69013,BTG_non_terr,211,,1,
1454,2568,31/03/2025,11:08:00 AM,69,69014,BTG_terr,8,,1,
1459,2568,31/03/2025,10:25:00 AM,69,69015,BTG_terr,4,,1,
1446,2568,31/03/2025,12:14:00 PM,69,69018,BTG_terr,2,,1,
1448,2568,31/03/2025,11:56:00 AM,69,69019,BTG_terr,2,,1,
1444,2568,31/03/2025,12:30:00 PM,69,69024,BTG_terr,2,,1,
1442,2568,31/03/2025,1:01:00 PM,69,69029,BTG_terr,4,,1,
1463,2568,31/03/2025,8:34:00 AM,69,69032,BTG_terr,8,,1,
1460,2568,31/03/2025,10:16:00 AM,69,69033,BTG_terr,2,,1,
1445,2568,31/03/2025,12:24:00 PM,69,69036,BTG_terr,2,,1,
1443,2568,31/03/2025,12:45:00 PM,69,69039,BTG_terr,4,,1,
1421,2568,08/04/2025,10:44:00 AM,69,69002,BTG_terr,2,,2,
1422,2568,08/04/2025,10:37:00 AM,69,69003,BTG_terr,12,,2,
1423,2568,08/04/2025,10:31:00 AM,69,69004,BTG_terr,16,,2,
1426,2568,08/04/2025,10:18:00 AM,69,69005,BTG_terr,24,,2,
1427,2568,08/04/2025,10:08:00 AM,69,69006,BTG_terr,14,,2,
1428,2568,08/04/2025,10:01:00 AM,69,69007,BTG_terr,14,,2,
1430,2568,08/04/2025,9:42:00 AM,69,69011,BTG_terr,8,,2,
1433,2568,08/04/2025,9:10:00 AM,69,69013,BTG_terr,4,,2,
1434,2568,08/04/2025,8:58:00 AM,69,69014,BTG_terr,14,"EV: 69014 entered twice, unsure if wrong MeadowID used or double.",2,
1435,2568,08/04/2025,8:57:00 AM,69,69015,BTG_terr,20,,2,
1436,2568,08/04/2025,8:54:00 AM,69,69016,BTG_terr,7,,2,
1417,2568,08/04/2025,10:59:00 AM,69,69019,BTG_terr,2,,2,
1414,2568,08/04/2025,11:21:00 AM,69,69021,BTG_terr,2,,2,
1415,2568,08/04/2025,11:21:00 AM,69,69022,BTG_terr,4,,2,
1413,2568,08/04/2025,11:21:00 AM,69,69024,BTG_terr,4,,2,
1411,2568,08/04/2025,11:32:00 AM,69,69025,BTG_terr,4,,2,
1439,2568,08/04/2025,8:38:00 AM,69,69032,BTG_terr,12,,2,
1438,2568,08/04/2025,8:42:00 AM,69,69033,BTG_terr,4,,2,
1416,2568,08/04/2025,11:09:00 AM,69,69034,BTG_terr,4,,2,
1410,2568,08/04/2025,11:33:00 AM,69,69039,BTG_terr,2,,2,
1408,2568,08/04/2025,12:04:00 PM,69,69044,BTG_terr,3,,2,
1350,2568,14/04/2025,8:44:00 AM,69,6928,BTG_terr,3,,3,
1327,2568,14/04/2025,11:01:00 AM,69,69003,BTG_terr,10,,3,
1329,2568,14/04/2025,10:49:00 AM,69,69004,BTG_terr,24,,3,
1330,2568,14/04/2025,10:48:00 AM,69,69005,BTG_terr,8,,3,
1332,2568,14/04/2025,10:41:00 AM,69,69006,BTG_terr,13,,3,
1333,2568,14/04/2025,10:36:00 AM,69,69007,BTG_terr,10,,3,
1335,2568,14/04/2025,10:22:00 AM,69,69010,BTG_terr,6,,3,
1341,2568,14/04/2025,9:47:00 AM,69,69011,BTG_terr,4,,3,
1344,2568,14/04/2025,9:31:00 AM,69,69013,BTG_terr,2,,3,
1334,2568,14/04/2025,10:30:00 AM,69,69014,BTG_terr,8,,3,
1347,2568,14/04/2025,9:00:00 AM,69,69015,BTG_terr,6,"EV: 69015 entered twice, unsure if wrong MeadowID used or double.",3,
1346,2568,14/04/2025,9:02:00 AM,69,69016,BTG_terr,10,,3,
1325,2568,14/04/2025,11:32:00 AM,69,69018,BTG_terr,4,,3,
1326,2568,14/04/2025,11:29:00 AM,69,69019,BTG_terr,4,,3,
1324,2568,14/04/2025,11:32:00 AM,69,69020,BTG_terr,2,,3,
1320,2568,14/04/2025,11:37:00 AM,69,69021,BTG_terr,2,,3,
1323,2568,14/04/2025,11:35:00 AM,69,69022,BTG_terr,6,,3,
1318,2568,14/04/2025,11:46:00 AM,69,69023,BTG_terr,6,,3,
1319,2568,14/04/2025,11:46:00 AM,69,69024,BTG_terr,6,,3,
1317,2568,14/04/2025,11:48:00 AM,69,69025,BTG_terr,8,,3,
1312,2568,14/04/2025,12:11:00 PM,69,69026,BTG_terr,2,,3,
1349,2568,14/04/2025,8:44:00 AM,69,69027,BTG_terr,6,,3,
1311,2568,14/04/2025,12:33:00 PM,69,69029,BTG_terr,4,,3,
1351,2568,14/04/2025,8:43:00 AM,69,69030,BTG_terr,6,,3,
1352,2568,14/04/2025,8:38:00 AM,69,69032,BTG_terr,10,,3,
1353,2568,14/04/2025,8:34:00 AM,69,69033,BTG_terr,4,,3,
1315,2568,14/04/2025,11:52:00 AM,69,69037,BTG_terr,2,,3,
1356,2568,14/04/2025,8:28:00 AM,69,69042,BTG_terr,2,,3,
1357,2568,14/04/2025,8:27:00 AM,69,69043,BTG_terr,9,,3,
1359,2568,14/04/2025,8:21:00 AM,69,69044,BTG_terr,4,,3,
1536,3036,02/04/2025,9:59:00 AM,70,70004,BTG_non_terr,2,,1,RSV6OzN5eXRNdUc-NVlrYVM-NU0
1537,3036,02/04/2025,10:00:00 AM,70,70004,BTG_terr,2,,1,Rkl4RmJZTW5lQyhaRHd6VGJBTE4
1538,3036,02/04/2025,10:06:00 AM,70,70005,BTG_terr,2,,1,WUZRJjU4cStHeiFmc2hGRklIVHE
1539,3036,02/04/2025,10:06:00 AM,70,70006,BTG_non_terr,4,,1,LTR3KDNCUHk7WGJmLTdwI2taTWE
1543,3036,02/04/2025,10:16:00 AM,70,70011,BTG_terr,2,,1,JWQzMm4mZ2FiVzZoNyUjWzdweHA
1544,3036,02/04/2025,10:16:00 AM,70,70012,BTG_terr,4,,1,UDJQUTh1NWtaMjx4Nm53V3BAREA
1529,3036,02/04/2025,9:39:00 AM,70,70015,BTG_non_terr,5,plasdras,1,UUJbXXMpQV1ZOWlbcihweSs1UiY
1530,3036,02/04/2025,9:40:00 AM,70,70016,BTG_non_terr,7,"plasdras, misschien ook ijslanders",1,LUJmV3Q8amM0OWg3ITloZTRpc1E
1542,3036,02/04/2025,10:09:00 AM,70,70017,BTG_non_terr,3,,1,UE1Hc0J3NmFSMzVRJUYmMXh1Mjw
1531,3036,02/04/2025,9:43:00 AM,70,70021,BTG_terr,2,,1,VV0jSDotcXYjOTx3PFtWW0llPmo
1527,3036,02/04/2025,9:37:00 AM,70,70023,BTG_non_terr,9,,1,JShGZS0wNDZTNUR2TiphKUhiR0E
1526,3036,02/04/2025,9:37:00 AM,70,70023,BTG_terr,2,,1,UktEaFVRaDc3UFh0UjhuODItN2s
1533,3036,02/04/2025,9:48:00 AM,70,70028,BTG_terr,3,,1,JTIhKmk4NFtpUU1yaStlWkFNbTs
1518,3036,02/04/2025,9:23:00 AM,70,70037,BTG_terr,2,,1,VCNCKGtrc3JAZk95eEZINj5FVyM
1520,3036,02/04/2025,9:24:00 AM,70,70044,BTG_terr,2,,1,QGMhIXgzNnIqcjYqRnh5OkNMaWk
1547,3036,02/04/2025,10:54:00 AM,70,70047,BTG_terr,5,,1,JVpnJUVdJUQhS3RNOGYhbXVWKlI
1514,3036,02/04/2025,9:06:00 AM,70,70048,BTG_terr,4,,1,TWRFVmMqayEoWnFvOCp5WCVIOWY
1550,3036,02/04/2025,11:03:00 AM,70,70053,BTG_terr,4,,1,S2VdMmlMTDJPS1ZUXWNdbWo3Sjo
1515,3036,02/04/2025,9:07:00 AM,70,70054,BTG_terr,3,,1,WyoyKnFMOTJPQCZkPltnd2lXY2o
1551,3036,02/04/2025,11:20:00 AM,70,70060,BTG_terr,3,,1,LXpAaUFoNnd3VU9bPHlpdjBWLSk
1523,3036,02/04/2025,9:25:00 AM,70,70061,BTG_non_terr,4,,1,RmwmRylbS3hKN1tVKHpkcVBSSmo
1524,3036,02/04/2025,9:26:00 AM,70,70062,BTG_terr,2,,1,UTdTXTg5IU5zcVViQEJGIWsxV3M
1585,3036,09/04/2025,10:14:00 AM,70,70002,BTG_non_terr,4,,2,QDc0VmlyQFFPdDRwaDwjb0ZIdnE
1586,3036,09/04/2025,10:15:00 AM,70,70002,BTG_terr,2,,2,UGozQXVpWzhQb1Yhb2VUK1UlWTo
1587,3036,09/04/2025,10:24:00 AM,70,70004,BTG_terr,5,,2,TkFTWnlUTVIzciNRdStUJT5KRjs
1588,3036,09/04/2025,10:25:00 AM,70,70005,BTG_terr,2,,2,THJZZSFFWDRqdEBqKHNrdmUjdiU
1589,3036,09/04/2025,10:25:00 AM,70,70006,BTG_terr,2,,2,WVJOa2YjVWFNSFAqd1hMTlpvKFU
1591,3036,09/04/2025,10:36:00 AM,70,70008,BTG_terr,3,,2,RFcpZ0duSVlrOFVUOTlGW2hEWEk
1592,3036,09/04/2025,10:44:00 AM,70,70009,BTG_terr,3,,2,XU80IWIpVTlkd29ZcFIlTGVtY2I
1583,3036,09/04/2025,10:14:00 AM,70,70015,BTG_terr,3,,2,TktPOTBBY2hWcHBLITlhKklvYUc
1590,3036,09/04/2025,10:26:00 AM,70,70016,BTG_non_terr,5,,2,I2cwY1JzQGxHV21pZVUoZSYoME4
1578,3036,09/04/2025,9:50:00 AM,70,70017,BTG_terr,5,,2,V3Q1Wm1GQCMxckY7cFRvbDMqJVM
1575,3036,09/04/2025,9:46:00 AM,70,70018,BTG_terr,3,,2,KkVxandMd0VkUyFFS0A6ZXV2VnI
1582,3036,09/04/2025,9:59:00 AM,70,70020,BTG_terr,2,,2,S21QKW0pMSo1dC1LMmQhOnl4UkI
1581,3036,09/04/2025,9:59:00 AM,70,70021,BTG_terr,5,,2,UzB5Uk52cVJyYU5HenhdaFg8N1s
1580,3036,09/04/2025,9:57:00 AM,70,70022,BTG_terr,2,,2,ITZobGliKFJSSkNEUyE0SjJFVEk
1576,3036,09/04/2025,9:48:00 AM,70,70023,BTG_non_terr,16,,2,TUE2TWYqUGE5bipWdXVPb2VMMHk
1577,3036,09/04/2025,9:49:00 AM,70,70023,BTG_terr,5,,2,T0R0QVMlI1kxYU0pYkg2WkNTSkc
1573,3036,09/04/2025,9:32:00 AM,70,70024,BTG_terr,6,,2,PD42I05maDpnalNmKChuSGghK1Y
3851,867,09/04/2025,11:15:00 AM,70,70028,BTG_terr,6,,2,Tlc4OlVVOXc1SHNGbTtmVz5WZEQ
3850,867,09/04/2025,11:06:00 AM,70,70029,BTG_terr,14,,2,SWpIeWNnPihQTksrQEd3VU1ydCo
3848,867,09/04/2025,11:02:00 AM,70,70030,BTG_terr,8,,2,KzU2eWx2ZVJbY1NteXpbOHVTVXI
3847,867,09/04/2025,10:57:00 AM,70,70031,BTG_terr,6,,2,U0dkdlZUWCFLPHNtPFo-aFhLeQ
3845,867,09/04/2025,10:50:00 AM,70,70032,BTG_terr,6,,2,Vzt2U1Z4NzhdQWdCWzpqUSpyd2w
3853,867,09/04/2025,11:18:00 AM,70,70038,BTG_terr,1,,2,VHZiWVBUZ2Y4KlJLajppTE05Klg
3852,867,09/04/2025,11:16:00 AM,70,70042,BTG_terr,1,,2,UVJSS206YzprTGZKZiprVlAoTEU
3849,867,09/04/2025,11:02:00 AM,70,70043,BTG_terr,2,,2,SC1jJTYzditxWUp1ciEqOSlsSio
3846,867,09/04/2025,10:51:00 AM,70,70047,BTG_terr,3,,2,Sk41NFBdY0A7SHlyMzdJaTFGWSU
3843,867,09/04/2025,10:45:00 AM,70,70054,BTG_terr,4,,2,W2Y7cHYpcnFWJi05NlVIbklXWSg
3841,867,09/04/2025,10:43:00 AM,70,70060,BTG_terr,2,,2,WG5NbnE3engyNVNPMThwZjsoTFs
1596,3036,09/04/2025,11:47:00 AM,70,70062,BTG_terr,3,,2,KjZtSkY1SXddT2k0MHBjIUZRNHg
1594,3036,09/04/2025,11:45:00 AM,70,70063,BTG_terr,3,,2,TFBRUFYxQzlbOXN3TURhdHoxa1I
1595,3036,09/04/2025,11:46:00 AM,70,70065,BTG_terr,2,,2,WnZATjAyamhVcFYlI3dkeWRJblI
1629,3036,15/04/2025,11:06:00 AM,70,70002,BTG_terr,2,,3,WSVuZTkwRHEjZE1KRVtGTTw1KkE
1630,3036,15/04/2025,11:06:00 AM,70,70003,BTG_terr,4,,3,RFtkU1ZIdFY5UkpVcWMpQ0BYayk
1631,3036,15/04/2025,11:07:00 AM,70,70004,BTG_terr,3,,3,KmdwNU9RU204ZHBkblZCQnUoJWc
1632,3036,15/04/2025,11:08:00 AM,70,70005,BTG_terr,5,,3,VCplSjplNzchWWZodkw5SFR1ODI
1635,3036,15/04/2025,11:36:00 AM,70,70006,BTG_terr,4,,3,SkhYRGlnZ3dsT1E1QFYpeigmM3o
1636,3036,15/04/2025,11:39:00 AM,70,70008,BTG_terr,8,,3,TXQ0ODJKbFRieVVLO0JyKXQhalM
1639,3036,15/04/2025,11:44:00 AM,70,70010,BTG_terr,4,,3,VTJRZFgoNmwpLTkpbWo8QSFWenU
1640,3036,15/04/2025,11:45:00 AM,70,70011,BTG_terr,2,,3,UndORVBhTCtsPltuZlgqUFpAISk
1626,3036,15/04/2025,10:51:00 AM,70,70014,BTG_terr,2,,3,VmwwUFMjZHR4O2JvajR3RkBQd0A
1618,3036,15/04/2025,10:11:00 AM,70,70015,BTG_terr,2,,3,Jk1xd01UMzkzRzgxVXBNb0lVdlA
1617,3036,15/04/2025,10:11:00 AM,70,70016,BTG_terr,7,,3,I0tqSEVuaktUdD5dYm5Iak5wazs
1620,3036,15/04/2025,10:21:00 AM,70,70017,BTG_terr,5,,3,TERpQmVOQVU7T09wazZZNDlGNj4
1624,3036,15/04/2025,10:32:00 AM,70,70018,BTG_terr,3,,3,SldMbCN0UTVuJTcjcGtaWkxFKGQ
1622,3036,15/04/2025,10:30:00 AM,70,70019,BTG_terr,3,,3,VVl5cVY1KzFpblpTM1klbExxMkI
1619,3036,15/04/2025,10:21:00 AM,70,70023,BTG_terr,14,,3,Wko1bnNGVGxRdlVZdnM8eG8zVHY
3924,867,15/04/2025,11:21:00 AM,70,70027,BTG_terr,4,,3,RDR2aF1zQWsma3BwRVoxMmVwdF0
3922,867,15/04/2025,11:13:00 AM,70,70028,BTG_non_terr,22,foeragerende groep met ijslanders,3,UXVVTUh3SUhINUVLVDRMSSN4OmQ
3921,867,15/04/2025,11:12:00 AM,70,70029,BTG_terr,4,,3,W0shKEpwYTpRSDFhQj4wKik-ViE
3920,867,15/04/2025,11:10:00 AM,70,70030,BTG_terr,3,,3,W254VSl1QTU-K25zQEl6MGNiKEE
3918,867,15/04/2025,11:02:00 AM,70,70031,BTG_terr,2,,3,THEoPjJXJkUxcExFKkF0eSs-PHA
3914,867,15/04/2025,10:54:00 AM,70,70033,BTG_terr,4,,3,WUxTWG83OCkjVXJvRUYqYXBiLUc
3923,867,15/04/2025,11:21:00 AM,70,70042,BTG_terr,4,,3,T104TGgmTHRpJTZXU3VkNUV3OUk
3919,867,15/04/2025,11:10:00 AM,70,70043,BTG_terr,5,,3,KVJyVzo2V05QcypFME54SlI3eUs
3917,867,15/04/2025,11:02:00 AM,70,70047,BTG_terr,3,,3,KjVZeU1Qc29PKllhS0dEVSVPViE
3927,867,15/04/2025,11:35:00 AM,70,70048,BTG_terr,2,,3,Q0NpXSMpKltTNCpIS1khVENaZ28
3913,867,15/04/2025,10:53:00 AM,70,70054,BTG_terr,2,,3,WVB0UE47SmhrSDM3Zyk0dE05Omk
3910,867,15/04/2025,10:50:00 AM,70,70058,BTG_terr,7,,3,JW0wbj47YmlpQndyanhYRGYpOXY
3912,867,15/04/2025,10:51:00 AM,70,70059,BTG_terr,1,,3,PmdwOVFudDJ2Q2diMWI4M2lHNHM
3909,867,15/04/2025,10:49:00 AM,70,70060,BTG_terr,3,,3,Slg4Q2dNZlhCOUxrUylpTEB0NUU
3911,867,15/04/2025,10:50:00 AM,70,70061,BTG_terr,4,,3,VE87N3YrJjQ4MjgzazxTNyUheVE
3928,867,15/04/2025,11:42:00 AM,70,70062,BTG_terr,1,,3,PFUhT3FiMkBOVFU5I2dEblhlSDA
136,686,03/04/2025,10:35:00 AM,79,79009,BTG_terr,2,,1,
137,686,03/04/2025,10:35:00 AM,79,79012,BTG_terr,4,,1,
138,686,03/04/2025,10:15:00 AM,79,79013,BTG_terr,10,,1,
139,686,03/04/2025,10:45:00 AM,79,79014,BTG_terr,12,,1,
140,686,03/04/2025,10:39:00 AM,79,79015,BTG_terr,2,,1,
141,686,03/04/2025,10:39:00 AM,79,79016,BTG_terr,5,,1,
142,686,03/04/2025,10:17:00 AM,79,79017,BTG_terr,9,,1,
143,686,03/04/2025,10:38:00 AM,79,79018,BTG_terr,6,,1,
145,686,03/04/2025,10:23:00 AM,79,79020,BTG_terr,15,,1,
146,686,03/04/2025,10:30:00 AM,79,79022,BTG_terr,29,,1,
147,686,03/04/2025,10:45:00 AM,79,79023,BTG_terr,2,,1,
148,686,03/04/2025,10:23:00 AM,79,79024,BTG_terr,7,,1,
150,686,03/04/2025,10:29:00 AM,79,79025,BTG_terr,4,,1,
152,686,03/04/2025,10:29:00 AM,79,79031,BTG_terr,4,,1,
324,686,09/04/2025,10:05:00 AM,79,79003,BTG_terr,7,,2,Ti16JlktOWRMZCFbcCsyYXRTYVs
325,686,09/04/2025,10:10:00 AM,79,79009,BTG_terr,2,,2,UCFAS1k2dis5c2N0WkVjOiEpR2g
326,686,09/04/2025,9:58:00 AM,79,79011,BTG_terr,2,,2,WlVyNiMrUil3SSYmWGc8TXc6RVs
327,686,09/04/2025,10:42:00 AM,79,79012,BTG_terr,9,,2,RUkqWD4-Y0JMamF3TjRFOHddKlk
328,686,09/04/2025,10:16:00 AM,79,79013,BTG_terr,9,,2,W2o1YmclUFJtclBFQko-PnB5Jjc
329,686,09/04/2025,10:44:00 AM,79,79014,BTG_terr,8,,2,WjRpbEVxbSpYc1gmc2xMJU53N2o
330,686,09/04/2025,11:01:00 AM,79,79015,BTG_terr,6,,2,RlJbZXMrcndsUlg1Q1VXNXNYKm4
331,686,09/04/2025,11:01:00 AM,79,79016,BTG_terr,7,,2,RHJBVGg3OmldbG1bJmFLVkdwJUA
332,686,09/04/2025,10:20:00 AM,79,79017,BTG_terr,5,,2,XTMhckAtVihncjR0dTlvcTAjWGM
333,686,09/04/2025,11:02:00 AM,79,79018,BTG_terr,2,,2,ISg7ViZydldDdzd1MTUhSVVVW0E
334,686,09/04/2025,10:23:00 AM,79,79020,BTG_terr,7,,2,W0pTeEJPTUFpTHV3MCp0ST5hUFs
335,686,09/04/2025,10:29:00 AM,79,79022,BTG_terr,12,,2,USpAQkM7eS1ROnFxPjZ0dTdba1o
336,686,09/04/2025,11:02:00 AM,79,79023,BTG_terr,7,,2,VVYzc3IzRitXZVFNdUR6bDopdE0
337,686,09/04/2025,10:25:00 AM,79,79024,BTG_terr,8,,2,SUQhVWMjNSlUZENOalUyUWFsSXU
340,686,09/04/2025,10:26:00 AM,79,79025,BTG_terr,4,,2,VSE7XUB6elBJUE5RUytxNVJZPig
341,686,09/04/2025,11:02:00 AM,79,79029,BTG_terr,14,on plasdras/butlan,2,WHZJK29aU3ZAJWkzNXNOSHZaMGE
342,686,09/04/2025,10:27:00 AM,79,79030,BTG_terr,7,on plasdras/butlan,2,WztLRyUoVmdZcHNwak93bGxRT1I
343,686,09/04/2025,10:27:00 AM,79,79031,BTG_terr,3,,2,VXQ3K2g5amFkRXljNjBhI28wbXM
525,686,16/04/2025,10:12:00 AM,79,79009,BTG_terr,2,,3,VzIwQDk8bFl2cm5kQmpncWlNRWg
526,686,16/04/2025,10:11:00 AM,79,79011,BTG_terr,1,,3,PFpRKl1ZJSp1NjdFRERdaGRyYSM
527,686,16/04/2025,10:18:00 AM,79,79013,BTG_terr,6,,3,UlBXaUFAOGYqWytlRmVhI2s2SGI
528,686,16/04/2025,10:50:00 AM,79,79015,BTG_terr,2,,3,JWE3c1dSU1BMMmhFZ25hYmpLb0M
529,686,16/04/2025,10:50:00 AM,79,79016,BTG_terr,13,,3,WDVjPEkobDwzO3gzWD5HNHEoeWw
530,686,16/04/2025,10:23:00 AM,79,79017,BTG_terr,26,all pairs,3,V2lVK0NXPDcmRjVSKERyV0wjdFE
531,686,16/04/2025,10:50:00 AM,79,79018,BTG_terr,11,,3,VkJ1bitWTCVEUk1MO3FET2glUEE
532,686,16/04/2025,10:31:00 AM,79,79020,BTG_terr,11,,3,SXU-KWZYdXJbMExEdypGcl01VHI
534,686,16/04/2025,10:31:00 AM,79,79022,BTG_terr,18,,3,TkAoQndieG5ARjVZWEQxMjc2QFg
535,686,16/04/2025,10:51:00 AM,79,79023,BTG_terr,4,,3,RDVFOGNPWkw7Q0FlIUFYR1p6IXo
536,686,16/04/2025,10:32:00 AM,79,79025,BTG_terr,2,,3,SlZDTjZITmVmcTxnQEJRVHVOQko
537,686,16/04/2025,10:51:00 AM,79,79029,BTG_terr,3,,3,VlI2XSY7QHFQZSFhNlprW2JTSTk
538,686,16/04/2025,10:32:00 AM,79,79031,BTG_terr,4,,3,WFJaTFJCJW1UJTFdV1UwNndKdzY
1483,2568,30/03/2025,9:15:00 AM,98,98019,BTG_terr,2,,1,
1482,2568,30/03/2025,9:17:00 AM,98,98026,BTG_terr,2,,1,
1484,2568,30/03/2025,8:40:00 AM,98,98039,BTG_terr,2,,1,
1481,2568,30/03/2025,9:34:00 AM,98,98042,BTG_terr,9,,1,
1399,2568,09/04/2025,9:42:00 AM,98,98003,BTG_non_terr,1,,2,
1363,2568,11/04/2025,9:03:00 AM,98,98028,BTG_terr,2,,2,
1361,2568,11/04/2025,9:04:00 AM,98,98039,BTG_terr,6,,2,
1393,2568,09/04/2025,10:10:00 AM,98,98041,BTG_non_terr,3,,2,
1394,2568,09/04/2025,10:06:00 AM,98,98042,BTG_terr,6,,2,
1302,2568,15/04/2025,8:55:00 AM,98,98005,BTG_non_terr,1,,3,
1307,2568,15/04/2025,8:39:00 AM,98,98026,BTG_terr,2,,3,
1309,2568,15/04/2025,8:31:00 AM,98,98034,BTG_terr,6,,3,
1340,2568,14/04/2025,10:00:00 AM,98,98038,BTG_terr,2,,3,
1339,2568,14/04/2025,10:02:00 AM,98,98039,BTG_terr,4,,3,
1297,2568,15/04/2025,9:24:00 AM,98,98041,BTG_terr,2,,3,
1296,2568,15/04/2025,9:31:00 AM,98,98042,BTG_terr,4,,3,
3288,3172,04/04/2025,8:07:00 AM,100,100008,BTG_terr,1,,1,Qz5pKjpIdkdkUjRXeipDO0V6azM
3298,3172,04/04/2025,8:42:00 AM,100,100009,BTG_terr,3,,1,TEpaNTpJekp0WjMqKkRmVzQ7Vzk
3289,3172,04/04/2025,8:07:00 AM,100,100010,BTG_terr,1,,1,PjFYU3RvO21yeXkqbUdnbjlzelk
3296,3172,04/04/2025,8:25:00 AM,100,100016,BTG_terr,1,,1,T0RxM3U0ZihLSWJ5NHpqNipvPDc
3293,3172,04/04/2025,8:23:00 AM,100,100018,BTG_terr,2,,1,S2N5ITt4RVpib0R4UFRaZkBvc08
3294,3172,04/04/2025,8:24:00 AM,100,100019,BTG_terr,6,,1,S0I7NW46TVdMS2MlZzNVVWZtKDs
3295,3172,04/04/2025,8:24:00 AM,100,100021,BTG_terr,12,,1,WmlCR00paSZ4Pjgqdl1YJThvaUE
3297,3172,04/04/2025,8:25:00 AM,100,100022,BTG_terr,1,,1,UE1mQzE8LSFlKGgqI1kodmdSUCg
3299,3172,04/04/2025,8:42:00 AM,100,100028,BTG_terr,4,,1,WjZxKyZFSksoSUg4djY7XSZ5c3o
3389,3172,11/04/2025,9:40:00 AM,100,100004,BTG_terr,1,,2,S3pRNjEwN1E3ZGVrbzZJQD4laVk
3390,3172,11/04/2025,9:50:00 AM,100,100009,BTG_terr,6,,2,KGJRS2x0JVg3Tm1OYy0mKmtuLU8
3396,3172,11/04/2025,10:26:00 AM,100,100018,BTG_terr,5,,2,I3BHSisrajQzXSpuRGFBa0QqUig
3395,3172,11/04/2025,10:26:00 AM,100,100022,BTG_terr,2,,2,R3h1cUc4TkptO3QranZDVFUpcmY
3394,3172,11/04/2025,10:26:00 AM,100,100023,BTG_terr,3,,2,U21TM0lEWSF5SDw0dlZ0aXY4M3g
3398,3172,11/04/2025,10:31:00 AM,100,100025,BTG_terr,1,,2,VyU5UmJkSSMybEY4RDg-elA4RDM
3393,3172,11/04/2025,10:26:00 AM,100,100026,BTG_terr,6,,2,KFUqQTw8eG1SNWE5VjhSMjN4bWY
3500,3172,18/04/2025,8:48:00 AM,100,100001,BTG_terr,1,,3,WWNHM2pPQmh6KFpPKCY0IXFzTVM
3502,3172,18/04/2025,8:54:00 AM,100,100004,BTG_terr,3,,3,UC1hajQpdjs7KXVCWUVnaSZhPC0
3503,3172,18/04/2025,8:54:00 AM,100,100005,BTG_terr,2,,3,RCozOVJdTE05M2xZeTlZdTQhWjE
3504,3172,18/04/2025,9:02:00 AM,100,100006,BTG_terr,4,,3,R2ZAdVhhdHpTTSh5YTxQQyhqaEk
3506,3172,18/04/2025,9:06:00 AM,100,100007,BTG_terr,2,,3,IVVFcDtuOlpWcVpIKjBIZHMwSVQ
3505,3172,18/04/2025,9:06:00 AM,100,100009,BTG_terr,11,,3,S0QrcThpPCpZZ2MtUEY8S1prSW0
3510,3172,18/04/2025,9:19:00 AM,100,100012,BTG_terr,1,,3,Wlk7RjNMWzxNUXBSW1tBOjhERHg
3511,3172,18/04/2025,9:31:00 AM,100,100016,BTG_terr,1,,3,TUY4aXIoaEwpVHJVbiFbLWttUHk
3508,3172,18/04/2025,9:17:00 AM,100,100018,BTG_terr,1,,3,TVhRT21XeEo0KFJqI0x1UTBhO2U
3509,3172,18/04/2025,9:17:00 AM,100,100019,BTG_terr,4,,3,I0JQNUsjMEhobSotczZOJj5JZ2Q
3518,3172,18/04/2025,9:47:00 AM,100,100021,BTG_terr,2,,3,WiFGZ3VneTQ4TEZsajliSSlbQ1I
3519,3172,18/04/2025,9:49:00 AM,100,100022,BTG_terr,3,,3,PitjaG9ZbWMxKEwmQnI3OlRqcS0
3517,3172,18/04/2025,9:47:00 AM,100,100023,BTG_terr,1,,3,K2hEUHNFPCZjZmNXOzhmZ11WTj4
3516,3172,18/04/2025,9:45:00 AM,100,100026,BTG_terr,3,,3,KUpVUSE5IzNZUyhhclVlI3BNdmg
3515,3172,18/04/2025,9:45:00 AM,100,100027,BTG_terr,3,,3,UGh2NyV5MjtvW3NMOyZ5a1FYdjo
3514,3172,18/04/2025,9:44:00 AM,100,100029,BTG_terr,4,,3,S3B0SzxWS2RlOGZZI0Z5aWtXRzw
3521,3172,18/04/2025,10:00:00 AM,100,100030,BTG_terr,2,,3,PGo4dW5CIUlKaColbHNGPCYjdU8
3522,3172,18/04/2025,10:03:00 AM,100,100034,BTG_non_terr,1,,3,TENBQEU6ajRNaEprdHRHQWZmUSE
3590,938,03/04/2025,10:46:00 AM,114,114032,BTG_terr,1,,1,K0pVQFgoOTZHKlEpI251Jjx4UWw
3584,938,03/04/2025,10:00:00 AM,114,114041,BTG_terr,1,,1,USpJTTtDdE9SbERTTDgwZDAoVVE
3593,938,03/04/2025,11:17:00 AM,114,114146,BTG_terr,2,,1,U2ptXTxPcXdTYyZOKUk4Q2g0M0k
3663,938,10/04/2025,11:00:00 AM,114,114146,BTG_non_terr,8,in groep,2,Ky1nI0RseFRscCo3NzVEVVtnNVo
3726,938,17/04/2025,10:02:00 AM,114,114037,BTG_terr,2,,3,JSU1NFRjSkdwSSpEcGFJYWdjaGU
3727,938,17/04/2025,10:04:00 AM,114,114039,BTG_terr,2,,3,PlhpaytxNEJWZnU0UndSdDNsOyE
3728,938,17/04/2025,10:24:00 AM,114,114043,BTG_terr,2,,3,QEpPWioqaTxXRjVvWVlnWz5CSCY
1779,3170,02/04/2025,9:07:00 AM,115,115008,BTG_non_terr,2,,1,WzlsVWlZdFlUcDMwMTlbMm1qYXg
1781,3170,02/04/2025,9:10:00 AM,115,115012,BTG_non_terr,12,,1,S2hsQiFEVihLQUBVRTRpVzU5JWY
1876,3170,09/04/2025,9:59:00 AM,115,115008,BTG_terr,4,,2,KilddmxScSozJUEhWndHdjFGS1Y
1877,3170,09/04/2025,10:05:00 AM,115,115011,BTG_non_terr,2,,2,QFluTUh5RDtWV09JbEh2KkB2Yzg
,3170,17/04/2025,8:37:00 AM,115,115000,BTG_terr,0,"EV: nullcount added, predatorcount was done on this date and time",3,
3248,3172,01/04/2025,9:32:00 AM,116,116013,BTG_terr,3,,1,S0hAUDYlXV1Ha2tHdm4zT0U0Qlc
3251,3172,01/04/2025,9:40:00 AM,116,116018,BTG_terr,6,,1,KlZMcTRFKDFPUUE3SyFSOTtPJk0
3256,3172,01/04/2025,10:14:00 AM,116,116019,BTG_terr,6,,1,KEZlYmlRcTNNTV1CZzNCeSZhUms
3258,3172,01/04/2025,10:23:00 AM,116,116022,BTG_terr,12,,1,PEJDd3dNOFsqYWpIZEtISzVkVVc
3259,3172,01/04/2025,10:41:00 AM,116,116023,BTG_terr,1,"one alarming male EV: 116023 entered twice, probably wrong MeadowID entered.",1,Vyp5bnEhZTJEdVAlSipzcys3MCM
3252,3172,01/04/2025,9:47:00 AM,116,116024,BTG_terr,8,,1,UGpZdkRjZWdNSmpDSzgxNk5wRjk
3253,3172,01/04/2025,9:47:00 AM,116,116025,BTG_terr,6,,1,VE54PlkyUGFZblJ3WU4jdmlndyo
3357,3172,08/04/2025,9:43:00 AM,116,116016,BTG_terr,1,,2,V1ghbnREWGN5WE1GJipoNFl2eHY
3358,3172,08/04/2025,9:45:00 AM,116,116019,BTG_terr,4,,2,Vml4bTQhQTR2dE5MZ1lzdlZRU2g
3354,3172,08/04/2025,9:26:00 AM,116,116021,BTG_terr,2,,2,WFJZK0FmYTg2eGg6c0ZkPFtOUjs
3360,3172,08/04/2025,10:00:00 AM,116,116022,BTG_terr,15,,2,WU85dkxkS24wZzdIQihVWTp5JTg
3359,3172,08/04/2025,9:53:00 AM,116,116023,BTG_terr,8,,2,Vk1BTXRBSnIzKGxhIXFBRztJaFo
3351,3172,08/04/2025,9:12:00 AM,116,116025,BTG_terr,10,,2,IVNdR0k6bVFta2lMc2RQTXVtNSk
3361,3172,08/04/2025,10:08:00 AM,116,116027,BTG_terr,2,,2,JXhndU9VajtdcFBLWjNEOCp5M24
3460,3172,15/04/2025,9:09:00 AM,116,116018,BTG_terr,1,,3,VFRNMmV3MmQ8NTllRHBlNWJzQmE
3461,3172,15/04/2025,9:09:00 AM,116,116019,BTG_terr,6,,3,PGhuWU5CeEtjK1JqJk9yNG1MaEA
3458,3172,15/04/2025,8:55:00 AM,116,116021,BTG_terr,1,,3,TjwxQEsod245VEMqOnNbdG1IPGI
3462,3172,15/04/2025,9:10:00 AM,116,116022,BTG_terr,4,,3,K29OSFh1Q09NNE1dR1I0LU5CM1M
3463,3172,15/04/2025,9:10:00 AM,116,116023,BTG_terr,9,,3,WVhnI2FCQ0lSNHMpVmRaWzx5dm8
3449,3172,15/04/2025,8:08:00 AM,116,116024,BTG_terr,4,,3,S1tbWFdQNGJEcWclW0stcmY7aig
3450,3172,15/04/2025,8:09:00 AM,116,116025,BTG_terr,24,,3,UktlWkg2M3FVSEpja0xGR2J0KTc
3447,3172,15/04/2025,8:02:00 AM,116,116029,BTG_terr,2,,3,UDdzTyExUVtYRTw3TGpoQUJPS28
1475,2568,30/03/2025,11:04:00 AM,128,128004,BTG_non_terr,2,,1,
1495,2568,03/04/2025,8:34:00 AM,128,128049,BTG_terr,2,,1,
1473,2568,30/03/2025,11:25:00 AM,128,128066,BTG_non_terr,24,,1,
1491,2568,03/04/2025,9:28:00 AM,128,128073,BTG_terr,2,,1,
1493,2568,03/04/2025,9:08:00 AM,128,128077,BTG_terr,1,,1,
1378,2568,09/04/2025,12:00:00 PM,128,128032,BTG_terr,2,,2,
1371,2568,10/04/2025,10:06:00 AM,128,128049,BTG_non_terr,16,,2,
1373,2568,10/04/2025,8:38:00 AM,128,128070,BTG_non_terr,1,,2,
1284,2568,15/04/2025,11:27:00 AM,128,128076,BTG_terr,9,,3,
5157,6,03/04/2025,11:05:00 AM,129,129008,BTG_terr,5,,1,KiY1RUo5dk1TZHB2RFJ6MDJPITk
5156,6,03/04/2025,11:04:00 AM,129,129014,BTG_terr,7,,1,TGwqaUpIYTk5JTRtI3NEam45Zmo
5142,6,02/04/2025,11:10:00 AM,129,129022,BTG_terr,2,,1,SlRKSVFDVVlbNytVaV1DNld6O1Q
5149,6,03/04/2025,10:20:00 AM,129,129025,BTG_terr,4,,1,SmFWYT43dyNCeWhHaUhEN113SSU
5151,6,03/04/2025,10:32:00 AM,129,129026,BTG_terr,2,,1,KHpQRlBsKitUTClqREdbKDUtMVo
5150,6,03/04/2025,10:32:00 AM,129,129028,BTG_terr,2,,1,SmJKYklJb0NOT0FDKTtNb0FJQEA
5141,6,02/04/2025,11:01:00 AM,129,129034,BTG_terr,2,,1,U2c5cG5EUGxidkVlQDczKmo7QG4
5139,6,02/04/2025,10:33:00 AM,129,129040,BTG_terr,3,,1,KzIqQSgrT2MqYyNdUjMxSSlNO0Q
5144,6,02/04/2025,11:20:00 AM,129,129045,BTG_terr,1,,1,KkZ4OUVEQnJsN2ohS1F5bmNsVE8
5126,6,02/04/2025,9:12:00 AM,129,129053,BTG_terr,4,,1,LUhiLU9iVmowaGpOS3pQd0FdUVI
5123,6,02/04/2025,9:11:00 AM,129,129054,BTG_terr,1,,1,Jm48SzB6N3NNJkdhOEh0ODlUZlU
5124,6,02/04/2025,9:12:00 AM,129,129055,BTG_terr,3,,1,JWlBRGoqVyghO205VzMyRFd4TDM
5125,6,02/04/2025,9:12:00 AM,129,129057,BTG_terr,4,,1,XSVEdCt0Q1ZRSTQmISp5QVhRdWI
5133,6,02/04/2025,10:00:00 AM,129,129059,BTG_terr,2,,1,TEUyYkRAVzV1VFdaNDArSmYhaWI
5135,6,02/04/2025,10:04:00 AM,129,129061,BTG_terr,5,,1,Tjx2Kil3WTlyTmJOSXMyV0pJR0s
5136,6,02/04/2025,10:04:00 AM,129,129062,BTG_terr,1,,1,QzpmeTBCOFBhQ3JWZk1Za0dAaFM
5122,6,02/04/2025,9:02:00 AM,129,129071,BTG_terr,2,,1,WDcjekJqPFZ0KjgpW2RlWGZFI10
5129,6,02/04/2025,9:38:00 AM,129,129077,BTG_terr,3,,1,PFVQWUQmKkV6WkE3VFB1KS1VMzw
5130,6,02/04/2025,9:39:00 AM,129,129079,BTG_terr,4,,1,KkJwTShEb3c3VzlEPDBjN2hxKnQ
5132,6,02/04/2025,9:59:00 AM,129,129080,BTG_terr,1,,1,UjttZVRQd1s4KWZEQ2dCKjMyRXU
5131,6,02/04/2025,9:55:00 AM,129,129081,BTG_terr,2,,1,SnFPZHQxcSljTWdEUHBOVXlKUTU
5158,6,03/04/2025,11:15:00 AM,129,129086,BTG_terr,4,,1,S1dVdypYbXFTWVZWS3dmbiNEZXY
5153,6,03/04/2025,10:35:00 AM,129,129088,BTG_terr,4,,1,WDdSPm84QU1JYmohem9DWStwSzQ
5204,6,10/04/2025,11:29:00 AM,129,129008,BTG_non_terr,34,,2,VTduLTpmd3NSU0JoI1lVIUJnLVI
5203,6,10/04/2025,11:30:00 AM,129,129008,BTG_terr,4,,2,KmglbigzOVM8aVZZKDZ0cSg1b0g
5213,6,10/04/2025,9:41:00 AM,129,129021,BTG_terr,2,,2,JXJFQjc5NktIWVtkSTV1WGFpW2E
5163,6,09/04/2025,11:50:00 AM,129,129022,BTG_terr,4,,2,VEhdN1ZJYWJGaTg2bGtEOWE-aSE
5164,6,09/04/2025,11:47:00 AM,129,129023,BTG_terr,4,,2,PjJnRUhrLTdkNipvKkUqM0U-JXc
5210,6,10/04/2025,10:02:00 AM,129,129024,BTG_terr,4,,2,TjU-Uys2I0VSKnB2VE5FWGoxYVI
5207,6,10/04/2025,10:07:00 AM,129,129026,BTG_terr,4,,2,VjZXTCkxQHEyY3BFSEVFQENqRXY
5209,6,10/04/2025,10:02:00 AM,129,129029,BTG_terr,4,,2,WFFCRm5YUlMhSjE5aGNhdTQxKW0
5168,6,09/04/2025,11:38:00 AM,129,129033,BTG_terr,3,,2,K1dmOUZXSEZCaEZ5JWdEbTZhJmE
5169,6,09/04/2025,11:30:00 AM,129,129034,BTG_terr,6,,2,KzZvQ3E8NXliOyF3SWUoaWZzb0I
5165,6,09/04/2025,11:45:00 AM,129,129035,BTG_non_terr,34,mostly islandica,2,RVY5aUB2XWpDMjNbQiZkNVZQWXQ
5171,6,09/04/2025,11:14:00 AM,129,129040,BTG_terr,2,,2,XWpJVVREK0oxUypjLUwmUSplcmw
5162,6,09/04/2025,11:56:00 AM,129,129043,BTG_terr,3,,2,V3c-JldmKTJlOF14I3huZmJmVzQ
5211,6,10/04/2025,9:49:00 AM,129,129044,BTG_non_terr,4,,2,VnBNKWw6ek1pWURiVUJlQmhScFg
5212,6,10/04/2025,9:49:00 AM,129,129044,BTG_terr,2,,2,V0hdQypDTjl0YnpxcDVPdEZyK0U
5188,6,09/04/2025,9:01:00 AM,129,129051,BTG_terr,2,,2,RDBCd1k7eXA5JlFIVitNYlU7QXo
5178,6,09/04/2025,9:15:00 AM,129,129053,BTG_terr,2,,2,SG9MSSZ2aUJlb3QyM2ZAVFRTTFQ
5182,6,09/04/2025,9:04:00 AM,129,129054,BTG_terr,1,,2,WzF4WXcyUldQW1NMMG1dcS14OEg
5187,6,09/04/2025,9:02:00 AM,129,129055,BTG_terr,3,,2,RU9xWkVkQzF2Y3BrLU5YNFRULVg
5183,6,09/04/2025,9:04:00 AM,129,129057,BTG_terr,2,,2,QDsxRmtFWio6SzR4WzZMajpCVUs
5181,6,09/04/2025,9:04:00 AM,129,129058,BTG_terr,1,,2,TnRzOmcweEhhVlFlQTVEMS1hVUg
5173,6,09/04/2025,10:54:00 AM,129,129060,BTG_terr,2,,2,UzpvVHFvb2hFbiVoSzxzc0JOLWM
5175,6,09/04/2025,10:04:00 AM,129,129061,BTG_terr,4,,2,RFBAaFBiOExKWXBLW3BEcmF5Qyg
5172,6,09/04/2025,11:07:00 AM,129,129062,BTG_terr,2,,2,Q0NbTWs4N1tqcTdzcFRCOC05Ky0
5177,6,09/04/2025,9:32:00 AM,129,129076,BTG_terr,2,,2,S2d0Jm1YOlNrTDJ0R1VVZTxGQUk
5184,6,09/04/2025,9:03:00 AM,129,129079,BTG_terr,1,,2,Q1BaazwoUlsjK2ExdGd1V2FJYnc
5176,6,09/04/2025,9:57:00 AM,129,129081,BTG_terr,2,,2,K0w7clF3SEVRZGU4NDNWQygzaSM
5208,6,10/04/2025,10:07:00 AM,129,129088,BTG_terr,3,,2,TVI6XUtbVllkQ21oZEFJKEA2JU0
5214,6,10/04/2025,9:16:00 AM,129,129092,BTG_terr,3,,2,UW0mck1SVFQjKiUmQERTQ1s0LVc
5264,6,17/04/2025,11:48:00 AM,129,129008,BTG_terr,5,,3,KFNSdCpOcjxDLWdARFVobCpCakk
5265,6,17/04/2025,11:48:00 AM,129,129014,BTG_terr,3,,3,TCNoaDdzNE5FU0YyaGFnSXAmT0M
5257,6,16/04/2025,11:12:00 AM,129,129021,BTG_terr,3,,3,WiVsLXotazg-TzVYY3hmRW1icWg
5256,6,16/04/2025,11:12:00 AM,129,129022,BTG_terr,7,,3,SXRZK1lORCgqQERPdltTWm5SdTs
5254,6,16/04/2025,11:15:00 AM,129,129023,BTG_terr,3,,3,KmMxKik7RjhvOlUrWk9DTDZUSEc
5250,6,16/04/2025,11:39:00 AM,129,129025,BTG_terr,4,,3,TyV2W046VXdGVlRCdEQ0VFklbmo
5267,6,17/04/2025,11:33:00 AM,129,129026,BTG_terr,6,,3,PEI-NXN5ay1OVzVWUipHb3RuWis
5266,6,17/04/2025,11:33:00 AM,129,129027,BTG_terr,4,,3,TWROIU5KUWFOUGxBSWUzKmI5YTc
5262,6,16/04/2025,10:37:00 AM,129,129032,BTG_terr,2,,3,KXgqMylDREthd1laZkRLJWtjRTY
5260,6,16/04/2025,10:46:00 AM,129,129033,BTG_terr,2,,3,SklWQHBSKi1bWDJ3U1I5KiZCRCY
5261,6,16/04/2025,10:42:00 AM,129,129034,BTG_terr,3,,3,Q0ljUzN3SCVVNHIyd0BxbyE2emI
5255,6,16/04/2025,11:13:00 AM,129,129035,BTG_terr,3,,3,WGwxcHhNajZEMCt5QG5IZUMxSlY
5231,6,15/04/2025,11:08:00 AM,129,129040,BTG_terr,2,,3,QD45W0QtPjxJWlNvJUI7amZ3RyE
5230,6,15/04/2025,11:14:00 AM,129,129041,BTG_terr,2,,3,RjF0bSo1XUJLU0A1RGNqOEBpTEE
5253,6,16/04/2025,11:22:00 AM,129,129045,BTG_terr,4,,3,LXZnQzs2OExbXTVrekcjJWlYKjo
5220,6,15/04/2025,11:45:00 AM,129,129051,BTG_terr,4,,3,SUg7MDVVKU1rZ28hUHZ3bCNGM0s
5225,6,15/04/2025,11:42:00 AM,129,129052,BTG_terr,2,,3,VG5xMnhUWlV1dG1lXWtBSVZHams
5224,6,15/04/2025,11:43:00 AM,129,129053,BTG_terr,4,,3,JVFpRmFxY0MjbjZ5S1dzbzlwSmQ
5226,6,15/04/2025,11:42:00 AM,129,129054,BTG_terr,2,,3,UGZXZ0RmMEcrKy0rXVpUYWd0aWc
5223,6,15/04/2025,11:43:00 AM,129,129055,BTG_terr,4,,3,RnlhcCpueG40RyowYVQ0PkpIMCg
5228,6,15/04/2025,11:42:00 AM,129,129057,BTG_terr,2,,3,WmJEdSlhW2p1WSVnPGh5bSpJXXI
5227,6,15/04/2025,11:42:00 AM,129,129058,BTG_terr,2,,3,KigzczViQk8jcGZrJjNkK1o1Wys
5233,6,15/04/2025,11:01:00 AM,129,129059,BTG_terr,2,,3,KitPWiNJb2xqKDFpcGpyPFB6JWc
5235,6,15/04/2025,10:56:00 AM,129,129060,BTG_terr,4,,3,W0Z2VjtWWilGWzw0MVNYU0Y7Zno
5234,6,15/04/2025,10:57:00 AM,129,129061,BTG_terr,4,,3,QGREVkNJdCk5MUw5MGJuVzhmZEo
5222,6,15/04/2025,11:43:00 AM,129,129076,BTG_terr,1,,3,VnJUZSppTV00O3V3Z0g-VGdXKkM
5221,6,15/04/2025,11:44:00 AM,129,129079,BTG_terr,1,,3,Rm1tZTM0dXorNi1WOTQyV3hlNE0
5229,6,15/04/2025,11:22:00 AM,129,129080,BTG_terr,4,,3,RTRtKmRmPCsrLStWQzJJSDRYWm4
5218,6,15/04/2025,11:51:00 AM,129,129081,BTG_non_terr,2,,3,VHZwamUmRypSMEtjdHBoQChhKkI
5219,6,15/04/2025,11:49:00 AM,129,129081,BTG_terr,8,,3,UzVvKlE5cENFSmswVGFdRiYrQys
5268,6,17/04/2025,11:32:00 AM,129,129088,BTG_terr,7,,3,JnVVMWVHa0MlZEltQk1BPD5jOjs
5259,6,16/04/2025,10:51:00 AM,129,129092,BTG_terr,3,,3,Knl1PiMjelBSRUFERXdycWcxMGE
5258,6,16/04/2025,10:52:00 AM,129,129093,BTG_terr,5,,3,RnhOYiUxI0kpU3VmVGhnZTQxdA
1489,2568,03/04/2025,9:37:00 AM,130,130026,BTG_terr,2,,1,
1366,2568,10/04/2025,10:22:00 AM,130,130014,BTG_terr,2,,2,
1365,2568,10/04/2025,10:27:00 AM,130,130020,BTG_non_terr,20,,2,
1278,2568,15/04/2025,12:04:00 PM,130,130026,BTG_terr,2,,3,
3744,867,31/03/2025,10:11:00 AM,131,131024,BTG_non_terr,19,,1,XTZxWGZLbkslSjExW0s8NDJIZV0
3750,867,31/03/2025,10:27:00 AM,131,131032,BTG_terr,2,,1,RHI4I3clVSVUTUFIYShyOzd2Ozk
3808,867,07/04/2025,10:08:00 AM,131,131003,BTG_terr,4,,2,RSZsJnYwKCNWdVZSI3BAWGJdTzg
3871,867,14/04/2025,9:56:00 AM,131,131003,BTG_terr,4,,3,TSZhWm16QzlyNiUjUCNTMWJRKU4
3872,867,14/04/2025,10:05:00 AM,131,131027,BTG_non_terr,6,in groep wulpen,3,IXI5TTl2OEY-bSNJQldkKSpyOGo
3879,867,14/04/2025,10:32:00 AM,131,131046,BTG_non_terr,1,in groep wulpen,3,UUplMWktejc7akNKSCN0ZzohUzs
3737,867,31/03/2025,9:31:00 AM,133,133016,BTG_terr,2,,1,RnE6I1c8YTtrQ2JuYSF3bDY1dis
3739,867,31/03/2025,9:33:00 AM,133,133017,BTG_terr,1,,1,VjNLSCVPTltnSm1nditOakYyckE
3738,867,31/03/2025,9:31:00 AM,133,133018,BTG_terr,2,,1,UDhTMlpleEA8W0J4MWs0c0l5QWw
3748,867,31/03/2025,9:34:00 AM,133,133023,BTG_terr,3,achter elkaar aan vliegend,1,RmhtU1Y7NjEwTkJsPDYxbUI3Kjc
3761,867,31/03/2025,11:15:00 AM,133,133033,BTG_terr,2,,1,R25MYkMtI3QyKFcrZGpdPkoxeEs
3758,867,31/03/2025,11:02:00 AM,133,133036,BTG_terr,2,,1,SE1jW24tJWUlSStxYXNzaGxMRW0
3760,867,31/03/2025,11:14:00 AM,133,133046,BTG_terr,4,,1,VVRBQzhMKipPMmM0eDc7NF1qQ3A
3804,867,07/04/2025,9:16:00 AM,133,133016,BTG_terr,2,,2,R3A0VzojU21Va0k7N0k0K2YyYUw
3805,867,07/04/2025,9:16:00 AM,133,133017,BTG_terr,2,,2,U2lpemtvcHcyVkdTRFV2MlNiS0M
3816,867,07/04/2025,11:38:00 AM,133,133032,BTG_terr,3,buitendijks op strekdam,2,TzFjR0hpcmVdU2JSc3VlS0drJno
3815,867,07/04/2025,11:07:00 AM,133,133034,BTG_terr,2,buitendijks op strekdam,2,IyMrUylUQk95M0FlSENWYm8qaDo
3868,867,14/04/2025,9:24:00 AM,133,133017,BTG_terr,9,,3,W2VEZzg3eCMjZjUhMnduQDcxd2o
3874,867,14/04/2025,10:06:00 AM,133,133023,BTG_terr,1,,3,PipCNEg5MHY0TFJucXMwVEUzKHI
3883,867,14/04/2025,10:57:00 AM,133,133031,BTG_terr,8,,3,PiEzand0O25ANFJwQGhdNEJAKFo
3884,867,14/04/2025,10:58:00 AM,133,133032,BTG_terr,3,,3,V0sodG1JOGVaeUFjV1VsWDhbdUM
3875,867,14/04/2025,10:13:00 AM,133,133051,BTG_terr,4,,3,Q01KaHBRPDEzJU9aaC1RbE10Q2U
3793,867,02/04/2025,10:18:00 AM,134,134002,BTG_terr,4,,1,UCldWGtvbEJNUmlRemgtSUhLPko
3791,867,02/04/2025,10:17:00 AM,134,134017,BTG_terr,5,,1,RzhxYSNBPHlSKmI4KlM0czkqQW0
3792,867,02/04/2025,10:17:00 AM,134,134019,BTG_terr,2,,1,I1dscjVHb285WkkrVVI2WiVHeng
3786,867,02/04/2025,9:39:00 AM,134,134102,BTG_non_terr,2,in groep wulpen,1,THNaTiVlWkhkPEdkPiVoaypTLXU
3784,867,02/04/2025,9:23:00 AM,134,134106,BTG_non_terr,2,in groep wulpen,1,REBKIVkwVDhtKmp5UEFyY0NkZk8
3827,867,08/04/2025,10:32:00 AM,134,134002,BTG_terr,2,,2,V0xuSiZuPEYhZThdKUV5TSo6TDQ
3829,867,08/04/2025,10:41:00 AM,134,134017,BTG_terr,2,,2,WE5FRUI3R1MpT3RBRWNFUHhVTSo
3822,867,08/04/2025,10:03:00 AM,134,134072,BTG_terr,2,,2,U2hDNFlIZk9meGpTRjQ4aEVCVCU
3818,867,08/04/2025,9:33:00 AM,134,134079,BTG_terr,2,,2,VkYwSXVraXZPc2ZSLXpmODo-Sis
3819,867,08/04/2025,9:33:00 AM,134,134082,BTG_terr,1,in groep wulpen,2,LUgrVzdhPmVwTThqY1ozUm9MTzg
3828,867,08/04/2025,10:32:00 AM,134,134127,BTG_terr,2,,2,KDcqQHpSN0RbR1MoPkdIbng5d20
3907,867,15/04/2025,10:20:00 AM,134,134002,BTG_terr,2,,3,Wz5CTE4rbXhnTnpoQEhMJWxUMjA
3904,867,15/04/2025,10:18:00 AM,134,134005,BTG_terr,2,,3,UTBMZzNjSFlOOnJQKlJDMlJvPl0
3908,867,15/04/2025,10:20:00 AM,134,134017,BTG_terr,7,,3,VVMzY2lpeV02YSkxUnJPOGV0KW8
3895,867,15/04/2025,9:11:00 AM,134,134068,BTG_terr,3,,3,RVQ7Ym5kOEldczZHQEtYeEM6Kys
3890,867,15/04/2025,8:46:00 AM,134,134081,BTG_terr,1,,3,W2NxKXlBdnQwJjJOSG1UY2dPKEQ
3906,867,15/04/2025,10:19:00 AM,134,134127,BTG_terr,2,,3,TDgqKlZjOU9PdWlSZ2hDaFNdNTc
3765,867,01/04/2025,10:12:00 AM,138,138055,BTG_non_terr,2,in groep wulpen,1,SjcxQyZqWHBYdm4qY01yeXFET3I
3837,867,09/04/2025,9:13:00 AM,138,138000,BTG_terr,2,vlogen weg uit polder,2,VVNJPkZGV1tEI20-IzNWR1hbUXk
,867,14/04/2025,8:51:00 AM,138,138000,BTG_terr,0,"EV: nullcount added, predatorcount was done on this date and time",3,
1748,3170,31/03/2025,9:14:00 AM,142,142002,BTG_non_terr,2,,1,RFpEK3YqRXY1bm8mQypFRmg0cTM
1760,3170,31/03/2025,10:07:00 AM,142,142019,BTG_terr,2,,1,RTZWW2xTczIxTjhuNVJuUWlRc0U
1759,3170,31/03/2025,10:07:00 AM,142,142020,BTG_terr,2,,1,RlgtY0RULV1RKmxJJVs1OmI7JkA
1754,3170,31/03/2025,9:49:00 AM,142,142023,BTG_terr,2,,1,SUI2Zlt4ekphUypLaEMzeCF2QE4
1758,3170,31/03/2025,10:04:00 AM,142,142025,BTG_terr,2,,1,VzIyJTlmWSFxUGpURSYrIUowSGg
1753,3170,31/03/2025,9:42:00 AM,142,142030,BTG_terr,0,,1,Q0VSOFApYmk7SXpVWUIpb087Mng
1755,3170,31/03/2025,9:49:00 AM,142,142032,BTG_terr,2,,1,UGcjJUNWNSYhdnlBNzpFKkdWMmo
1756,3170,31/03/2025,9:50:00 AM,142,142033,BTG_terr,0,,1,KSsqZzxmdk9YZ0x1W1pqY2s4SiU
1757,3170,31/03/2025,10:04:00 AM,142,142034,BTG_terr,0,,1,RSFZUEp0RzRmLVtsakRIWGJdKjU
1749,3170,31/03/2025,9:24:00 AM,142,142038,BTG_terr,2,,1,TFpJPltzU1hYbkI1IWMwaXldREU
1751,3170,31/03/2025,9:30:00 AM,142,142041,BTG_terr,2,,1,WGxFVEFIZCF2YV1kQk5AZUQzOHA
1863,3170,08/04/2025,11:02:00 AM,142,142014,BTG_terr,0,,2,WGVnMmY1JiojS2R0QyZ3NXd2U2U
1865,3170,08/04/2025,11:34:00 AM,142,142015,BTG_terr,1,,2,LUhVQHNhXUZlQFBBbyp3UGQxa2s
1854,3170,08/04/2025,9:57:00 AM,142,142018,BTG_non_terr,2,,2,W0Bpb1g8NyVOMllPKVhheStdYUo
1853,3170,08/04/2025,9:57:00 AM,142,142018,BTG_terr,2,,2,U0RYYTF5I2FLUk5RKlJOcys7KWY
1856,3170,08/04/2025,10:33:00 AM,142,142023,BTG_terr,2,,2,SDo0NHlIeWMlWjMrZTJHc0JqNUg
1855,3170,08/04/2025,9:59:00 AM,142,142024,BTG_terr,0,,2,LV0wVmtWbSo2NCs7RUUlSG1II0E
1857,3170,08/04/2025,10:34:00 AM,142,142025,BTG_terr,2,"EV: 142025 entered twice, unsure if wrong MeadowID used or double.",2,V2ojVldWMip2MFB6MU9zZno7bGE
1858,3170,08/04/2025,10:34:00 AM,142,142034,BTG_terr,4,,2,WCNzeGdxVDx0Zm5ONU47TiNUaDk
1862,3170,08/04/2025,10:43:00 AM,142,142038,BTG_terr,2,,2,W2MtYVNwNTY6Kz5wUUNFSExNZUg
1861,3170,08/04/2025,10:43:00 AM,142,142039,BTG_terr,4,,2,UkI6UUMmZSkwcng-U00jd1dQRGk
1860,3170,08/04/2025,10:38:00 AM,142,142041,BTG_non_terr,1,,2,WWxwI2VnRjZvOyhXOnRpdlkxck0
1694,3170,16/04/2025,9:07:00 AM,142,142002,BTG_terr,1,,3,SHlWam45UjtsU20oUGF3Y1Z3OUQ
1710,3170,16/04/2025,10:36:00 AM,142,142014,BTG_terr,2,,3,IUBbcWpiN1pqYWdQcmViTjNUdSM
1706,3170,16/04/2025,9:58:00 AM,142,142015,BTG_terr,2,,3,XTs5Tm5tb2ZAdHFZZm0hJkFOYjU
1711,3170,16/04/2025,11:03:00 AM,142,142016,BTG_non_terr,1,,3,U1dERTV3SEs0VihkQj55KlpHRlQ
1704,3170,16/04/2025,9:58:00 AM,142,142023,BTG_terr,2,,3,JkMlc2FjUmZkZUc0NHpbcC1lSkE
1705,3170,16/04/2025,9:58:00 AM,142,142024,BTG_terr,2,,3,S1hMUUZLamJvUEh1eFVNbnFoODc
1707,3170,16/04/2025,9:58:00 AM,142,142025,BTG_terr,2,,3,JXRRUSFOcGU1Z3M-cl1FRStuPjg
1709,3170,16/04/2025,10:08:00 AM,142,142028,BTG_terr,2,,3,K2hIcmg3KEFQWjVpRjMwN0xkMGg
1703,3170,16/04/2025,9:58:00 AM,142,142031,BTG_terr,2,,3,WTNYYmg7JTVlaGZpNE9BeSZtVGQ
1696,3170,16/04/2025,9:12:00 AM,142,142038,BTG_terr,6,,3,K0ViWzw0dlhCSFNpUlsjXWZkNyM
1700,3170,16/04/2025,9:25:00 AM,142,142039,BTG_terr,4,,3,V1NkTiNUJlo-cllzSkE1cG5vUjk
1698,3170,16/04/2025,9:16:00 AM,142,142040,BTG_non_terr,2,,3,VmlPdFNFTk1xSmJad3Y3Y2klUTM
1697,3170,16/04/2025,9:16:00 AM,142,142040,BTG_terr,4,,3,VUslR112MnQyVjlPd2VabGtvVUs
1699,3170,16/04/2025,9:23:00 AM,142,142041,BTG_terr,2,,3,R2x4elNnc1VZbWYtcypEQ0swUS0
1762,3170,31/03/2025,11:47:00 AM,143,143004,BTG_non_terr,60,mogelijk ook Islandica,1,VExJT1kwZFo1NDRmKihZWT5wRWg
1763,3170,31/03/2025,11:49:00 AM,143,143005,BTG_non_terr,20,,1,JUNSXUVMJmk2dUthN2h5RUM1T1E
1769,3170,31/03/2025,12:08:00 PM,143,143015,BTG_non_terr,1,,1,U20qPig5QjhKXUJBa2lVYz5CKlQ
1766,3170,31/03/2025,11:58:00 AM,143,143021,BTG_non_terr,12,,1,TzFpTHY5PmxdOik0KjZrcHYpUjA
1838,3170,07/04/2025,10:32:00 AM,143,143003,BTG_non_terr,7,,2,RTZOMzAqOVZ6MnA-cUIma0A4Kks
1839,3170,07/04/2025,10:39:00 AM,143,143003,BTG_terr,6,,2,UDc2eEY8WFNMKkFWTVFxTkVAVw
1837,3170,07/04/2025,10:26:00 AM,143,143004,BTG_non_terr,10,,2,I051eUZIUDRyeUxVU0ZGMzRwdk4
1836,3170,07/04/2025,10:18:00 AM,143,143005,BTG_non_terr,4,,2,VEBzcE0pLTxNSXNZIyU-JmdyZzE
1835,3170,07/04/2025,10:18:00 AM,143,143005,BTG_terr,2,,2,VjRUI2JyJlIrQElxKmlVcyp0OHM
1833,3170,07/04/2025,10:10:00 AM,143,143007,BTG_non_terr,1,,2,UXdNPE8oKUpQVTQxYmNjcmRXOkY
1830,3170,07/04/2025,10:00:00 AM,143,143011,BTG_non_terr,2,,2,WTJYc2Q3T3JubjxtdnA2ZXhycDQ
1828,3170,07/04/2025,9:48:00 AM,143,143017,BTG_non_terr,1,,2,VVsqayMydiMqJlRSa2Y6MHRDOzY
1827,3170,07/04/2025,9:47:00 AM,143,143018,BTG_terr,5,,2,KEFvNXdmYS1YMHJZQyEoeU5PQ3A
1829,3170,07/04/2025,9:56:00 AM,143,143019,BTG_non_terr,1,,2,QGgjO1RpR3k-MSMpPnFaaUtTWS0
1825,3170,07/04/2025,9:42:00 AM,143,143021,BTG_terr,0,,2,JmUzU2dZWjomVWhUQW06W3lsZnc
1674,3170,14/04/2025,9:15:00 AM,143,143000,BTG_terr,3,,3,KE5XMVd4MXojQzFNOXVTOlhEZi0
1673,3170,14/04/2025,9:09:00 AM,143,143002,BTG_terr,4,,3,JkA-UG81Wyk2UGQ-djohRlJqeVY
1675,3170,14/04/2025,9:16:00 AM,143,143003,BTG_non_terr,1,,3,VzVEWUFwYlJHcip4WGJIeSpiV08
1676,3170,14/04/2025,9:25:00 AM,143,143005,BTG_terr,4,,3,KjVhLTZQIyZOIWhPKWIzJmtMZXg
1679,3170,14/04/2025,10:02:00 AM,143,143007,BTG_terr,0,,3,TGw7bCs2THUwVjYtQS1DbEclYmw
1678,3170,14/04/2025,10:02:00 AM,143,143017,BTG_terr,2,,3,KWNXTERUKnd2Y2VOQ2hLJipkUmM
1685,3170,14/04/2025,10:28:00 AM,143,143018,BTG_terr,2,,3,JWw7aE1PWz4lbTQ2VT5nUUl0N2g
1684,3170,14/04/2025,10:24:00 AM,143,143021,BTG_non_terr,4,,3,KnlyNDJ0enZbc2shTVpCPnNKaGw
1813,1366,04/04/2025,10:19:00 AM,144,144018,BTG_terr,2,,1,T2Vqa3hKO0h1S01ZJlo2MVowKU0
1815,1366,04/04/2025,10:23:00 AM,144,144019,BTG_non_terr,1,,1,XTFFcE1kT2ZZYWlRQUNpeU00Rg
1809,1366,04/04/2025,10:12:00 AM,144,144023,BTG_non_terr,3,,1,RFooKld4Rk9rKlcjSGdEVlFYLTc
1810,1366,04/04/2025,10:14:00 AM,144,144025,BTG_terr,4,,1,Tk0rSzBxM3A6NnVDIzxXTEl2QVk
1812,1366,04/04/2025,10:17:00 AM,144,144026,BTG_terr,10,,1,WTVSTmtsWjBzPCNNa3lTQmdkWVg
1811,1366,04/04/2025,10:14:00 AM,144,144027,BTG_terr,4,,1,TEJkW2Q4YXdsZUc0QHUhRUwoUFQ
1808,1366,04/04/2025,9:59:00 AM,144,144033,BTG_non_terr,2,,1,SCM5W3YxU21La0M5Mk5hViphODs
1798,1366,04/04/2025,8:42:00 AM,144,144036,BTG_terr,23,,1,PkNISyM3UVhqY2FDO1IoN085Um4
1800,1366,04/04/2025,8:50:00 AM,144,144037,BTG_non_terr,3,,1,VUYhVUBxNnd4cVBiV1I-VUFPZmk
1799,1366,04/04/2025,8:49:00 AM,144,144037,BTG_terr,4,,1,UHY2XSEhTWJrOmF3JUtrbG9JbTo
1801,1366,04/04/2025,8:52:00 AM,144,144038,BTG_non_terr,1,,1,TkxhOW9jKUVIQVNwKHZjVExQSSY
1802,1366,04/04/2025,8:53:00 AM,144,144039,BTG_non_terr,1,,1,VygxUlAwVUlEdk9hJSV0a3JVSzY
1653,1366,11/04/2025,9:36:00 AM,144,144016,BTG_non_terr,5,,2,U3l1UmlvZzBzO3ltaTdPVmxUQ0s
1650,1366,11/04/2025,9:18:00 AM,144,144017,BTG_non_terr,2,,2,UWtNY3FdODdQU0E3eTRjZVdbKXY
1651,1366,11/04/2025,9:20:00 AM,144,144019,BTG_terr,1,,2,WCNRO0ZAUCFMaUh1KDFQdUdCO08
1646,1366,11/04/2025,9:11:00 AM,144,144025,BTG_non_terr,3,,2,Pld1eSsrbXYxIWlwOXhPYVhGdjc
1645,1366,11/04/2025,9:11:00 AM,144,144026,BTG_terr,13,,2,RlQqPjB0NitJNjZONnRXITxiKCo
1647,1366,11/04/2025,9:12:00 AM,144,144027,BTG_terr,7,,2,PFdVVVtJaW1DIypDWzA8LWNXd08
1649,1366,11/04/2025,9:14:00 AM,144,144028,BTG_terr,1,,2,KnJEZkdvclspPFNjZTxnQGNsVUI
1648,1366,11/04/2025,9:13:00 AM,144,144029,BTG_terr,1,,2,VipqVmtwKTJZcWdTYnc6Y1V3RD4
1652,1366,11/04/2025,9:36:00 AM,144,144036,BTG_terr,27,,2,SUwqWlpdU2I0V2lSNipKTVllVVQ
1654,1366,11/04/2025,9:49:00 AM,144,144037,BTG_terr,3,,2,UGZ1SkdjV0p3TmUwQ0NEWjYpbVY
1644,1366,11/04/2025,9:06:00 AM,144,145025,BTG_terr,5,,2,SlhXN0FHQG1CWEgjKDliQmRJJg
1727,1366,18/04/2025,8:55:00 AM,144,144018,BTG_terr,4,,3,TVRGd1ElSyotdFh4MllsRTw6TjA
1728,1366,18/04/2025,8:58:00 AM,144,144019,BTG_terr,1,,3,T2YqTDZXXWhwTFlqR2k3RU5heik
1721,1366,18/04/2025,8:49:00 AM,144,144025,BTG_terr,7,,3,WDwxeTtTKnF5UU1sUFFSdVhdQF0
1723,1366,18/04/2025,8:51:00 AM,144,144026,BTG_terr,15,,3,RW1sN2lDYlYycjMqITpsK1M2Qig
1724,1366,18/04/2025,8:52:00 AM,144,144027,BTG_terr,4,,3,SUh6czs1d0JKK1I5cDJaQjYqN0Y
1726,1366,18/04/2025,8:54:00 AM,144,144028,BTG_non_terr,1,,3,SExWXVU3KlFuSjJAQ1pPKTFQZio
1725,1366,18/04/2025,8:52:00 AM,144,144029,BTG_terr,2,,3,R2tTckRLQUxBWC1qIXc4eGpKUyo
1732,1366,18/04/2025,9:14:00 AM,144,144036,BTG_terr,19,,3,IXZEeT4rQCglT1huOUVWUEZ4M1M
1733,1366,18/04/2025,9:17:00 AM,144,144037,BTG_terr,6,,3,TyphI1pzWWNjTHJiczhbb0EzKlc
1772,3170,02/04/2025,8:01:00 AM,145,145002,BTG_non_terr,30,,1,UG4qTGw0YjpDeVdCXTcqWk9QOTo
1771,3170,02/04/2025,8:01:00 AM,145,145002,BTG_terr,4,,1,U0sqcW5KdUtUOWgldkdlWSlQTDE
1773,3170,02/04/2025,8:01:00 AM,145,145010,BTG_terr,2,,1,UW45dkJ3UzlScHBFd2Z6IS0yeG0
1770,3170,02/04/2025,8:00:00 AM,145,145026,BTG_terr,2,,1,WSY-JmwqbFNlPEFOWVViXUppWE0
1776,3170,02/04/2025,8:22:00 AM,145,145036,BTG_terr,0,,1,KkVlIzVCZ1kpW0lHOHBPVj5PMWk
1782,3170,02/04/2025,9:18:00 AM,145,145053,BTG_non_terr,4,,1,TTQqUzdSSSpvaUBMM2IlVnpSZnE
1783,3170,02/04/2025,9:38:00 AM,145,145057,BTG_non_terr,12,,1,KjFrdEhBR2tbNXcoLXdOKmUtQ0w
1777,3170,02/04/2025,8:46:00 AM,145,145084,BTG_non_terr,0,,1,RzFQTD5DTmxwZDJ0QmwlVGQ2OlQ
1778,3170,02/04/2025,8:51:00 AM,145,145095,BTG_non_terr,1,,1,KUYjSlA3YyowO1FFTCVAZUFbckU
1872,3170,09/04/2025,9:27:00 AM,145,145000,BTG_non_terr,24,,2,UCF6aSZlNVRpNEtzMTpEbVs0ME0
1870,3170,09/04/2025,8:57:00 AM,145,145000,BTG_terr,28,6,2,UWhSKzRUdCEoK21ZO2hYMFV3M3o
1871,3170,09/04/2025,9:00:00 AM,145,145025,BTG_non_terr,1,,2,S2pwZ2p1VVVheSk8d1VXU3VuN24
1869,3170,09/04/2025,8:49:00 AM,145,145026,BTG_non_terr,24,,2,W2wqSHUya0NqUy0oZzFvJUpzdms
1874,3170,09/04/2025,9:50:00 AM,145,145083,BTG_terr,0,,2,SGxnTU5jZG9oTCozcGtTSHMqR3g
1875,3170,09/04/2025,9:50:00 AM,145,145086,BTG_terr,0,,2,PENreHV2eEhYdWE7NUJSNj5IT1E
1873,3170,09/04/2025,9:37:00 AM,145,145093,BTG_non_terr,4,,2,JnolWFA7U1BKeGIwW3F0UEdYVSo
1884,1366,18/04/2025,9:56:00 AM,145,145016,BTG_terr,11,,3,VUJOSCZKWEM8QlcrRUE4Ung1VmY
1881,1366,18/04/2025,9:32:00 AM,145,145018,BTG_terr,5,,3,KlRhcitoQzIqMFczTXdBOWpzc0A
1880,1366,18/04/2025,9:24:00 AM,145,145020,BTG_terr,6,,3,R3Q7cGY3cmNFZ3l2XSV0RVpdbHY
1882,1366,18/04/2025,9:34:00 AM,145,145021,BTG_terr,5,,3,VDYrZE1KRShdWW9PZUNtOXQybl0
1718,3170,17/04/2025,9:16:00 AM,145,145044,BTG_terr,4,,3,QDNsZjw-Yzs6T0BqQENHemhzQ0Y
1805,1366,04/04/2025,9:17:00 AM,146,146006,BTG_non_terr,2,,1,Kjpxc281OWRScmUyN1lta3lVYTE
1806,1366,04/04/2025,9:25:00 AM,146,146015,BTG_non_terr,4,,1,USZbYncqOT51NytbS3hJWypIVTU
1807,1366,04/04/2025,9:29:00 AM,146,146016,BTG_terr,2,,1,XXQ5I0NbJjplN3I3SE5BT00pdU0
1803,1366,04/04/2025,8:58:00 AM,146,146017,BTG_non_terr,2,,1,WCpuK1JqOG5ZUTMzdygqN1U1PiU
1804,1366,04/04/2025,9:11:00 AM,146,146022,BTG_non_terr,13,,1,RkpMbDs7W1YqREtmWTJTQGNrKWc
1661,1366,11/04/2025,10:19:00 AM,146,146004,BTG_terr,0,,2,UXE5a29QS0slUkYyIzwqNSZJU3Q
1662,1366,11/04/2025,10:23:00 AM,146,146016,BTG_terr,7,,2,T0UtPDxZZUhybyVvKyNoMCVBRE8
1656,1366,11/04/2025,9:55:00 AM,146,146020,BTG_non_terr,16,waarschijnlijk ijslanders,2,VzRSeWlGLTZQZ05IWUZTNFtnIVs
1658,1366,11/04/2025,10:01:00 AM,146,146021,BTG_non_terr,5,,2,Jk1EYW1lKi1CIU8-YXZTVk9XITs
,1366,18/04/2025,,146,146000,BTG_terr,0,"EV: nullcount added, observer forgot all nullcounts",3,
5344,2627,04/04/2025,11:44:00 AM,149,149005,BTG_terr,3,,1,WWYlajV0KXA6cF1DZ0gyblRPOio
5318,2627,04/04/2025,12:06:00 PM,149,149016,BTG_terr,4,,1,TDlXYmVEXSg8JURtZ2MzaWdzZ1U
5335,2627,04/04/2025,9:58:00 AM,149,149037,BTG_terr,2,,1,IXJlTFlwenZacmdKU1FqKlBRaSk
5350,2627,04/04/2025,10:40:00 AM,149,149046,BTG_terr,2,,1,K1ldRztaSTZ6WiNDTE1tYmI3USk
5337,2627,04/04/2025,10:13:00 AM,149,149051,BTG_terr,4,,1,I1lYRlEoYUhaWDk5WSpCMV1kb0w
5348,2627,04/04/2025,10:31:00 AM,149,149056,BTG_terr,3,,1,QDc7cEIrcCYpd3gqaHRTIzhjZFo
5319,2627,04/04/2025,11:02:00 AM,149,149058,BTG_terr,2,,1,U1khI0JaV0doRmNOQVBlVEZ4Yyg
5488,2627,10/04/2025,11:49:00 AM,149,149016,BTG_terr,1,,2,SUE-bmVTNjdTaEYoMzNpeU5hZEw
5466,2627,10/04/2025,11:24:00 AM,149,149052,BTG_terr,1,,2,UCtISXlaaVoqUTxPQGwlTF1SWig
5489,2627,10/04/2025,11:32:00 AM,149,149058,BTG_terr,3,,2,TGoqNU1SWkNKbTwtRExQR3ZuVmk
5517,2627,15/04/2025,9:12:00 AM,149,149016,BTG_terr,1,,3,RnNrOVNvSFthdV1aKihvVkc5VFk
5533,2627,15/04/2025,8:45:00 AM,149,149018,BTG_terr,1,,3,T2pdVXRiZFNqRiYja3YhPlQzMVA
5521,2627,15/04/2025,7:38:00 AM,149,149025,BTG_terr,2,,3,KklXI2xdZi1FJkpzS2VpNU15MmY
5526,2627,15/04/2025,8:05:00 AM,149,149057,BTG_terr,6,,3,VEx0VlliaXomZm1aanh4RTxYW10
5516,2627,15/04/2025,8:05:00 AM,149,149058,BTG_terr,6,,3,RktxeUc3PDtHdWFNRkZKdHNndWE
5384,2627,05/04/2025,11:22:00 AM,154,154030,BTG_terr,2,,1,QDpXJThWdGJmT2xYRE87TWZFN00
5439,2627,08/04/2025,10:30:00 AM,154,154004,BTG_terr,1,,2,TVc8b2tQd1R3bSg4MTI-JjNkR0c
5430,2627,08/04/2025,10:28:00 AM,154,154012,BTG_terr,2,"EV: 154012 entered twice, unsure if wrong MeadowID used or double.",2,VitkdmNoMUJRc3koTDAtTUVhcm0
5436,2627,08/04/2025,9:23:00 AM,154,154030,BTG_terr,1,,2,T0MyU0JTTngwQ2kwRDBzVStQVUo
5551,2627,14/04/2025,9:06:00 AM,154,154005,BTG_terr,3,,3,UnMxKiozRlZwUUJMMnYrNjZSRzY
5540,2627,14/04/2025,9:05:00 AM,154,154011,BTG_terr,1,,3,TmhGWnBaSXlsKXI6SDdDTCpzaSY
5536,2627,14/04/2025,11:24:00 AM,154,154032,BTG_terr,4,,3,UnBaOTtRNVlYWVQ2WzlqSm5BPCs
5353,2627,05/04/2025,9:46:00 AM,155,155001,BTG_terr,2,,1,TGo7OmViZkJaWykxeE5OKktAYj4
5383,2627,05/04/2025,9:56:00 AM,155,155002,BTG_terr,2,,1,UShGak08VUlkeXFBMT4mKGs7Vmc
5392,2627,05/04/2025,9:44:00 AM,155,155005,BTG_terr,2,,1,JXFTZypkSjI0eHRyPGcxMXRBOE0
5352,2627,05/04/2025,10:10:00 AM,155,155012,BTG_terr,2,,1,IzNFI0hxZ2RndV1MUyg2amRZb0o
5365,2627,05/04/2025,10:19:00 AM,155,155036,BTG_terr,7,,1,VVFKJVotcWh4I3YqQWx0JWRZZWE
5389,2627,05/04/2025,10:31:00 AM,155,155037,BTG_terr,9,,1,RnIyUEE2RDM0Wmp6WGwhJXpTQkE
5387,2627,05/04/2025,10:26:00 AM,155,155038,BTG_terr,2,,1,SGNyZEcwcEQ0Yz4tQGZ1dGsodUw
5372,2627,05/04/2025,10:37:00 AM,155,155042,BTG_terr,2,,1,THVjRWhHSVQ1YV0odHlOIz5sa2Q
5427,2627,08/04/2025,10:12:00 AM,155,155002,BTG_terr,3,,2,K01HU1FdTWc0NVtoKnB2Zildbis
5424,2627,08/04/2025,10:06:00 AM,155,155005,BTG_terr,1,,2,WzkzJi1lZlpldURKd1ZYRGtIeVM
5435,2627,08/04/2025,10:09:00 AM,155,155013,BTG_terr,1,,2,V2U-aXpoU1ZSYSZJR04rZUVZeCM
5440,2627,08/04/2025,10:00:00 AM,155,155016,BTG_terr,1,,2,SFR6O1pBMy1SZUVWR2dlNVE3RnQ
5421,2627,08/04/2025,9:31:00 AM,155,155021,BTG_terr,4,,2,QE8wZzpOYmJqKVdiTERLUUVAVyE
5428,2627,08/04/2025,10:45:00 AM,155,155030,BTG_terr,1,,2,PFc7MlRBZmVAO25FJiEjJnF5TEs
5419,2627,08/04/2025,10:43:00 AM,155,155032,BTG_terr,1,,2,SCZkdipoQm8wSVQ8RXlHMypKITE
5443,2627,08/04/2025,10:45:00 AM,155,155036,BTG_terr,4,"EV: 155036 entered twice, unsure if wrong MeadowID used or double.",2,VW8tdy1zb29EQCZreXdNWTNidnM
5420,2627,08/04/2025,10:49:00 AM,155,155037,BTG_terr,2,,2,WGFwYypSI0dFa2FIYmNiWU5iXVc
5426,2627,08/04/2025,10:51:00 AM,155,155038,BTG_terr,4,,2,SjE3OlY2TkdraUFKTjghZDJ0U0s
5544,2627,14/04/2025,10:44:00 AM,155,155011,BTG_terr,2,,3,Jm5VajQtYiZEQENSVV1UZWdSW0I
5550,2627,14/04/2025,10:31:00 AM,155,155012,BTG_terr,2,,3,JnlmLWg2cVpXLUIwYlR5XWpDckQ
5542,2627,14/04/2025,10:31:00 AM,155,155013,BTG_terr,2,,3,UUopbTI6NmdVQV1aRzZpIyE0dCs
5549,2627,14/04/2025,10:37:00 AM,155,155022,BTG_terr,2,,3,U0pQV0lwKXMtTlFSdTlyMiU7di0
5537,2627,14/04/2025,10:37:00 AM,155,155023,BTG_terr,2,oude grutto 19jr,3,PFpmO3BUSElTKysxbDxdU3dLZ1E
5547,2627,14/04/2025,10:21:00 AM,155,155026,BTG_terr,2,,3,WWZYbyM3dTlmR1tiK2FPNm4mLWU
5553,2627,14/04/2025,9:24:00 AM,155,155036,BTG_terr,8,,3,KmVDPjIoN110eDhqbFpMPEVWKkA
5543,2627,14/04/2025,9:43:00 AM,155,155037,BTG_terr,8,,3,VSZsZDpWWEkwNE12W041RyNRNEo
5545,2627,14/04/2025,9:50:00 AM,155,155038,BTG_terr,2,,3,UmQxQFhUN3ZRdzlqLVNhY2VPWnk
5358,2627,05/04/2025,8:29:00 AM,156,156004,BTG_terr,2,,1,VStrZmQmUEJVQktyS1orblM7XVY
5377,2627,05/04/2025,8:29:00 AM,156,156006,BTG_terr,7,,1,W0wmOUBLLVhIPD5bI1U8QXV0STA
5374,2627,05/04/2025,8:35:00 AM,156,156007,BTG_terr,3,,1,K1p1OzEqaDRybEFZbXN0NGpDPnI
5360,2627,05/04/2025,8:39:00 AM,156,156008,BTG_terr,2,,1,QysydkZKWDtFO05mTWY4Q01aN0I
5375,2627,05/04/2025,9:05:00 AM,156,156010,BTG_terr,2,,1,VnNKNCtoQjJoVXhQRDtYWzooYSE
5356,2627,05/04/2025,8:38:00 AM,156,156011,BTG_terr,2,,1,RVEtTDdFd1F6MHVWZXUlQnJQRyM
5404,2627,09/04/2025,10:38:00 AM,156,156005,BTG_terr,1,,2,VHRYR0ZnbWlKRXJvZDJxOE5rYTY
5409,2627,09/04/2025,10:38:00 AM,156,156006,BTG_terr,3,,2,WzBBWWVHW1ZydHpnYlZwdCEoV2U
5414,2627,09/04/2025,10:37:00 AM,156,156007,BTG_terr,2,,2,LUBQQng0M2V1d2xBSyk3OlFUM24
5406,2627,09/04/2025,10:44:00 AM,156,156008,BTG_terr,2,,2,TnNBQHYzSmgzW1ImOzJCaEJWM1Q
5395,2627,09/04/2025,10:44:00 AM,156,156009,BTG_terr,3,,2,W2stKkEqY2RmY3hzVFktOFM7Tls
5502,2627,16/04/2025,11:28:00 AM,156,156005,BTG_terr,1,,3,KF1EO2g-PFd6WS1hLS14XSp6PjM
5500,2627,16/04/2025,10:52:00 AM,156,156006,BTG_terr,7,,3,W2R3PmpMNEtwPDRBNXFyaHBGeHo
5504,2627,16/04/2025,10:56:00 AM,156,156007,BTG_terr,6,,3,WCYqNitzcDtkdnhtWFYrMWVUZ3A
5503,2627,16/04/2025,11:05:00 AM,156,156008,BTG_terr,1,,3,IW82KnNlQUduJWs3U1dFT2xtc1k
5510,2627,16/04/2025,10:52:00 AM,156,156009,BTG_terr,1,,3,TWRnaFAtZTA7MjRsKjNGc29bJng
5505,2627,16/04/2025,11:34:00 AM,156,156010,BTG_terr,5,,3,VXVpI3UxZjdNQ2JOeCUwK3QtMWs
5507,2627,16/04/2025,10:57:00 AM,156,156011,BTG_terr,2,,3,RXl4Wi1ON1N3M2VwVHB3TEBJLW0
,2568,30/03/2025,10:07:00 AM,157,157000,BTG_terr,0,"EV: nullcount added, predatorcount was done on this date and time",1,
1398,2568,09/04/2025,9:44:00 AM,157,157009,BTG_terr,2,,2,
1397,2568,09/04/2025,9:44:00 AM,157,157015,BTG_terr,4,,2,
1298,2568,15/04/2025,9:16:00 AM,157,157013,BTG_terr,4,,3,
1299,2568,15/04/2025,9:15:00 AM,157,157015,BTG_terr,5,,3,
1300,2568,15/04/2025,9:14:00 AM,157,157016,BTG_terr,4,,3,
1301,2568,15/04/2025,9:13:00 AM,157,157024,BTG_terr,2,,3,
1747,3170,31/03/2025,9:12:00 AM,158,158001,BTG_terr,0,,1,Uz5Yemp6SHFmPjdNVyFkKWZTI0s
1737,3170,31/03/2025,8:59:00 AM,158,158005,BTG_terr,0,,1,SSVxWzNhWzh5ekwrcClncnRoKGI
1738,3170,31/03/2025,9:02:00 AM,158,158013,BTG_terr,5,,1,SyYmKjlxKTBXWjd2cWlrSCY3Yz4
1741,3170,31/03/2025,9:03:00 AM,158,158014,BTG_non_terr,4,,1,JSVjUyVPNXgpI3E7W0codHRObXo
1742,3170,31/03/2025,9:03:00 AM,158,158020,BTG_terr,2,,1,JVF1UmtXWDVKPnlXKVd2Ti1pOjM
1743,3170,31/03/2025,9:03:00 AM,158,158021,BTG_terr,8,,1,Ul0pPEtBN2FaaEBFQzFuWk8yblA
1745,3170,31/03/2025,9:08:00 AM,158,158023,BTG_non_terr,2,,1,VkZ1bGxRbUZOQjI3c0lbbkB3dnQ
1816,3170,07/04/2025,8:51:00 AM,158,158004,BTG_terr,0,,2,SU9iVnZTci1SOEdNM2JWIT53cWs
1818,3170,07/04/2025,8:56:00 AM,158,158005,BTG_non_terr,3,,2,PGNbPjJvITBrSyVCd0Noc3l0Nio
1817,3170,07/04/2025,8:52:00 AM,158,158009,BTG_terr,6,,2,Q1RQYXh0ai0rWU0rPEVTZFZT
1820,3170,07/04/2025,8:57:00 AM,158,158014,BTG_terr,2,,2,KlA2eDZ3S3M8Ql0wZWo6RmU7PlY
1823,3170,07/04/2025,9:10:00 AM,158,158020,BTG_non_terr,1,,2,S1BNcUFTK3RSYW9TUzshMlE3VUc
1824,3170,07/04/2025,9:12:00 AM,158,158021,BTG_terr,9,,2,TTdAOTVObG86Jm4oIXNuMWVlbDI
1665,3170,14/04/2025,8:17:00 AM,158,158005,BTG_terr,2,,3,UXI2VDFPc2p0NigqNGtObldzc2E
1668,3170,14/04/2025,8:23:00 AM,158,158013,BTG_non_terr,5,,3,VTJrcVJYeVszVCVQSkEmMShrXWs
1667,3170,14/04/2025,8:23:00 AM,158,158013,BTG_terr,8,,3,SSY0OjpWOER0eVU8Ykg7O0lBJmM
1670,3170,14/04/2025,8:46:00 AM,158,158020,BTG_terr,2,,3,KytQRCl2Z3BSPnl4LU9EQDBPUCs
1671,3170,14/04/2025,8:51:00 AM,158,158021,BTG_terr,8,,3,JktjUHBRayFLZ3FmSipQU2kpI3Q
1672,3170,14/04/2025,8:59:00 AM,158,158023,BTG_terr,1,,3,I0owa0dTS05DbiVzUiU2ZXZ0aVk
,2568,30/03/2025,9:54:00 AM,159,159000,BTG_terr,0,"EV: nullcount added, predatorcount was done on this date and time and observer forgot all nullcounts.",1,
1392,2568,09/04/2025,10:23:00 AM,159,159004,BTG_terr,2,,2,
1336,2568,14/04/2025,10:13:00 AM,159,159009,BTG_non_terr,1,,3,
1337,2568,14/04/2025,10:08:00 AM,159,159010,BTG_terr,2,,3,
,2568,30/03/2025,10:33:00 AM,160,160000,BTG_terr,0,"EV: nullcount added, predatorcount was done on this date and time and observer forgot all nullcounts.",1,
1384,2568,09/04/2025,11:09:00 AM,160,160016,BTG_non_terr,1,,2,
1383,2568,09/04/2025,11:14:00 AM,160,160018,BTG_non_terr,1,,2,
,2568,15/04/2025,10:08:00 AM,160,160000,BTG_terr,0,"EV: nullcount added, predatorcount was done on this date and time and observer forgot all nullcounts.",3,
5105,6,01/04/2025,10:26:00 AM,162,162005,BTG_non_terr,12,,1,RlM3KU04I0BCZ3kpdTF1VE5UKkI
5104,6,01/04/2025,10:25:00 AM,162,162006,BTG_terr,2,,1,Wzt0IztYaUxGN1FFPHFyWVJOREY
5103,6,01/04/2025,10:23:00 AM,162,162007,BTG_non_terr,2,,1,SVNdVUNZQkArSDxHd0MqVXREKU4
5107,6,01/04/2025,10:43:00 AM,162,162012,BTG_terr,2,,1,JXFkPlNmMnJBKzMxbStpK1RdZjk
5106,6,01/04/2025,10:38:00 AM,162,162017,BTG_non_terr,38,with curlew,1,PF1SUTo0QWZPSVFlUzM7PDk4R2k
5110,6,01/04/2025,11:08:00 AM,162,162028,BTG_terr,8,,1,VEoqbWhqJikySjJWYWxOaCFmcyU
5112,6,01/04/2025,11:32:00 AM,162,162030,BTG_terr,4,,1,XTo1RXBZKW8oW05tOXgtOT5FZGQ
5113,6,01/04/2025,11:35:00 AM,162,162031,BTG_terr,1,,1,WEEhNGFMSGk6MThXZktpU0c8Tk0
5114,6,01/04/2025,11:39:00 AM,162,162034,BTG_terr,3,,1,VDhQN0RiNEVNcVojNmpCZjQmKkE
5116,6,01/04/2025,11:50:00 AM,162,162037,BTG_terr,1,,1,LSomdzBYVmEhUTYqeGIpK110Z1s
5201,6,08/04/2025,8:26:00 AM,162,162005,BTG_non_terr,15,,2,JkV3LTpAd0lvb0oyTDBMKl15b2k
5200,6,08/04/2025,8:28:00 AM,162,162005,BTG_terr,3,,2,Kz5MWmVUdkU2VHAtKlhySmFjWU4
5202,6,08/04/2025,8:25:00 AM,162,162006,BTG_non_terr,24,,2,W204WWtXSm5WbzNPVkRsYWxySm8
5197,6,08/04/2025,9:03:00 AM,162,162028,BTG_terr,2,,2,VXM7WG1lMCg-KildZ3BiS3c3S2I
5194,6,08/04/2025,9:31:00 AM,162,162034,BTG_terr,8,,2,QEltPGFQeXRjZ2xkPiMxeU0mY1Y
5191,6,08/04/2025,10:03:00 AM,162,162035,BTG_non_terr,6,,2,SCFaMTszSiZQRCpUKHA5UyVyQE8
5196,6,08/04/2025,9:04:00 AM,162,162035,BTG_terr,4,,2,RnZiPGVUWWIrdUdIeG47M0BrcTg
5193,6,08/04/2025,9:45:00 AM,162,162037,BTG_terr,1,,2,S0RwKTJ6TTQ6KmRkV2Y4MFpmQzM
5247,6,15/04/2025,8:50:00 AM,162,162004,BTG_terr,2,,3,VUs8byFbd3BQIUFnQ3UjbWhReXk
5249,6,15/04/2025,8:49:00 AM,162,162006,BTG_non_terr,3,,3,SUZDZStOXUJyciojKUlxZVRQRjU
5263,6,15/04/2025,9:35:00 AM,162,162030,BTG_terr,3,,3,TyopS0lpPGlPQD5rJSpuZloqQEQ
5241,6,15/04/2025,9:29:00 AM,162,162031,BTG_terr,4,,3,WEVVcFlpMDZDb1tEUXBteSp5VVU
5242,6,15/04/2025,9:29:00 AM,162,162032,BTG_terr,4,,3,VHNXUjhRVihpclFtR1E5ZjpMSVc
5240,6,15/04/2025,9:35:00 AM,162,162033,BTG_terr,4,,3,UHAqQWk3SThHb1srSG43VFBTeE4
5239,6,15/04/2025,9:39:00 AM,162,162034,BTG_terr,5,,3,UCotOkUtc0h2ZktTQj51VkQ1KCo
5236,6,15/04/2025,9:56:00 AM,162,162035,BTG_terr,6,,3,WUclb0w8OltRcFpEcEBhYlQ8aVM
1507,3036,31/03/2025,10:27:00 AM,163,163007,BTG_non_terr,5,,1,IVljU1ZaJiVrcEApKzxDd0M5NUY
1502,3036,31/03/2025,10:04:00 AM,163,163041,BTG_non_terr,2,,1,WG5jMTF2VDhISDxHM2VEdVVhJkM
1504,3036,31/03/2025,10:08:00 AM,163,163044,BTG_non_terr,2,,1,S2ZpSnpnPkI1W0oyN0VFXT4yZmk
1512,3036,31/03/2025,11:48:00 AM,163,163070,BTG_terr,2,,1,SkNpdS1EeXlGQDQzOW5vUDllLVQ
1513,3036,31/03/2025,11:55:00 AM,163,163071,BTG_terr,3,,1,RnNNNXldNExjTjFINS0la1ZzSWo
1510,3036,31/03/2025,11:33:00 AM,163,163087,BTG_terr,2,,1,SUhZQipHRTsrOkkybEJIb0NnPEU
1509,3036,31/03/2025,11:04:00 AM,163,163107,BTG_terr,2,,1,TTw6ZE1WWEBVU3MpbmxXOHlWJk8
1561,3036,08/04/2025,10:00:00 AM,163,163043,BTG_terr,4,,2,KFBDWFdwciVyZmJZNndnbUFsZnc
1568,3036,08/04/2025,10:42:00 AM,163,163057,BTG_terr,2,,2,Rio1VTloYWd0UkN3QmYqb1dzS0s
1556,3036,08/04/2025,9:47:00 AM,163,163072,BTG_terr,2,,2,KnI3T0k4ZVdQZVQ0bUMjRFcjOHI
1555,3036,08/04/2025,9:38:00 AM,163,163075,BTG_terr,5,,2,TEo3aWFHbGsqeWhFXUddKlc4cTA
1569,3036,08/04/2025,11:01:00 AM,163,163104,BTG_terr,5,,2,VDhdcklPcTJdWkYrRmMjKTgrKCU
1605,3036,14/04/2025,9:11:00 AM,163,163002,BTG_terr,2,,3,TC1sRWI6ZXVkQHZqMDpNcCM8bio
1601,3036,14/04/2025,8:56:00 AM,163,163042,BTG_terr,2,,3,UTsraGRAMmlpQ3J4elpDT2dwKyo
1610,3036,14/04/2025,9:34:00 AM,163,163056,BTG_terr,4,,3,K2RoMmtyWUhOamdCKFklYmlAbmc
1612,3036,14/04/2025,9:34:00 AM,163,163058,BTG_terr,2,,3,SSNlbFdnO2V5UW96aGRCU3AqdWQ
1615,3036,14/04/2025,9:52:00 AM,163,163070,BTG_terr,2,,3,WVlDXSY1NEpGdnZaMiM8QmZiKDw
1597,3036,14/04/2025,8:49:00 AM,163,163072,BTG_terr,2,,3,JTQ1MXA0Kk5yNzgwdmZDeDRRW2o
1613,3036,14/04/2025,9:47:00 AM,163,163087,BTG_terr,2,,3,KnRUejdIRjhOTnI8JnQ0Vz5XKW4
3,686,31/03/2025,11:07:00 AM,172,172005,BTG_terr,4,,1,
4,686,31/03/2025,11:07:00 AM,172,172010,BTG_terr,6,,1,
5,686,31/03/2025,11:07:00 AM,172,172013,BTG_terr,13,,1,
6,686,31/03/2025,11:07:00 AM,172,172016,BTG_terr,4,,1,
7,686,31/03/2025,11:06:00 AM,172,172017,BTG_terr,7,,1,
8,686,31/03/2025,11:08:00 AM,172,172021,BTG_terr,2,,1,
11,686,31/03/2025,11:06:00 AM,172,172025,BTG_terr,2,,1,
14,686,31/03/2025,11:32:00 AM,172,172033,BTG_non_terr,87,,1,
15,686,31/03/2025,11:26:00 AM,172,172039,BTG_terr,1,,1,
16,686,31/03/2025,11:26:00 AM,172,172050,BTG_terr,1,,1,
208,686,07/04/2025,9:45:00 AM,172,172005,BTG_terr,4,,2,TUlYWFRHUWFHIU5nVnM7cXRLJSU
209,686,07/04/2025,9:29:00 AM,172,172007,BTG_terr,2,,2,Tj5LQVpIQENSKmpsJjw0SXUmdGU
210,686,07/04/2025,9:29:00 AM,172,172008,BTG_terr,1,,2,UmFyWjB1amJ4T2wqRkh4OSpvays
211,686,07/04/2025,9:44:00 AM,172,172009,BTG_terr,4,,2,KncwVCs0QnRLUE5FcjYhWippU3Q
212,686,07/04/2025,9:45:00 AM,172,172010,BTG_terr,3,,2,SFR6Z0MqeChRIWtMOENtKmM2ZDU
213,686,07/04/2025,9:45:00 AM,172,172011,BTG_terr,3,,2,TkUzUVhubU9LPm9nV0J6N1E3bXE
214,686,07/04/2025,9:44:00 AM,172,172013,BTG_terr,7,,2,WnF5ZEp1bVMhWSpzJUZXdSZmb3Y
215,686,07/04/2025,9:25:00 AM,172,172015,BTG_terr,1,,2,RzlwczNtWCh1QDFSdHFNbW52O0E
216,686,07/04/2025,9:45:00 AM,172,172016,BTG_terr,4,,2,VUQpb3UtaS1STFdTcVBtS2lROng
217,686,07/04/2025,9:45:00 AM,172,172017,BTG_terr,2,,2,XSpzNC1EVDBNamI6PCFrTzp0eHo
218,686,07/04/2025,9:16:00 AM,172,172023,BTG_terr,1,,2,UkgoZnNCcElCQzJbQHZVR0JkZko
219,686,07/04/2025,9:26:00 AM,172,172024,BTG_terr,1,,2,K0JNdGR4RGZlb0xiT2VzcCl6Jk8
220,686,07/04/2025,9:24:00 AM,172,172028,BTG_terr,1,,2,VGpRO1o4MXlkRzdjKlpTUTZCNkA
221,686,07/04/2025,9:24:00 AM,172,172030,BTG_terr,1,,2,XSVqNzZSOjRXTlNdaXdOZERRKDc
222,686,07/04/2025,9:20:00 AM,172,172033,BTG_terr,3,,2,VU1qI2VnRSpCSXozOTUzJmNpKTw
224,686,07/04/2025,9:17:00 AM,172,172034,BTG_terr,4,,2,XWlJY0FNN2wybylDTiFGOldKWSk
225,686,07/04/2025,9:17:00 AM,172,172035,BTG_terr,2,,2,QFk1TSEhRCtSaDxRW21BOUJMPEE
226,686,07/04/2025,9:18:00 AM,172,172036,BTG_terr,1,,2,WHhWekVFKmhQKlNPaUpYPDB6SFI
227,686,07/04/2025,9:20:00 AM,172,172037,BTG_terr,2,,2,LXYqUjxRWTpyNkBtb3ZdKzEoKl0
228,686,07/04/2025,9:19:00 AM,172,172041,BTG_terr,1,,2,T3NVaVY5VkttN0Q3ZGFlckZFSlg
229,686,07/04/2025,9:19:00 AM,172,172042,BTG_terr,2,,2,WzwrUHJUZVlRR3IpY2FqKmNLTU0
231,686,07/04/2025,9:17:00 AM,172,172045,BTG_terr,2,,2,TnkleCkwTVlmeFJOKndHPnQ4Tjk
233,686,07/04/2025,9:32:00 AM,172,172052,BTG_terr,4,,2,LTM-SU1wMnI1b0I4ZCtPbGN1eF0
414,686,14/04/2025,10:00:00 AM,172,172002,BTG_terr,3,,3,UzdvOFYxaGM8OlJJdnJhQHApMmo
415,686,14/04/2025,9:59:00 AM,172,172005,BTG_terr,2,,3,TTElanIyQWlQaGZpZ2RBJnE0Izo
416,686,14/04/2025,9:59:00 AM,172,172007,BTG_terr,2,,3,RiVRQSZyUGl1UW5vXTNYcjNaW2Y
417,686,14/04/2025,10:00:00 AM,172,172010,BTG_terr,7,,3,U1UwYXEyOnR3SU1MVUIqPGRxKno
418,686,14/04/2025,9:59:00 AM,172,172011,BTG_terr,2,,3,WmF1bkEqcURlSCV1QmdrcFEwb0g
419,686,14/04/2025,10:00:00 AM,172,172013,BTG_terr,9,,3,WXk1Y3hMWDllWFhrUCV4VXd4UnA
421,686,14/04/2025,9:59:00 AM,172,172016,BTG_terr,4,,3,QGppQjRtV3kqOVFoRHZXOjZJKkg
423,686,14/04/2025,10:00:00 AM,172,172017,BTG_terr,3,,3,VTFiN0xaUmRaJVV6SUJBNCtMd1Y
425,686,14/04/2025,9:46:00 AM,172,172021,BTG_terr,2,,3,QHIhbDhmanNSSj4lTXlnZnlJYjY
426,686,14/04/2025,10:01:00 AM,172,172025,BTG_terr,1,,3,IU5YUDYyXS02WVgjaDJtOCZyPGo
428,686,14/04/2025,9:26:00 AM,172,172029,BTG_terr,3,,3,Kno-MU9Wa1BFY1VoNm91MUUobzY
429,686,14/04/2025,9:26:00 AM,172,172033,BTG_terr,3,,3,KkRjbWExVitxUW5lYVZNdzJnO3k
430,686,14/04/2025,9:12:00 AM,172,172034,BTG_terr,4,,3,QEY2SWc6NldxZ0hrN3lwQmpuWzs
431,686,14/04/2025,9:27:00 AM,172,172036,BTG_terr,1,,3,ST5maFQ8PDYxRCsxUVt6RSp3Zjg
432,686,14/04/2025,9:26:00 AM,172,172037,BTG_terr,1,,3,S3FIekZFRnZwVVBnNT5dVUddLTM
434,686,14/04/2025,9:27:00 AM,172,172042,BTG_terr,2,,3,IVcqSE5EdV1TYk4qPm0-XTRZcDk
435,686,14/04/2025,9:26:00 AM,172,172044,BTG_terr,2,,3,RE9jTEYmTjo2KCNORjNuW291USo
436,686,14/04/2025,9:18:00 AM,172,172045,BTG_terr,3,,3,TzBVK0pXTnljc2xoMT5XdSsoQVs
437,686,14/04/2025,9:59:00 AM,172,172052,BTG_terr,2,,3,RztuY2hSUSE8M1J4TnBXOHNyNU8
18,686,31/03/2025,9:48:00 AM,563,563001,BTG_non_terr,44,,1,
17,686,31/03/2025,9:46:00 AM,563,563001,BTG_terr,2,,1,
19,686,31/03/2025,9:25:00 AM,563,563005,BTG_terr,19,,1,
20,686,31/03/2025,9:27:00 AM,563,563006,BTG_terr,1,,1,
21,686,31/03/2025,9:24:00 AM,563,563007,BTG_terr,4,,1,
22,686,31/03/2025,9:43:00 AM,563,563010,BTG_terr,8,,1,
24,686,31/03/2025,9:31:00 AM,563,563019,BTG_terr,3,,1,
237,2915,07/04/2025,11:04:00 AM,563,563005,BTG_terr,19,,2,
238,2915,07/04/2025,11:06:00 AM,563,563007,BTG_terr,2,,2,
239,2915,07/04/2025,11:30:00 AM,563,563010,BTG_terr,2,,2,
240,2915,07/04/2025,11:08:00 AM,563,563018,BTG_terr,2,,2,
475,2915,15/04/2025,9:37:00 AM,563,563001,BTG_terr,5,,3,
476,2915,15/04/2025,9:32:00 AM,563,563003,BTG_terr,5,,3,
477,2915,15/04/2025,9:07:00 AM,563,563005,BTG_terr,16,,3,
478,2915,15/04/2025,9:07:00 AM,563,563006,BTG_terr,5,,3,
479,2915,15/04/2025,8:59:00 AM,563,563007,BTG_terr,6,,3,
480,2915,15/04/2025,9:27:00 AM,563,563010,BTG_terr,8,"7 foeragerende, tussen tureluurs en kemphanen. terr??",3,
481,2915,15/04/2025,8:38:00 AM,563,563021,BTG_terr,1,,3,
26,686,31/03/2025,10:50:00 AM,564,564002,BTG_terr,1,,1,
28,686,31/03/2025,10:41:00 AM,564,564003,BTG_terr,9,,1,
29,686,31/03/2025,10:31:00 AM,564,564007,BTG_terr,3,,1,
30,686,31/03/2025,10:31:00 AM,564,564009,BTG_terr,14,,1,
31,686,31/03/2025,10:38:00 AM,564,564010,BTG_terr,2,,1,
34,686,31/03/2025,10:06:00 AM,564,564013,BTG_terr,14,,1,
35,686,31/03/2025,10:38:00 AM,564,564014,BTG_terr,2,,1,
36,686,31/03/2025,10:44:00 AM,564,564015,BTG_terr,3,,1,
37,686,31/03/2025,10:48:00 AM,564,564017,BTG_terr,1,,1,
38,686,31/03/2025,10:51:00 AM,564,564018,BTG_terr,2,,1,
39,686,31/03/2025,10:03:00 AM,564,564027,BTG_terr,2,,1,
40,686,31/03/2025,10:02:00 AM,564,564028,BTG_terr,1,,1,
41,686,31/03/2025,10:05:00 AM,564,564042,BTG_terr,5,,1,
243,2915,07/04/2025,10:15:00 AM,564,564002,BTG_terr,2,"EV: 564002 entered twice, unsure if wrong MeadowID used or double.",2,
249,2915,07/04/2025,9:25:00 AM,564,564009,BTG_terr,12,,2,
248,2915,07/04/2025,9:26:00 AM,564,564007,BTG_terr,4,,2,
251,2915,07/04/2025,9:27:00 AM,564,564012,BTG_terr,8,,2,
252,2915,07/04/2025,9:47:00 AM,564,564013,BTG_terr,12,,2,
250,2915,07/04/2025,9:48:00 AM,564,564011,BTG_terr,7,,2,
254,2915,07/04/2025,9:50:00 AM,564,564042,BTG_terr,3,,2,
247,2915,07/04/2025,10:14:00 AM,564,564005,BTG_terr,2,,2,
245,2915,07/04/2025,10:15:00 AM,564,564003,BTG_terr,5,,2,
253,2915,07/04/2025,10:24:00 AM,564,564014,BTG_terr,2,,2,
482,2915,15/04/2025,10:39:00 AM,564,564002,BTG_terr,5,,3,
484,2915,15/04/2025,10:09:00 AM,564,564007,BTG_terr,5,,3,
485,2915,15/04/2025,10:04:00 AM,564,564009,BTG_terr,5,,3,
486,2915,15/04/2025,10:04:00 AM,564,564011,BTG_terr,8,,3,
487,2915,15/04/2025,10:04:00 AM,564,564013,BTG_terr,7,,3,
489,2915,15/04/2025,10:26:00 AM,564,564014,BTG_terr,1,,3,
490,2915,15/04/2025,10:31:00 AM,564,564015,BTG_terr,6,,3,
491,2915,15/04/2025,10:39:00 AM,564,564017,BTG_terr,5,,3,
492,2915,15/04/2025,9:59:00 AM,564,564028,BTG_terr,2,,3,
493,2915,15/04/2025,9:58:00 AM,564,564042,BTG_terr,2,,3,
88,686,02/04/2025,10:24:00 AM,565,565009,BTG_terr,5,,1,TmIrUzRQLTBSOmxIamFaUygoNzQ
89,686,02/04/2025,10:25:00 AM,565,565012,BTG_terr,1,,1,W0J1SHMzOnJlIzxhITZ0TFdRd2o
90,686,02/04/2025,10:27:00 AM,565,565018,BTG_terr,6,,1,R1tZeXAlXUYtalRCWmNdaStUMTs
276,686,08/04/2025,10:14:00 AM,565,565009,BTG_terr,2,,2,LXcyb0VuOzxpKCpdUG5JWlVYZko
277,686,08/04/2025,10:17:00 AM,565,565012,BTG_terr,19,,2,R1ROeTB4QklmTmR2ZTI1ak91SXQ
278,686,08/04/2025,10:18:00 AM,565,565018,BTG_terr,8,,2,WilXbnZAXSU1S0BjOGFdO1A5SUA
495,686,15/04/2025,9:53:00 AM,565,565009,BTG_terr,3,,3,WnRONnZQKnNHQHklRXY6Q3pzKio
496,686,15/04/2025,9:53:00 AM,565,565012,BTG_terr,19,,3,VE9JXSU8bkZdejQjaEZNPmJVcmw
497,686,15/04/2025,9:53:00 AM,565,565018,BTG_terr,2,,3,K3kyJXo1OGp0KVR5M0Y4MjdFQl0
43,686,01/04/2025,9:42:00 AM,566,566003,BTG_terr,2,,1,
44,686,01/04/2025,9:43:00 AM,566,566009,BTG_terr,1,,1,
47,686,01/04/2025,9:49:00 AM,566,566022,BTG_non_terr,6,,1,
48,686,01/04/2025,9:53:00 AM,566,566022,BTG_terr,3,,1,
344,2915,09/04/2025,9:13:00 AM,566,566003,BTG_terr,4,,2,
347,2915,09/04/2025,9:23:00 AM,566,566023,BTG_terr,1,,2,
577,2915,17/04/2025,9:33:00 AM,566,566009,BTG_terr,2,,3,
581,2915,17/04/2025,9:33:00 AM,566,566021,BTG_terr,2,,3,
583,2915,17/04/2025,9:32:00 AM,566,566023,BTG_terr,1,,3,
50,686,01/04/2025,9:39:00 AM,567,567004,BTG_terr,1,,1,
51,686,01/04/2025,9:10:00 AM,567,567006,BTG_terr,3,,1,
52,686,01/04/2025,9:15:00 AM,567,567008,BTG_terr,2,,1,
53,686,01/04/2025,9:21:00 AM,567,567010,BTG_terr,2,,1,
54,686,01/04/2025,9:06:00 AM,567,567022,BTG_terr,2,,1,
55,686,01/04/2025,9:21:00 AM,567,567027,BTG_terr,2,,1,
348,2915,09/04/2025,8:38:00 AM,567,567003,BTG_terr,2,,2,
349,2915,09/04/2025,8:45:00 AM,567,567004,BTG_terr,1,,2,
350,2915,09/04/2025,8:37:00 AM,567,567007,BTG_terr,1,,2,
353,2915,09/04/2025,8:44:00 AM,567,567011,BTG_terr,1,,2,
354,2915,09/04/2025,8:38:00 AM,567,567012,BTG_terr,1,,2,
355,2915,09/04/2025,8:54:00 AM,567,567014,BTG_terr,3,,2,
356,2915,09/04/2025,8:44:00 AM,567,567027,BTG_terr,1,,2,
585,2915,17/04/2025,9:15:00 AM,567,567010,BTG_terr,2,,3,
586,2915,17/04/2025,9:09:00 AM,567,567011,BTG_terr,1,,3,
587,2915,17/04/2025,9:08:00 AM,567,567012,BTG_terr,2,,3,
590,2915,17/04/2025,9:03:00 AM,567,567020,BTG_terr,1,,3,
592,2915,17/04/2025,9:12:00 AM,567,567027,BTG_terr,2,,3,
594,2915,17/04/2025,9:03:00 AM,567,567029,BTG_terr,1,,3,
56,686,01/04/2025,10:00:00 AM,568,568001,BTG_terr,2,,1,
58,686,01/04/2025,10:07:00 AM,568,568018,BTG_terr,2,,1,
59,686,01/04/2025,10:24:00 AM,568,568019,BTG_terr,4,,1,
60,686,01/04/2025,10:17:00 AM,568,568020,BTG_terr,1,,1,
62,686,01/04/2025,10:04:00 AM,568,568022,BTG_terr,8,,1,
63,686,01/04/2025,10:25:00 AM,568,568023,BTG_terr,3,,1,
64,686,01/04/2025,10:25:00 AM,568,568025,BTG_terr,9,,1,
65,686,01/04/2025,10:07:00 AM,568,568026,BTG_terr,2,,1,
67,686,01/04/2025,10:25:00 AM,568,568027,BTG_terr,7,,1,
69,686,01/04/2025,10:10:00 AM,568,568029,BTG_terr,2,,1,
70,686,01/04/2025,9:56:00 AM,568,568030,BTG_terr,4,,1,
71,686,01/04/2025,10:29:00 AM,568,568031,BTG_terr,5,,1,
72,686,01/04/2025,10:07:00 AM,568,568032,BTG_terr,2,,1,
74,686,01/04/2025,10:29:00 AM,568,568035,BTG_terr,1,,1,
76,686,01/04/2025,10:07:00 AM,568,568039,BTG_terr,2,,1,
358,2915,09/04/2025,9:24:00 AM,568,568002,BTG_terr,5,,2,
361,2915,09/04/2025,10:01:00 AM,568,568014,BTG_terr,3,,2,
362,2915,09/04/2025,10:01:00 AM,568,568020,BTG_terr,4,,2,
363,2915,09/04/2025,10:00:00 AM,568,568025,BTG_terr,7,,2,
365,2915,09/04/2025,10:02:00 AM,568,568027,BTG_terr,3,,2,
366,2915,09/04/2025,11:18:00 AM,568,568031,BTG_terr,9,,2,
367,2915,09/04/2025,10:15:00 AM,568,568032,BTG_terr,8,,2,
369,2915,09/04/2025,10:48:00 AM,568,568035,BTG_terr,3,,2,
370,2915,09/04/2025,11:17:00 AM,568,568036,BTG_terr,4,,2,
371,2915,09/04/2025,10:16:00 AM,568,568039,BTG_terr,7,,2,
372,2915,09/04/2025,9:29:00 AM,568,568041,BTG_terr,3,,2,
596,2915,17/04/2025,11:01:00 AM,568,568018,BTG_terr,4,,3,
597,2915,17/04/2025,10:46:00 AM,568,568019,BTG_terr,5,,3,
598,2915,17/04/2025,10:44:00 AM,568,568021,BTG_terr,4,,3,
600,2915,17/04/2025,10:44:00 AM,568,568022,BTG_terr,4,,3,
601,2915,17/04/2025,12:37:00 PM,568,568023,BTG_terr,1,,3,
602,2915,17/04/2025,10:37:00 AM,568,568025,BTG_terr,2,,3,
603,2915,17/04/2025,10:45:00 AM,568,568026,BTG_terr,6,,3,
604,2915,17/04/2025,10:43:00 AM,568,568027,BTG_terr,3,,3,
605,2915,17/04/2025,9:49:00 AM,568,568030,BTG_terr,2,,3,
606,2915,17/04/2025,10:43:00 AM,568,568031,BTG_terr,8,,3,
607,2915,17/04/2025,10:44:00 AM,568,568035,BTG_terr,3,,3,
609,2915,17/04/2025,11:17:00 AM,568,568038,BTG_terr,5,,3,
610,2915,17/04/2025,10:30:00 AM,568,568039,BTG_terr,4,,3,
611,2915,17/04/2025,9:49:00 AM,568,568041,BTG_terr,6,,3,
91,686,02/04/2025,9:27:00 AM,569,569014,BTG_terr,1,,1,VzcpSW9RWFNTeHZDKlcrOUs6TzQ
92,686,02/04/2025,9:48:00 AM,569,569016,BTG_terr,1,,1,KVdUJSo8RHNqaUVyenEmNnd5ZkM
93,686,02/04/2025,9:45:00 AM,569,569019,BTG_terr,9,,1,PCtGenNBbEwzT2k2RCl0SENDZWE
94,686,02/04/2025,9:26:00 AM,569,569020,BTG_terr,2,,1,WGZjODFDUDBAblA2VSsmWW1YXSU
95,686,02/04/2025,9:26:00 AM,569,569024,BTG_terr,2,,1,XSE7IWZPTVtWeU1NV11tRWR5dA
96,686,02/04/2025,9:16:00 AM,569,569025,BTG_terr,1,,1,UVRUTE1LVU5HUlk8W3R3dmFNcy0
97,686,02/04/2025,9:15:00 AM,569,569026,BTG_terr,4,,1,KEcmdSlZUVhqUypOcVpUZUJiPm0
98,686,02/04/2025,9:16:00 AM,569,569027,BTG_terr,6,,1,VnVMaSo6TkBlc3RzSGZvT3BlSDI
100,686,02/04/2025,9:16:00 AM,569,569032,BTG_terr,3,,1,TmpMb1ZddmJaWEhFK0RKc2xwXTE
101,686,02/04/2025,9:56:00 AM,569,569036,BTG_terr,1,,1,I0ZKTFpLbDoybVFxKW06Y0pFdFk
102,686,02/04/2025,9:35:00 AM,569,569046,BTG_terr,2,,1,TmJdNHRxdm04K0hpR3AodzJ4KG0
104,686,02/04/2025,9:09:00 AM,569,569049,BTG_terr,4,,1,RXdVWFlLajZpcWlrJVpMU3hscmU
105,686,02/04/2025,9:40:00 AM,569,569051,BTG_non_terr,37,local birds foraging clustered on wet parcel because of drought,1,KEkyQjkwbWFtMmxBcVljR1o1Kks
279,686,08/04/2025,10:05:00 AM,569,569016,BTG_non_terr,6,in group with curlews,2,TGNwKlRpd2U2cW1rVmlJNnhHVFM
280,686,08/04/2025,9:25:00 AM,569,569018,BTG_terr,4,,2,KEJnN21yPjgqUXlYWWIzdyhBVm8
281,686,08/04/2025,10:04:00 AM,569,569019,BTG_terr,10,,2,S0oqTGgxODhuQWphNVp0UyN0WmU
282,686,08/04/2025,9:29:00 AM,569,569020,BTG_terr,7,,2,SDZ4ITNoOUotYmtOOnlWeWtKdG8
283,686,08/04/2025,9:32:00 AM,569,569021,BTG_terr,1,,2,VlRSNkUrSiMmUnhKZFA2W0dOXVo
284,686,08/04/2025,9:28:00 AM,569,569024,BTG_terr,8,,2,WHM6alEhR3VQY05STjZYbTk2bTQ
285,686,08/04/2025,9:31:00 AM,569,569025,BTG_terr,4,,2,Wzp6cnVxenUlREZ3Zysmc0ZEUyo
286,686,08/04/2025,9:24:00 AM,569,569026,BTG_terr,3,,2,IXRMPFtJJXZSR11GKlFOKkJBbmk
287,686,08/04/2025,9:31:00 AM,569,569027,BTG_terr,6,,2,WWtARl02I0VsSCtubHVISkxTJlA
288,686,08/04/2025,9:24:00 AM,569,569028,BTG_terr,2,,2,KUs2dXAxWztyT0RCRTRESnAyPCk
289,686,08/04/2025,9:59:00 AM,569,569036,BTG_terr,3,,2,Wko6eEBQLSt3MjdiemlDdE90eE8
290,686,08/04/2025,9:49:00 AM,569,569037,BTG_terr,2,,2,QF1DRjwqdTpRSWVNUkZ1K29HQXg
292,686,08/04/2025,9:54:00 AM,569,569051,BTG_non_terr,16,unknown part local birds foraging together because of drought,2,LT5vN3cwdzg7cGpbT2xDaU5ZKCM
499,686,15/04/2025,9:09:00 AM,569,569014,BTG_terr,1,,3,VWtyQG9FMlFCIXNmdWRVIzkmTUc
500,686,15/04/2025,9:05:00 AM,569,569017,BTG_terr,1,,3,LUA6M0A-UFhrQTc0d1lVdGdLQjE
501,686,15/04/2025,9:09:00 AM,569,569018,BTG_terr,3,,3,W2djPno0bm90aVVZQGRZTzppU1E
502,686,15/04/2025,9:40:00 AM,569,569019,BTG_terr,16,"pairs, no group",3,WU9Xc3UqVjNSKjlhVGNuZ2tuZHU
503,686,15/04/2025,9:05:00 AM,569,569020,BTG_terr,4,,3,WlpaTDQxMlVMI0QrM0ZEdmkwQDM
504,686,15/04/2025,9:05:00 AM,569,569024,BTG_terr,6,,3,TylXbDN5XWotbTRRSG5SaXJRSno
505,686,15/04/2025,9:00:00 AM,569,569026,BTG_terr,7,,3,JUVVd2pwRmtwSllxMGI5Jjo5KHQ
506,686,15/04/2025,8:52:00 AM,569,569027,BTG_terr,5,,3,Q0k7IzhdclV0QDFyKW1kMCkhQnA
507,686,15/04/2025,9:36:00 AM,569,569036,BTG_terr,2,,3,W1dtRmJ3PjshZWlYZzF3IWlJMEE
508,686,15/04/2025,9:31:00 AM,569,569037,BTG_terr,1,,3,TlZoY2EmQzBobndSPnZUYkB2aTk
509,686,15/04/2025,8:50:00 AM,569,569039,BTG_terr,1,,3,UVFtY1R3Pmk3WW1ldjRORFspNk4
510,686,15/04/2025,8:50:00 AM,569,569040,BTG_terr,1,,3,Iyt2OlJbOltSWEVsMlZIN1tRaXI
512,686,15/04/2025,9:31:00 AM,569,569049,BTG_terr,2,,3,TDoxKyppS0orMFJOZ3A5UmtURHU
514,686,15/04/2025,9:33:00 AM,569,569051,BTG_terr,5,,3,WDlCd0dHVHU2OkEwdmpGbUZTRys
106,686,02/04/2025,8:53:00 AM,570,570007,BTG_terr,1,,1,VDhkSFNRQD55ekoraFVLWEcpUD4
107,686,02/04/2025,8:43:00 AM,570,570016,BTG_terr,3,,1,RzxQKkRaZjFLQHBCMTd3U2JKPGc
109,686,02/04/2025,8:29:00 AM,570,570022,BTG_terr,5,,1,WygmbUN4ZkYxcSVpcXJvY09CY0A
110,686,02/04/2025,8:48:00 AM,570,570023,BTG_terr,4,,1,R0x3cE5bKCNzVi0wUnZbZVVzR2U
111,686,02/04/2025,8:17:00 AM,570,570027,BTG_terr,2,,1,Wnl6SXhwZCsqdnZpMUstYTFAWjg
112,686,02/04/2025,8:43:00 AM,570,570038,BTG_terr,2,,1,RTtLMUhmMGxXWl04Wk5hW2duamc
114,686,02/04/2025,8:29:00 AM,570,570042,BTG_terr,2,,1,RnpjYXM5VzVNbTdERE1VellkbzU
293,686,08/04/2025,9:12:00 AM,570,570007,BTG_terr,7,,2,W2lDPEo-Mj5rZHJdZmcqNHchODk
294,686,08/04/2025,9:11:00 AM,570,570009,BTG_terr,1,,2,JjFHVEgmK2E1TCh6Z1owMWYoWyo
295,686,08/04/2025,9:11:00 AM,570,570016,BTG_terr,2,,2,THMtOkRRTltMcXZrcWY8VG1rKW4
297,686,08/04/2025,9:11:00 AM,570,570018,BTG_terr,1,,2,TlFLS0tDZyFjZWVBYWFTQU10ZEQ
298,686,08/04/2025,9:12:00 AM,570,570022,BTG_terr,2,,2,ITRqZ2ZTKFJDdmRzMVUocip3WGc
299,686,08/04/2025,9:11:00 AM,570,570023,BTG_terr,2,,2,WypURVk8bU91bW5denhsaCUqbjw
302,686,08/04/2025,9:11:00 AM,570,570042,BTG_terr,6,,2,RnUhc0FuMz5DNiorT1BIbi06OTs
515,686,15/04/2025,8:41:00 AM,570,570007,BTG_terr,1,,3,RjZNK2NOWGN3Kmc8R0FBcDY7S3M
516,686,15/04/2025,8:27:00 AM,570,570009,BTG_terr,1,,3,UCNjbiZHXTI3b3FIMngzYkVsbEI
517,686,15/04/2025,8:41:00 AM,570,570016,BTG_terr,6,,3,WjtWbVJXODg5ak8oeEY6QXM4Rg
519,686,15/04/2025,8:40:00 AM,570,570022,BTG_terr,3,,3,WTdxKmpQbSl3TiExejtKaG1TRXc
520,686,15/04/2025,8:40:00 AM,570,570023,BTG_terr,2,,3,SWVJQCpyZ3d1bVl1aTprdj5saDg
522,686,15/04/2025,8:41:00 AM,570,570038,BTG_terr,4,,3,U2Q0ODVTMigrMGZ0MlNybmM7WTY
523,686,15/04/2025,8:40:00 AM,570,570042,BTG_terr,3,,3,TmZab2lpUzojVFVIIStlN2NtRDI
116,686,02/04/2025,10:20:00 AM,571,571002,BTG_terr,3,,1,WXYoblZOMnliV0Upb09acWhIPFg
117,686,02/04/2025,10:13:00 AM,571,571003,BTG_terr,4,,1,RHc7OFJVKnU0V05zPF1sZ2FpUUY
118,686,02/04/2025,10:02:00 AM,571,571005,BTG_terr,8,,1,KEFVQWoxRkBPdWlkdG13TClpQyo
120,686,02/04/2025,10:17:00 AM,571,571006,BTG_terr,2,,1,SnU6KDFAOUZ2OWxnWGI1YU9IV0c
121,686,02/04/2025,9:59:00 AM,571,571007,BTG_terr,1,,1,Rj5bKkxrOkdnSFd4XUpAckpmeW8
122,686,02/04/2025,10:17:00 AM,571,571009,BTG_terr,2,,1,SXl6NDp6Vy1ATlUlcHRhLVlGZyU
123,686,02/04/2025,10:17:00 AM,571,571010,BTG_terr,2,,1,SHBONW9QLTlDNnJdO0NuUTA3bWg
124,686,02/04/2025,10:02:00 AM,571,571011,BTG_terr,3,,1,UCNQRUZ5cGVJQzRxWW1GNUR0cng
126,686,02/04/2025,10:02:00 AM,571,571012,BTG_terr,11,,1,KnAjSHJVKipJSEhII2wyKmghWSs
127,686,02/04/2025,10:40:00 AM,571,571020,BTG_terr,1,,1,QGZrW2Q6OjElbSF0cWl3KU9nUFQ
128,686,02/04/2025,10:31:00 AM,571,571025,BTG_terr,2,,1,JmdXWzw6WjhONFc7UTBLdk4hTig
130,686,02/04/2025,9:57:00 AM,571,571026,BTG_terr,3,,1,WVlNKm9HVThYTDd5bCFmTng5cXA
131,686,02/04/2025,9:57:00 AM,571,571027,BTG_terr,1,,1,SERPPkJyU1YqKlstKilBeTdzZXE
132,686,02/04/2025,10:31:00 AM,571,571030,BTG_terr,1,,1,UzxRQGpMaWtOTXBvci1BeTB2QCo
133,686,02/04/2025,10:40:00 AM,571,571034,BTG_terr,1,,1,VnYqTkpAdWNjUG1zeERsZTYrOGw
134,686,02/04/2025,10:12:00 AM,571,571040,BTG_terr,2,,1,RFBUWGRCPGZZJmRdPEddPktAJnQ
135,686,02/04/2025,9:58:00 AM,571,571041,BTG_terr,1,,1,JmEwOSNOdmVbdSNCTm1IOVB2WXI
255,686,07/04/2025,10:27:00 AM,571,571003,BTG_terr,4,,2,ISZSM101O0YhVEpJKUMxMUFZWiM
256,686,07/04/2025,10:23:00 AM,571,571005,BTG_terr,5,,2,VUQxSVg5UlJKbU5McURmQHByNWo
257,686,07/04/2025,10:43:00 AM,571,571006,BTG_terr,2,,2,IzlEYkFJVFBXaVddKmhTNnNtdVE
258,686,07/04/2025,10:21:00 AM,571,571007,BTG_terr,1,,2,RzVtVTFbbXd3QFsqamNvbmpodGk
259,686,07/04/2025,10:27:00 AM,571,571010,BTG_terr,2,,2,UlYwZlkqektGQ3U7ZSt0diZYbCU
260,686,07/04/2025,10:23:00 AM,571,571012,BTG_terr,11,,2,R0d4U2pbWzZUblQmcXZwPnRrO1Q
261,686,07/04/2025,10:49:00 AM,571,571020,BTG_terr,2,,2,JkBJIztXQ1kxT2Jmbj5FQCM6Jg
262,686,07/04/2025,10:43:00 AM,571,571023,BTG_terr,2,,2,VFlyK1FkUUBAKzldQFhQRjNmZlY
264,686,07/04/2025,10:46:00 AM,571,571025,BTG_terr,3,,2,XVU7K3dNQ0hIZU4rQzMqNiNBVnY
266,686,07/04/2025,10:23:00 AM,571,571034,BTG_terr,3,,2,PmIqSFh0Uy1obDJ1dWdJPmp6PGU
267,686,07/04/2025,10:26:00 AM,571,571040,BTG_terr,3,,2,STk1VnNRKDQwKGNETmt6K0cmZmU
268,686,07/04/2025,10:21:00 AM,571,571041,BTG_terr,2,,2,JTlsO0U1O0tBd3pMUT4lbTErd3c
270,686,07/04/2025,10:48:00 AM,571,571051,BTG_terr,2,,2,VUVRNTNPJWk6ZWVPWHFAcmF2bmU
271,686,07/04/2025,10:48:00 AM,571,571052,BTG_terr,1,,2,PlszOkluZ1EzMEJld1ZyZEhMUzA
455,686,14/04/2025,10:16:00 AM,571,571041,BTG_terr,2,,3,KUArM3Y1VHUqa0psOCNbNktiOzU
444,686,14/04/2025,10:20:00 AM,571,571007,BTG_terr,1,,3,UkJdPkJsMUspNThtIzdZaDBEdDY
452,686,14/04/2025,10:20:00 AM,571,571026,BTG_terr,2,,3,UylLZnVHTTIoQ2N4JlpSLUI5Ujg
448,686,14/04/2025,10:33:00 AM,571,571012,BTG_terr,11,,3,V3dnXTtCc0ZkZk5wOFNzVytHazo
442,686,14/04/2025,10:34:00 AM,571,571005,BTG_terr,8,,3,VW92NitVN2xDIU08VERbKGU8bUk
454,686,14/04/2025,10:35:00 AM,571,571040,BTG_terr,3,,3,UDE8T2RIZyo0Z1tHeV0mbnpZWSY
440,686,14/04/2025,10:36:00 AM,571,571002,BTG_terr,2,,3,WVdjNVdSVXAoWUVCWVYzTTR4YTc
441,686,14/04/2025,10:40:00 AM,571,571003,BTG_terr,6,,3,KHlbW3RJKk1RKmxYVD4hPjMhJmk
445,686,14/04/2025,10:43:00 AM,571,571009,BTG_terr,3,,3,VFtRWEtvamYyMXVUU1dzXVJAUEE
446,686,14/04/2025,10:43:00 AM,571,571011,BTG_terr,1,,3,RTpqYiFoYTUqUShxUTt2dFo8b2c
443,686,14/04/2025,10:44:00 AM,571,571006,BTG_terr,1,,3,SEhMQCpPMypPO2FBTWRNZWl2WCs
451,686,14/04/2025,10:47:00 AM,571,571023,BTG_terr,4,,3,WXJWKVpvRiYrVUVscjVTVDRVcio
449,686,14/04/2025,10:55:00 AM,571,571025,BTG_terr,2,,3,UktuNVZGNUgxMW90TV1SMjtCZDE
457,686,14/04/2025,10:56:00 AM,571,571051,BTG_terr,2,,3,Sj5CKGo3REk2Oi1EdzVQNVYqYjs
459,686,14/04/2025,10:56:00 AM,571,571052,BTG_terr,2,,3,RUdMMSN5R1U6KEJqb1U8Oys8I3I
453,686,14/04/2025,10:57:00 AM,571,571034,BTG_terr,3,,3,ITAyRjBnajFHQTZneSVRQlFpVzY
79,686,01/04/2025,11:04:00 AM,572,572002,BTG_terr,3,,1,
80,686,01/04/2025,11:04:00 AM,572,572004,BTG_terr,4,,1,
306,2915,08/04/2025,9:24:00 AM,572,572004,BTG_terr,9,,2,
461,2915,14/04/2025,9:26:00 AM,572,572004,BTG_terr,5,,3,
84,686,01/04/2025,10:47:00 AM,573,573000,BTG_terr,0,,1,
310,2915,08/04/2025,10:13:00 AM,573,573000,BTG_terr,0,no btg terr,2,
464,2915,14/04/2025,9:49:00 AM,573,573000,BTG_terr,0,no btg terr in this polder,3,
153,686,03/04/2025,8:27:00 AM,574,574003,BTG_terr,2,,1,
154,686,03/04/2025,8:26:00 AM,574,574008,BTG_terr,14,,1,
157,686,03/04/2025,8:25:00 AM,574,574012,BTG_terr,10,,1,
158,686,03/04/2025,8:22:00 AM,574,574014,BTG_terr,1,,1,
160,686,03/04/2025,8:14:00 AM,574,574015,BTG_terr,1,,1,
161,686,03/04/2025,8:27:00 AM,574,574017,BTG_terr,1,,1,
374,686,09/04/2025,8:28:00 AM,574,574003,BTG_terr,2,,2,RklpLWg-RiYqMWY6KGctWnZVcjs
376,686,09/04/2025,8:34:00 AM,574,574008,BTG_terr,8,,2,WzRIODspTnYqZCkpW1o6TzhwYmE
377,686,09/04/2025,8:35:00 AM,574,574012,BTG_terr,1,,2,SC1Yb1I-Y2smSkg5b3FtZGY4MFk
378,686,09/04/2025,8:20:00 AM,574,574013,BTG_terr,1,,2,RSl6TjhpXUx4N3JzeCEhSHhQalo
379,686,09/04/2025,8:18:00 AM,574,574015,BTG_terr,1,,2,TSkrSiZEVitlUihlWUdPTXhz
380,686,09/04/2025,8:37:00 AM,574,574026,BTG_terr,3,,2,SypHPkg7NHFbSzRIV1NzNDkoW3c
540,686,16/04/2025,8:47:00 AM,574,574008,BTG_terr,9,,3,V3IpQm1qbFBAby0qKlJWO1pLPHo
541,686,16/04/2025,8:48:00 AM,574,574012,BTG_terr,3,,3,WGUqOXpYUnE7bTlwJUR2WEQqQ0g
542,686,16/04/2025,8:55:00 AM,574,574014,BTG_terr,1,,3,WEo3d1M7cFtvW0ViSlUlSVRJYXg
543,686,16/04/2025,8:50:00 AM,574,574017,BTG_terr,3,,3,UlN1TTNtMWo3eTZJPFVpYT44UGo
544,686,16/04/2025,8:47:00 AM,574,574026,BTG_terr,5,,3,TjwyRltUJm9iamhzUCNJaSZNbEc
162,686,03/04/2025,9:47:00 AM,575,575004,BTG_terr,1,,1,
163,686,03/04/2025,9:18:00 AM,575,575005,BTG_terr,5,,1,
164,686,03/04/2025,9:30:00 AM,575,575007,BTG_terr,2,,1,
165,686,03/04/2025,9:56:00 AM,575,575009,BTG_terr,8,,1,
166,686,03/04/2025,9:40:00 AM,575,575010,BTG_terr,1,,1,
167,686,03/04/2025,9:51:00 AM,575,575013,BTG_terr,3,,1,
168,686,03/04/2025,9:52:00 AM,575,575015,BTG_terr,4,,1,
169,686,03/04/2025,10:05:00 AM,575,575016,BTG_terr,6,,1,
170,686,03/04/2025,9:35:00 AM,575,575018,BTG_terr,2,,1,
172,686,03/04/2025,9:35:00 AM,575,575019,BTG_terr,1,,1,
173,686,03/04/2025,9:21:00 AM,575,575020,BTG_terr,6,,1,
174,686,03/04/2025,9:17:00 AM,575,575021,BTG_terr,9,,1,
175,686,03/04/2025,8:59:00 AM,575,575022,BTG_terr,20,,1,
177,686,03/04/2025,8:53:00 AM,575,575023,BTG_terr,9,,1,
178,686,03/04/2025,9:37:00 AM,575,575025,BTG_terr,6,,1,
180,686,03/04/2025,9:41:00 AM,575,575026,BTG_terr,2,,1,
381,686,09/04/2025,9:45:00 AM,575,575004,BTG_terr,5,,2,KU0mayVuQ0p5dipsVkVLS0pIRkE
383,686,09/04/2025,9:11:00 AM,575,575005,BTG_terr,6,,2,UXd1PlAjSHgpNF15aGgrbSo0R3M
384,686,09/04/2025,9:53:00 AM,575,575009,BTG_terr,5,,2,U2V0NXpYalYmKlFRYmZ1KVhATU0
385,686,09/04/2025,9:50:00 AM,575,575013,BTG_terr,3,,2,IyhaY3kxM3AwdStkQHJDR3hnWkw
386,686,09/04/2025,9:56:00 AM,575,575016,BTG_terr,6,,2,UTpoby1GPGlOJnJzSU81S1Q6NjU
388,686,09/04/2025,9:20:00 AM,575,575019,BTG_terr,2,,2,WVorcWxnPmVDMGFubXpEb1hqWVY
389,686,09/04/2025,9:15:00 AM,575,575020,BTG_terr,4,,2,W2JNVmI6UT5pb2g1bldWRTpwQGs
390,686,09/04/2025,9:11:00 AM,575,575021,BTG_terr,9,,2,LWFvZm9Xd1tXLUh4ZGcrb2M7NCM
391,686,09/04/2025,9:05:00 AM,575,575022,BTG_terr,7,,2,VGdISWlJIzpsJW5UbmFxI0wmNFM
392,686,09/04/2025,8:57:00 AM,575,575023,BTG_terr,11,,2,JnRLTCY7KE1BYjJBTSVmaEBvUD4
393,686,09/04/2025,9:04:00 AM,575,575024,BTG_terr,3,,2,UUJEb3lmdGJ0cDk0PldENDRIemk
394,686,09/04/2025,9:22:00 AM,575,575025,BTG_terr,2,,2,RE1DXVomZU9hd1dPdTZTKTg5SA
546,686,16/04/2025,9:19:00 AM,575,575005,BTG_terr,7,,3,KGtnZHB0VEgwOmRzJVpiazZBSyo
547,686,16/04/2025,9:44:00 AM,575,575007,BTG_terr,2,,3,TmJ5b2tCYy02NXpnTEBxd1lrRSs
549,686,16/04/2025,9:44:00 AM,575,575009,BTG_terr,12,,3,W3A7OSFAbipJR3laYVsyRUgjaVc
550,686,16/04/2025,10:00:00 AM,575,575016,BTG_terr,12,,3,Q103Q2U6YkJ4b1s0VEQ3aFJLaTo
551,686,16/04/2025,10:00:00 AM,575,575017,BTG_terr,1,,3,S3FHQUdMYm1pYSZxdEhtM0lweXI
552,686,16/04/2025,9:29:00 AM,575,575019,BTG_terr,5,,3,UCtZM01tQT5mXTd3bHZGVTY2OGc
553,686,16/04/2025,9:23:00 AM,575,575020,BTG_terr,7,,3,WnJ0VFpbOSU0KU4oO0NIVFJtWEQ
554,686,16/04/2025,9:10:00 AM,575,575021,BTG_terr,12,,3,TSZsNWRaRz40dm4wU3JaU0BVQVU
555,686,16/04/2025,9:08:00 AM,575,575022,BTG_terr,7,,3,KkUxNno-S0hlWFtOZ1c-VFBmXVA
556,686,16/04/2025,9:03:00 AM,575,575023,BTG_terr,9,,3,SWhZZncrc2glNEoyVHFGckVwZE0
557,686,16/04/2025,9:08:00 AM,575,575024,BTG_terr,8,,3,Sk5HWzgoZzMqJWEqRWtiZDcmVA
558,686,16/04/2025,9:57:00 AM,575,575025,BTG_terr,2,,3,TyZbKG52VDxKR2haRDJOLTB6YkU
559,686,16/04/2025,9:44:00 AM,575,575026,BTG_terr,1,,3,SyFIVyp5VHVMcHJoPE9TNnBvJWE
181,686,04/04/2025,10:14:00 AM,576,576002,BTG_terr,2,,1,
182,686,04/04/2025,10:15:00 AM,576,576003,BTG_terr,2,,1,
183,686,04/04/2025,10:14:00 AM,576,576004,BTG_terr,4,,1,
185,686,04/04/2025,10:14:00 AM,576,576005,BTG_terr,1,,1,
186,686,04/04/2025,10:14:00 AM,576,576024,BTG_terr,2,,1,
187,686,04/04/2025,10:16:00 AM,576,576025,BTG_terr,1,,1,
312,2915,08/04/2025,10:35:00 AM,576,576001,BTG_terr,1,,2,
313,2915,08/04/2025,10:15:00 AM,576,576002,BTG_terr,3,,2,
316,2915,08/04/2025,10:13:00 AM,576,576004,BTG_terr,5,,2,
315,2915,08/04/2025,10:34:00 AM,576,576005,BTG_terr,4,,2,
469,2915,14/04/2025,10:05:00 AM,576,576005,BTG_terr,1,,3,
471,2915,14/04/2025,10:20:00 AM,576,576024,BTG_terr,2,,3,
467,2915,14/04/2025,10:21:00 AM,576,576001,BTG_terr,3,,3,
472,2915,14/04/2025,10:21:00 AM,576,576025,BTG_terr,2,,3,
470,2915,14/04/2025,10:22:00 AM,576,576022,BTG_terr,1,Can hear grutto's from Heidenskip side of water,3,
191,686,04/04/2025,8:52:00 AM,577,577012,BTG_terr,2,,1,
192,686,04/04/2025,8:44:00 AM,577,577021,BTG_terr,3,,1,
398,2915,10/04/2025,9:04:00 AM,577,577021,BTG_terr,4,,2,
401,2915,10/04/2025,9:03:00 AM,577,577032,BTG_terr,1,,2,
560,2915,16/04/2025,9:49:00 AM,577,577003,BTG_terr,3,,3,
561,2915,16/04/2025,9:34:00 AM,577,577005,BTG_terr,1,,3,
564,2915,16/04/2025,9:35:00 AM,577,577021,BTG_terr,7,,3,
566,2915,16/04/2025,9:56:00 AM,577,577026,BTG_terr,1,"foraging between kokmeeuwen, after manuring. so nonterr??",3,
568,2915,16/04/2025,9:35:00 AM,577,577032,BTG_terr,2,,3,
194,686,04/04/2025,9:24:00 AM,578,578005,BTG_terr,6,,1,
195,686,04/04/2025,9:32:00 AM,578,578010,BTG_terr,2,,1,
197,686,04/04/2025,9:04:00 AM,578,578014,BTG_terr,4,,1,
198,686,04/04/2025,9:01:00 AM,578,578015,BTG_terr,4,,1,
199,686,04/04/2025,9:04:00 AM,578,578019,BTG_terr,1,,1,
201,686,04/04/2025,9:06:00 AM,578,578025,BTG_terr,1,,1,
203,686,04/04/2025,9:07:00 AM,578,578031,BTG_terr,4,,1,
205,686,04/04/2025,9:01:00 AM,578,578040,BTG_terr,2,,1,
206,686,04/04/2025,9:31:00 AM,578,578041,BTG_terr,1,,1,
404,2915,10/04/2025,10:49:00 AM,578,578005,BTG_terr,7,,2,
405,2915,10/04/2025,11:12:00 AM,578,578009,BTG_terr,3,,2,
406,2915,10/04/2025,10:28:00 AM,578,578011,BTG_terr,4,,2,
409,2915,10/04/2025,10:28:00 AM,578,578015,BTG_terr,8,,2,
410,2915,10/04/2025,10:03:00 AM,578,578019,BTG_terr,5,,2,
412,2915,10/04/2025,9:55:00 AM,578,578025,BTG_terr,2,both not ringed,2,
569,2915,16/04/2025,10:57:00 AM,578,578010,BTG_terr,2,,3,
573,2915,16/04/2025,10:59:00 AM,578,578015,BTG_terr,5,,3,
574,2915,16/04/2025,10:18:00 AM,578,578025,BTG_terr,8,,3,
575,2915,16/04/2025,10:35:00 AM,578,578031,BTG_terr,1,,3,
1843,3170,08/04/2025,9:05:00 AM,579,579004,BTG_terr,0,,2,Q0RXbW53YlFTWElDMms6N1syNzg
1846,3170,08/04/2025,9:20:00 AM,579,579030,BTG_non_terr,1,,2,TF0pOnFBZUVUQlImPFgqMHE2Mm0
1847,3170,08/04/2025,9:21:00 AM,579,579033,BTG_terr,4,,2,JU1NMmdQYkAmQGJqYUpPZWl4OXQ
1848,3170,08/04/2025,9:24:00 AM,579,579035,BTG_terr,2,,2,PkJIeHd3djRNOmk5Zy0yd09EMHQ
1841,3170,08/04/2025,9:01:00 AM,579,579051,BTG_terr,2,,2,IT5Md1E6QipsNDdKRmF1a1c1Unc
1795,3170,02/04/2025,11:56:00 AM,579,579022,BTG_non_terr,6,,1,Pl02czV1PjZNZDZsc1FObmlnJWk
1786,3170,02/04/2025,11:19:00 AM,579,579026,BTG_non_terr,3,,1,KjViK1UlT2o0IXZSanRjSkM1KkA
1793,3170,02/04/2025,11:46:00 AM,579,579035,BTG_terr,2,,1,VTViSyoqbFclQmRhOTJWN29zMG4
1792,3170,02/04/2025,11:45:00 AM,579,579041,BTG_terr,4,,1,VlgqMmowa25CVj56dDVmSCowKXY
1789,3170,02/04/2025,11:37:00 AM,579,579051,BTG_non_terr,2,,1,WXJJNnMyXXlGQ2xGWlRuSWkmT0s
1692,3170,14/04/2025,11:25:00 AM,579,579005,BTG_terr,2,,3,KW1ZenElWzZ3aElFKVVRSyopdHM
1689,3170,14/04/2025,11:20:00 AM,579,579026,BTG_terr,2,,3,T0FUNVhMcSh3ZmlXM2JqJnF2akI
1693,3170,14/04/2025,11:26:00 AM,579,579031,BTG_terr,2,,3,Kmw4MnVPM2lxMD50IzNkN24rMVc
1690,3170,14/04/2025,11:25:00 AM,579,579033,BTG_terr,4,,3,WXdAcUs4bUErUzVdakRaSGN3QmU
1691,3170,14/04/2025,11:25:00 AM,579,579035,BTG_terr,4,,3,LSUtJVcyY0UtZEEzbiFxTDhATm0
1688,3170,14/04/2025,11:12:00 AM,579,579041,BTG_terr,8,,3,UHA4YUFwSEhkYiVMMmpMOjdCaFI
3692,938,14/04/2025,11:31:00 AM,7,7000,BTG_terr,8,"EV: 7000 entered twice, unsure if wrong MeadowID used or double.",3,VWtyOUxGUUMqKm88XVVmUy0hZVc
5309,2627,04/04/2025,8:58:00 AM,16,16078,BTG_terr,3,"EV: 16078 entered twice, different count and time so probably wrong MeadowID entered.",1,WTAtUHBlQ280KHdabmYmPHJ6a1A
5317,2627,04/04/2025,8:49:00 AM,16,16079,BTG_terr,2,"EV: 16079 entered twice, different count and time so probably wrong MeadowID entered.",1,RmtELShHWWstRnJqMXJrQWNnPmg
5462,2627,10/04/2025,9:17:00 AM,16,16037,BTG_terr,2,"EV: 16037 entered twice, unsure if wrong MeadowID used or double.",2,VCoyWG4oRUorZSZYcEsybzRRW2E
5575,2627,17/04/2025,11:07:00 AM,16,16077,BTG_terr,6,"EV: 16077 entered twice, unsure if wrong MeadowID used or double.",3,R0ZkaFRFR282LTZyUWg1LV1RRks
5399,2627,09/04/2025,11:00:00 AM,17,17189,BTG_terr,4,"EV: 17189 entered twice, unsure if wrong MeadowID used or double.",2,VWhRZHhnYUtWZTR4big6SSFJSg
5283,2627,03/04/2025,11:10:00 AM,66,66011,BTG_terr,2,"EV: 66011 entered twice, probably wrong MeadowID entered.",1,U2FtPGgxViVjM0N0JXpEcDFOOEg
1429,2568,08/04/2025,9:53:00 AM,69,69014,BTG_terr,14,"EV: 69014 entered twice, unsure if wrong MeadowID used or double.",2,
1348,2568,14/04/2025,9:00:00 AM,69,69015,BTG_terr,4,"EV: 69015 entered twice, unsure if wrong MeadowID used or double.",3,
1316,2568,14/04/2025,11:51:00 AM,69,69024,BTG_terr,6,"EV: 69024 entered twice, unsure if wrong MeadowID used or double.",3,
3257,3172,01/04/2025,10:21:00 AM,116,116023,BTG_terr,17,"EV: 66011 entered twice, probably wrong MeadowID entered.",1,UjlHPjRpa3YmTGhsRjtZWCthQ0I
1866,3170,08/04/2025,11:34:00 AM,142,142025,BTG_terr,4,"EV: 142025 entered twice, unsure if wrong MeadowID used or double.",2,TkshXUdSYmQrU11QXT5vWXlZMCE
1712,3170,16/04/2025,11:03:00 AM,142,142014,BTG_terr,2,"EV: 142014 entered twice, unsure if wrong MeadowID used or double.",3,U3R0MGooUFJnQFZNV0JLOEVpanE
1708,3170,16/04/2025,9:59:00 AM,142,142025,BTG_terr,2,"EV: 142025 entered twice, unsure if wrong MeadowID used or double.",3,VFtDekpLeUhhaVlPIytFc01CN10
1657,1366,11/04/2025,9:56:00 AM,146,146020,BTG_terr,1,,2,U08hbjd6ZlN6KjVOdTZQOndvd1I
5432,2627,08/04/2025,10:33:00 AM,154,154012,BTG_terr,1,"EV: 154012 entered twice, unsure if wrong MeadowID used or double.",2,WXpTaTZTNVQ8VERwZ1NuNChsQGI
5438,2627,08/04/2025,10:49:00 AM,155,155036,BTG_terr,3,"EV: 155036 entered twice, unsure if wrong MeadowID used or double.",2,VlRrPlFzeHZmMCYpI1MwK3BTQVQ
1740,3170,31/03/2025,9:02:00 AM,158,158014,BTG_terr,4,EV: double entry with same time and number removed,1,WTx5UyNoc0dJY1lnZGYoN2hlKyM
244,2915,07/04/2025,10:26:00 AM,564,564002,BTG_terr,2,"EV: 564002 entered twice, unsure if wrong MeadowID used or double.",2,
447,686,14/04/2025,10:43:00 AM,571,571010,BTG_terr,2,,3,TWk8TVtaQXpXUW5MZSZ6Q3NIbmg
450,686,14/04/2025,10:55:00 AM,571,571020,BTG_terr,3,,3,KnctcDBmNFk2QWo2UjlOKDtBJks
468,2915,14/04/2025,10:30:00 AM,576,576002,BTG_terr,2,,3,
1844,3170,08/04/2025,9:13:00 AM,579,579033,BTG_terr,4,,2,IVk2eWk5aSlyNChGcGJRVDtXUEg
1845,3170,08/04/2025,9:16:00 AM,579,579041,BTG_terr,10,,2,JWxmWVY7KE9mS1NYOlgteU9wdkw